============================================================
  AI TRADING SIMULATION SCHEDULER
  Symbol: BTC | 6 Configs | $10,000 Each | Hourly
============================================================

Interval: Every 60 minutes
Press Ctrl+C to stop


############################################################
  RUN #1
############################################################

============================================================
  Trading Simulation Run: 2026-01-01T22:02:20.743983
  Symbol: BTC | Starting Capital: $10,000
============================================================

BTC Price: $87,851.03

[llama3.1-8b] (basic) - Portfolio: $10,000.00
    [Tool] get_portfolio({"symbol": "BTC"})
    [Tool] get_portfolio -> {
  "symbol": "BTC",
  "current_price": 87851.03,
  "starting_capital": 10000.0,
  "portfolio_value": 10000.0,
  "available_cash": 10000.0,
  "total_pnl": 0.0,
  "total_pnl_percent": 0.0,
  "total_fees_paid": 0.0,
  "trades_completed": 0,
  "has_position": false
}
    [Tool] get_portfolio({"symbol": "BTC"})
    [Tool] get_portfolio -> {
  "symbol": "BTC",
  "current_price": 87851.03,
  "starting_capital": 10000.0,
  "portfolio_value": 10000.0,
  "available_cash": 10000.0,
  "total_pnl": 0.0,
  "total_pnl_percent": 0.0,
  "total_fees_paid": 0.0,
  "trades_completed": 0,
  "has_position": false
}
    [Tool] buy({"usd_amount": 9000, "symbol": "BTC"})
    [Tool] buy -> Bought 0.10244616 BTC for $9,000.00 at $87,851.03 (fee: $9.00)
  -> BUY | 3 tools
[llama3.1-8b] (membit) - Portfolio: $10,000.00
    [Tool] get_portfolio({"symbol": "BTC"})
    [Tool] get_portfolio -> {
  "symbol": "BTC",
  "current_price": 87851.03,
  "starting_capital": 10000.0,
  "portfolio_value": 10000.0,
  "available_cash": 10000.0,
  "total_pnl": 0.0,
  "total_pnl_percent": 0.0,
  "total_fees_paid": 0.0,
  "trades_completed": 0,
  "has_position": false
}
    [Tool] search_posts({"query": "Bitcoin price drop", "limit": 50})
    [Membit] post_search('Bitcoin price drop') raw response: {'posts': [{'id': 894763341, 'uuid': '416a63b6-1f46-2795-93a8-5f09a8bf03a3', 'author': {'handle': '@LarkDavis', 'name': 'Lark Davis', 'profile_image': 'https://img.membit.ai/v2/a46be407-f859-c259-5ec2-1764e1c9a7ab.jpeg'}, 'content': 'Gold down 3% for the day\n\nSilver down 8%\n\nIs it time for Bitcoin to finally pump?', 'url': 'https://x.com/LarkDavis/status/2005644131498951111', 'timestamp': '2025-12-29T14:16:38Z', 'engagement': {'likes': 728, 'replies': 294, 'retweets': 55}, 'mentioned': None, 'search_score': 0.5003024597219874}, {'id': 906282706, 'uuid': '76f0c0bb-fec9-5aeb-43e3-01d0ecf946f0', 'author': {'handle': '@Coinvo', 'name': 'Coinvo', 'profile_image': 'https://img.membit.ai/v2/b8aec843-16ec-53d7-c492-dd476bebec5e.jpeg'}, 'content': 'JUST IN: Bitcoin drops below $88,000!', 'url': 'https://x.com/Coinvo/status/2006383611499474956', 'timestamp': '2025-12-31T15:15:04Z', 'engagement': {'likes': 288, 'replies': 14, 'retweets': 9}, 'mentioned': None, 'search_score': 0.490502387976423}, {'id': 903963656, 'uuid': '16f80ae8-cc22-19fb-47bf-50abba457b69', 'author': {'handle': '@Bitcoin_Teddy', 'name': 'Bitcoin Teddy', 'profile_image': ''}, 'content': 'History of #Bitcoin’s Market Price https://t.co/fAuOof4PbF', 'url': 'https://x.com/Bitcoin_Teddy/status/2006245937094570213', 'timestamp': '2025-12-31T06:08:00Z', 'engagement': {'likes': 375, 'replies': 21, 'retweets': 64}, 'mentioned': None, 'search_score': 0.48538128839515515}, {'id': 897239594, 'uuid': '771fc199-c903-6470-ab99-73d231f7aedf', 'author': {'handle': '@IIICapital', 'name': 'Joe Burnett, MSBA', 'profile_image': 'https://img.membit.ai/v2/daaccb54-2f6d-1b2e-a951-d6515614e2ea.jpeg'}, 'content': 'Could bitcoin go lower?\n\nAbsolutely!\n\nIs it worth trying to time the bottom?\n\nAbsolutely not!', 'url': 'https://x.com/IIICapital/status/2005773983547822509', 'timestamp': '2025-12-29T22:52:37Z', 'engagement': {'likes': 196, 'replies': 29, 'retweets': 4}, 'mentioned': None, 'search_score': 0.4848171249266291}, {'id': 906763251, 'uuid': 'ae07a370-adeb-95ef-e1f3-bd5daa39943f', 'author': {'handle': '@TrendingBitcoin', 'name': 'Trending Bitcoin', 'profile_image': ''}, 'content': 'Gold vs #Bitcoin https://t.co/jPhFdEaRpX', 'url': 'https://x.com/TrendingBitcoin/status/2006410773476814965', 'timestamp': '2025-12-31T17:03:00Z', 'engagement': {'likes': 231, 'replies': 4, 'retweets': 49}, 'mentioned': None, 'search_score': 0.47467456069913005}, {'id': 896680621, 'uuid': '190efad8-3cb1-84f8-81c4-53f59fbced15', 'author': {'handle': '@saylordocs', 'name': 'Documenting Saylor', 'profile_image': ''}, 'content': "True story!\nWhat's Happening with Bitcoin?? https://t.co/b8CHPK7J46", 'url': 'https://x.com/saylordocs/status/2005769547853488172', 'timestamp': '2025-12-29T22:35:00Z', 'engagement': {'likes': 1380, 'replies': 35, 'retweets': 254}, 'mentioned': None, 'search_score': 0.46170593502351465}, {'id': 910067780, 'uuid': '3774ab82-4126-6153-f66d-800bfb6e717c', 'author': {'handle': '@coinvestasi', 'name': 'Coinvestasi', 'profile_image': ''}, 'content': 'Pertama Kalinya Dalam 14 Tahun, Pola Harga Bitcoin Berubah! https://t.co/5ZUDHpKmoi', 'url': 'https://x.com/coinvestasi/status/2006640851699847465', 'timestamp': '2026-01-01T08:17:15Z', 'engagement': {'likes': 147, 'replies': 20, 'retweets': 14}, 'mentioned': None, 'search_score': 0.45278843277443026}, {'id': 898283857, 'uuid': 'd1f91dc0-af5f-6d0d-20a6-be9d0fed2f83', 'author': {'handle': '@AltcoinDaily', 'name': 'Altcoin Daily', 'profile_image': 'https://img.membit.ai/v2/a87817be-912f-46f1-3961-95aceac477e1.jpeg'}, 'content': 'Bitcoin can go a lot lower. That is possible.\n\nMore likely → $BTC fair value is well over $100k.\n\nThe more time that passes the more certain I am.', 'url': 'https://x.com/AltcoinDaily/status/2005868328129315236', 'timestamp': '2025-12-30T05:07:31Z', 'engagement': {'likes': 278, 'replies': 109, 'retweets': 15}, 'mentioned': None, 'search_score': 0.4480958642584665}, {'id': 909025999, 'uuid': '87117076-0094-5e1f-34bf-1dc6817f9abc', 'author': {'handle': '@Bitcoin', 'name': 'Bitcoin', 'profile_image': 'https://img.membit.ai/v2/8d2e38bb-de91-88b3-0b54-de92dcb95adf.jpeg'}, 'content': '$87,480.11\n\n#Bitcoin  #BTC  $BTC $USD', 'url': 'https://x.com/Bitcoin/status/2006581079432442092', 'timestamp': '2026-01-01T04:19:44Z', 'engagement': {'likes': 343, 'replies': 102, 'retweets': 70}, 'mentioned': None, 'search_score': 0.44273361821191726}, {'id': 901080675, 'uuid': '0fce1d46-ca5b-5f76-fdf0-1b4d2e585728', 'author': {'handle': '@QuintenFrancois', 'name': 'Quinten | 048.eth', 'profile_image': 'https://img.membit.ai/v2/7eb7fc88-12da-e8f7-2451-aedcc519097d.jpeg'}, 'content': 'Everyone who thinks gold or silver is at this price a better opportunity than Bitcoin, is utterly stupid', 'url': 'https://x.com/QuintenFrancois/status/2006036606239592736', 'timestamp': '2025-12-30T16:16:11Z', 'engagement': {'likes': 178, 'replies': 71, 'retweets': 8}, 'mentioned': None, 'search_score': 0.436064085749605}, {'id': 907834033, 'uuid': '680a0834-78da-82ee-3caa-188d59388232', 'author': {'handle': '@APompliano', 'name': 'Anthony Pompliano ', 'profile_image': 'https://img.membit.ai/v2/b285642e-9545-3157-ef26-7bb5e90963a0.jpeg'}, 'content': 'For every person who was disappointed by Bitcoin’s performance this year, remember that bitcoin has no top because the dollar has no bottom.', 'url': 'https://x.com/APompliano/status/2006494150921957484', 'timestamp': '2025-12-31T22:34:19Z', 'engagement': {'likes': 1770, 'replies': 194, 'retweets': 127}, 'mentioned': None, 'search_score': 0.4305987288293731}, {'id': 904968048, 'uuid': '8633cd55-e908-d9d0-7bda-8bf05fb34af1', 'author': {'handle': '@Bitcoin', 'name': 'Bitcoin', 'profile_image': 'https://img.membit.ai/v2/8d2e38bb-de91-88b3-0b54-de92dcb95adf.jpeg'}, 'content': '$88,539.77\n\n#Bitcoin  #BTC  $BTC $USD', 'url': 'https://x.com/Bitcoin/status/2006309903728615536', 'timestamp': '2025-12-31T10:22:11Z', 'engagement': {'likes': 454, 'replies': 122, 'retweets': 89}, 'mentioned': None, 'search_score': 0.42780407679845944}, {'id': 895393819, 'uuid': 'b5494103-2a1d-ad79-001d-4fd27ef656fd', 'author': {'handle': '@gandalfcryptto', 'name': 'GandalfCrypto', 'profile_image': 'https://img.membit.ai/v2/f6963abe-4a6b-228c-8fb0-df2b626cb5b3.jpeg'}, 'content': 'Gold is down  6% \nSilver is down 17% \nPlatinum is down 19% \nPalladium is down 22%\n\nSome people are saying something big is about to happen. \n\nCrypto bros have faith metals are being sold to pump bitcoin', 'url': 'https://x.com/gandalfcryptto/status/2005677840059203837', 'timestamp': '2025-12-29T16:30:35Z', 'engagement': {'likes': 174, 'replies': 21, 'retweets': 2}, 'mentioned': None, 'search_score': 0.4254518204483917}, {'id': 899302643, 'uuid': '0412b59d-571e-20cf-4881-9a6d4f5c5298', 'author': {'handle': '@cryptorover', 'name': 'Crypto Rover', 'profile_image': 'https://img.membit.ai/v2/d7919c33-6c39-931f-635d-30b496070e48.png'}, 'content': 'Silver fell 16% yesterday and bounced 6% today.\n\nAnd Bitcoin is “too volatile”?\n\n![image](https://img.membit.ai/v2/8965e1a6-16ec-8841-f8f5-80f9ac96a910.jpeg)', 'url': 'https://x.com/cryptorover/status/2005932010057994345', 'timestamp': '2025-12-30T09:20:34Z', 'engagement': {'likes': 355, 'replies': 109, 'retweets': 104}, 'mentioned': None, 'search_score': 0.4236149220324028}, {'id': 895504520, 'uuid': 'd6fe29a2-cd55-15c5-4448-92d7d88dd6b9', 'author': {'handle': '@J_Wise_geology', 'name': 'J_Wise_geology', 'profile_image': 'https://img.membit.ai/v2/7a75e720-81d5-9a1f-5721-e51de5ab3b02.jpeg'}, 'content': "How does the silver price drop even as the online vendors are mostly out of stock? \n\nCan't say I have ever seen this happen before.", 'url': 'https://x.com/J_Wise_geology/status/2005650193077907480', 'timestamp': '2025-12-29T14:40:43Z', 'engagement': {'likes': 1269, 'replies': 258, 'retweets': 63}, 'mentioned': None, 'search_score': 0.4214825335030087}, {'id': 902334339, 'uuid': '5b61d59e-0074-f647-5e6d-6f9674ff57fe', 'author': {'handle': '@CryptoTony__', 'name': 'Crypto Tony', 'profile_image': 'https://img.membit.ai/v2/d42bf31e-b421-8d38-e52e-98b68693545a.jpeg'}, 'content': "Goodnight Legends\n\nTodays big dump has really put this range into perspective for me and i am expecting another BTC drop before anymore big pumps \n\nLet's see if we get the BIG DUMP tonight as i expect.", 'url': 'https://x.com/CryptoTony__/status/2006125372778172447', 'timestamp': '2025-12-30T22:08:55Z', 'engagement': {'likes': 82, 'replies': 46, 'retweets': 8}, 'mentioned': None, 'search_score': 0.41885094237717135}, {'id': 900027659, 'uuid': 'ecf559ac-6d75-4678-70e8-60c10c5b612c', 'author': {'handle': '@AshCrypto', 'name': 'Ash Crypto', 'profile_image': 'https://img.membit.ai/v2/3ef3b124-f6ef-9f31-b334-347c6328b23e.jpeg'}, 'content': 'Historically, First Gold and silver tops then Bitcoin explodes', 'url': 'https://x.com/AshCrypto/status/2005969413238059234', 'timestamp': '2025-12-30T11:49:11Z', 'engagement': {'likes': 257, 'replies': 23, 'retweets': 29}, 'mentioned': None, 'search_score': 0.4186206058190489}, {'id': 899230976, 'uuid': 'dd72d459-6985-34f7-b319-3bad034ec4ca', 'author': {'handle': '@DemetriusRO6', 'name': 'Demetrius Remmiegius ', 'profile_image': 'https://img.membit.ai/v2/351d7de3-fe98-cc2c-0eec-12282acf7493.jpeg'}, 'content': 'Buy gold and silver\n\nSell Bitcoin\n\nYou’ll thank me later', 'url': 'https://x.com/DemetriusRO6/status/2005886092717830150', 'timestamp': '2025-12-30T06:18:06Z', 'engagement': {'likes': 435, 'replies': 62, 'retweets': 20}, 'mentioned': None, 'search_score': 0.4152366581536693}, {'id': 903037266, 'uuid': '384554f5-5a54-0422-40ed-4d7083533546', 'author': {'handle': '@KillaXBT', 'name': 'Killa', 'profile_image': 'https://img.membit.ai/v2/0b7da4c9-9695-bdd2-780e-8d743950ec2f.jpeg'}, 'content': 'Its been a while since we have seen price action this slow on $BTC. \n\nWe should get some very big volatility soon.', 'url': 'https://x.com/KillaXBT/status/2006187070180454866', 'timestamp': '2025-12-31T02:14:05Z', 'engagement': {'likes': 264, 'replies': 19, 'retweets': 11}, 'mentioned': None, 'search_score': 0.4139333186559804}, {'id': 904297049, 'uuid': '9e78edd8-70fb-fd74-1692-ccf05d873e58', 'author': {'handle': '@ZOR2Y6pj00wwWtN', 'name': 'あ', 'profile_image': 'https://img.membit.ai/v2/fab88428-95c8-bee5-7354-c5e87f117eef.jpeg'}, 'content': '1月〜2月にビットコイン最高値更新。\n３月〜4月に銀が反発しBTC暴落。\n5月〜6月に全資産大暴落した後ゴールドが大暴騰と予想。\nリーマンショックの先行指標としてプラチナが先に暴落したが、今回はBTCが先に暴落するかも？', 'url': 'https://x.com/ZOR2Y6pj00wwWtN/status/2006227000747553256', 'timestamp': '2025-12-31T04:52:45Z', 'engagement': {'likes': 248, 'replies': 6, 'retweets': 13}, 'mentioned': None, 'search_score': 0.4130543030377316}, {'id': 906175220, 'uuid': '125568ec-6111-8db8-8668-5f3e25f9edf8', 'author': {'handle': '@cryptorover', 'name': 'Crypto Rover', 'profile_image': 'https://img.membit.ai/v2/d7919c33-6c39-931f-635d-30b496070e48.png'}, 'content': 'BITCOIN DROPS BELOW $88,000! \n\n![image](https://img.membit.ai/v2/d926938f-da12-e891-2b56-8d3e75277be8.jpeg)', 'url': 'https://x.com/cryptorover/status/2006383219474596188', 'timestamp': '2025-12-31T15:13:30Z', 'engagement': {'likes': 1295, 'replies': 251, 'retweets': 186}, 'mentioned': None, 'search_score': 0.4114236567374647}, {'id': 910537269, 'uuid': '6b53286b-6f84-9bb6-322d-919e75db6665', 'author': {'handle': '@ChefChelz', 'name': 'Chelz', 'profile_image': 'https://img.membit.ai/v2/423964ec-1081-fb42-5e5a-e4af78f6f639.jpeg'}, 'content': 'Handle exchange drop yours below', 'url': 'https://x.com/ChefChelz/status/2006670987635601488', 'timestamp': '2026-01-01T10:17:00Z', 'engagement': {'likes': 94, 'replies': 124, 'retweets': 63}, 'mentioned': None, 'search_score': 0.40963325078250523}, {'id': 907368059, 'uuid': '06ac3df5-a333-6bf2-943d-c5a0f2a9a77b', 'author': {'handle': '@shydyor', 'name': 'Shy', 'profile_image': 'https://img.membit.ai/v2/0badf6c2-8011-64db-be0f-94e2bd7ab674.jpeg'}, 'content': 'What chart pattern is this called??\n\n![image](https://img.membit.ai/v2/20695ce6-eae7-8b54-a80e-814a1a51e8ae.jpeg)', 'url': 'https://x.com/shydyor/status/2006455108473860122', 'timestamp': '2025-12-31T19:59:10Z', 'engagement': {'likes': 85, 'replies': 59, 'retweets': 49}, 'mentioned': None, 'search_score': 0.4086417280622381}, {'id': 906897249, 'uuid': '63795413-853b-a473-5456-247fb00df679', 'author': {'handle': '@CoinDesk', 'name': 'CoinDesk', 'profile_image': 'https://img.membit.ai/v2/5255eadb-502f-83d5-e341-095e0ce6f848.jpeg'}, 'content': "Bitcoin New Year's Eve historical prices:\n\n2010: $0.29\n2015: $430\n2020: $29,000\n2025: $87,500", 'url': 'https://x.com/CoinDesk/status/2006417824063865094', 'timestamp': '2025-12-31T17:31:01Z', 'engagement': {'likes': 79, 'replies': 27, 'retweets': 16}, 'mentioned': None, 'search_score': 0.4081561000526762}, {'id': 909208974, 'uuid': 'c851dcc2-c641-f5d5-6498-cd326a8c01cd', 'author': {'handle': '@Tradermayne', 'name': 'Mayne', 'profile_image': 'https://img.membit.ai/v2/84a52719-9a47-fc9a-81af-535e605596e5.jpeg'}, 'content': 'Bitcoin Green on the year let’s go', 'url': 'https://x.com/Tradermayne/status/2006592788566311227', 'timestamp': '2026-01-01T05:06:16Z', 'engagement': {'likes': 498, 'replies': 51, 'retweets': 16}, 'mentioned': None, 'search_score': 0.40476913629943156}, {'id': 907798127, 'uuid': '91a58deb-cc7d-7ebc-4d56-0ca880584e51', 'author': {'handle': '@TrendingBitcoin', 'name': 'Trending Bitcoin', 'profile_image': ''}, 'content': 'This chart predicts #Bitcoin is going to bottom at $25,000 sometime in 2026 👀 https://t.co/2rVN8UXelE', 'url': 'https://x.com/TrendingBitcoin/status/2006485524190556350', 'timestamp': '2025-12-31T22:00:02Z', 'engagement': {'likes': 861, 'replies': 231, 'retweets': 137}, 'mentioned': None, 'search_score': 0.4045894965549979}, {'id': 901401842, 'uuid': 'b3e0618d-a2b1-fca5-bb25-2ebe8b6df65d', 'author': {'handle': '@JR5_Crypto', 'name': 'JR5', 'profile_image': 'https://img.membit.ai/v2/c7ae7580-2fd8-61c5-0eb3-99118cb0a9d8.jpeg'}, 'content': 'Gold is UP 77% this year.    \n\nBitcoin is DOWN 7% this year.    \n\nYou know what this means, right?', 'url': 'https://x.com/JR5_Crypto/status/2006047630749491387', 'timestamp': '2025-12-30T17:00:00Z', 'engagement': {'likes': 209, 'replies': 41, 'retweets': 15}, 'mentioned': None, 'search_score': 0.40282386618057375}, {'id': 894766525, 'uuid': 'b63cef5a-e9a9-2b23-1394-5d479c304257', 'author': {'handle': '@AshCrypto', 'name': 'Ash Crypto', 'profile_image': 'https://img.membit.ai/v2/3ef3b124-f6ef-9f31-b334-347c6328b23e.jpeg'}, 'content': 'Money will eventually rotate from silver and gold to bitcoin', 'url': 'https://x.com/AshCrypto/status/2005641709003391347', 'timestamp': '2025-12-29T14:07:01Z', 'engagement': {'likes': 247, 'replies': 25, 'retweets': 19}, 'mentioned': None, 'search_score': 0.4022541640352518}, {'id': 895662402, 'uuid': '1eba28da-5ac1-e511-4284-6b26a995b71e', 'author': {'handle': '@xerocooleth', 'name': 'xero ', 'profile_image': 'https://img.membit.ai/v2/c6b051d4-8e43-b1a1-cfe9-a9354995041a.jpeg'}, 'content': 'They dumped on us again \n\n![image](https://img.membit.ai/v2/207bb617-cd3f-e3ba-b762-ed059a2a391a.jpeg)', 'url': 'https://x.com/xerocooleth/status/2005697680140648614', 'timestamp': '2025-12-29T17:49:25Z', 'engagement': {'likes': 115, 'replies': 100, 'retweets': 3}, 'mentioned': None, 'search_score': 0.40208077485132776}, {'id': 898359682, 'uuid': '096c81a0-992f-6dc3-a16b-9ae6008dfecf', 'author': {'handle': '@Davincij15', 'name': 'Davinci Jeremie', 'profile_image': 'https://img.membit.ai/v2/6caf38ef-5318-dba5-5614-12084bc7cc58.jpeg'}, 'content': 'I have a question for everybody if #silver collapsed yesterday why can you not buy physical metal at yesterday‘s price?  (this is why #bitcoin is better)', 'url': 'https://x.com/Davincij15/status/2005851609364938757', 'timestamp': '2025-12-30T04:01:05Z', 'engagement': {'likes': 189, 'replies': 83, 'retweets': 13}, 'mentioned': None, 'search_score': 0.40054736686461934}, {'id': 904558922, 'uuid': '795e3914-20e0-1589-98db-4013a20e97fb', 'author': {'handle': '@cryptorover', 'name': 'Crypto Rover', 'profile_image': 'https://img.membit.ai/v2/d7919c33-6c39-931f-635d-30b496070e48.png'}, 'content': 'BITCOIN HAS DROPPED 32% SINCE ERIC TRUMP SAID Q4 WILL BE “UNBELIEVABLE” FOR CRYPTO.\n\n![image](https://img.membit.ai/v2/e8c33a15-439b-b11b-58da-59969770ec5b.jpeg)\n\n![image](https://img.membit.ai/v2/cb630e0a-8f87-17c5-7fa5-7c3dee98186c.jpeg)', 'url': 'https://x.com/cryptorover/status/2006284808985432229', 'timestamp': '2025-12-31T08:42:28Z', 'engagement': {'likes': 663, 'replies': 202, 'retweets': 91}, 'mentioned': None, 'search_score': 0.40013808554583274}, {'id': 903891853, 'uuid': 'b3db0739-0b15-c304-e930-482361614df8', 'author': {'handle': '@iam__flavisafra', 'name': 'Baby  flavi', 'profile_image': 'https://img.membit.ai/v2/02451e8e-0827-4d33-8a95-4890adeb58a6.jpeg'}, 'content': 'Early morning gains drop', 'url': 'https://x.com/iam__flavisafra/status/2006245937627246902', 'timestamp': '2025-12-31T06:08:00Z', 'engagement': {'likes': 121, 'replies': 139, 'retweets': 52}, 'mentioned': None, 'search_score': 0.3996160243377911}, {'id': 902858113, 'uuid': 'a88a18d4-2b0d-feda-40a1-f9474cf85eb3', 'author': {'handle': '@Swan', 'name': 'Swan', 'profile_image': 'https://img.membit.ai/v2/a9f33069-43fd-3e0a-3100-07fc118b1c0b.png'}, 'content': 'Bitcoin, not crypto.', 'url': 'https://x.com/Swan/status/2006095910703399292', 'timestamp': '2025-12-30T20:11:51Z', 'engagement': {'likes': 227, 'replies': 14, 'retweets': 10}, 'mentioned': None, 'search_score': 0.39840769754244887}, {'id': 896455621, 'uuid': '14a0c596-5694-87cb-614a-632a6fcbffc3', 'author': {'handle': '@blocknewsdotcom', 'name': 'BlockNews', 'profile_image': 'https://img.membit.ai/v2/d276b488-7bc1-cd0d-ebba-4e4546375ab9.jpeg'}, 'content': 'SPOT GOLD LOST $1.6 TRILLION IN MARKET CAP TODAY — NEARLY EQUIVALENT TO THE ENTIRE MARKET CAP OF BITCOIN $BTC\n\nWHAT IS HAPPENING? \n\n![image](https://img.membit.ai/v2/c29b4174-41ba-4388-acdd-2330ec71d3c3.png)\n\n![image](https://img.membit.ai/v2/0767f297-9a15-f60c-fa5e-3c169d38a7b5.jpeg)\n\n![image](https://img.membit.ai/v2/2a7b6d2e-96cc-e036-4cc1-2e700185f72e.png)', 'url': 'https://x.com/blocknewsdotcom/status/2005728568501055647', 'timestamp': '2025-12-29T19:52:10Z', 'engagement': {'likes': 229, 'replies': 51, 'retweets': 72}, 'mentioned': None, 'search_score': 0.39822616636947217}, {'id': 895062229, 'uuid': 'a0598c0a-4981-da05-1b2f-2da666ca2d80', 'author': {'handle': '@DeItaone', 'name': '*Walter Bloomberg', 'profile_image': 'https://img.membit.ai/v2/efdedb14-8da9-48d8-8c05-2299f37d6b14.jpeg'}, 'content': 'SPOT SILVER PLUNGES 10% INTRADAY', 'url': 'https://x.com/DeItaone/status/2005660380455190985', 'timestamp': '2025-12-29T15:21:12Z', 'engagement': {'likes': 453, 'replies': 40, 'retweets': 52}, 'mentioned': None, 'search_score': 0.3974486945334652}, {'id': 896371884, 'uuid': '8e894643-834c-01d3-aada-817e1c71c7dc', 'author': {'handle': '@BitcoinJunkies', 'name': 'Bitcoin Junkies', 'profile_image': 'https://img.membit.ai/v2/c63aa5ad-a392-319a-b602-31df28ed4c81.jpeg'}, 'content': 'JUST IN: Bitcoin falls below $87,000\n\nIs this manipulation?\n\n![image](https://img.membit.ai/v2/0566abfe-5132-1a43-05a5-52b61a7b5f60.jpeg)', 'url': 'https://x.com/BitcoinJunkies/status/2005744225313591589', 'timestamp': '2025-12-29T20:54:22Z', 'engagement': {'likes': 627, 'replies': 163, 'retweets': 231}, 'mentioned': None, 'search_score': 0.3961244930728578}, {'id': 903235590, 'uuid': 'f24eb695-a4e9-5243-b3f9-72732c037eb3', 'author': {'handle': '@bitcoinmunger', 'name': 'Bitcoin Munger', 'profile_image': 'https://img.membit.ai/v2/1bc87243-e7be-ac98-3660-579debabe4c5.jpeg'}, 'content': "Something I think that is under appreciated about Bitcoin currently is you never know when that overnight Godzilla candle will emerge. \n\nDon't let the range bound price action fool you in the short term.", 'url': 'https://x.com/bitcoinmunger/status/2006175578567680397', 'timestamp': '2025-12-31T01:28:25Z', 'engagement': {'likes': 247, 'replies': 24, 'retweets': 10}, 'mentioned': None, 'search_score': 0.3946502545985664}, {'id': 906399821, 'uuid': 'f9b334b0-6990-6d07-1874-b25846024644', 'author': {'handle': '@misterrcrypto', 'name': 'Mister Crypto', 'profile_image': 'https://img.membit.ai/v2/79dae4ab-05af-6345-b45d-03021cbcc04c.jpeg'}, 'content': 'BITCOIN FALLS BELOW $88,000…\n\n![image](https://img.membit.ai/v2/b5713fea-1add-ac5d-e22e-cbac01a3d786.jpeg)', 'url': 'https://x.com/misterrcrypto/status/2006383462652280954', 'timestamp': '2025-12-31T15:14:28Z', 'engagement': {'likes': 74, 'replies': 25, 'retweets': 10}, 'mentioned': None, 'search_score': 0.39436744000776813}, {'id': 906802137, 'uuid': '67d700f7-0dd6-55fa-eefd-792ff88a1198', 'author': {'handle': '@Darky1k', 'name': 'Darky1k', 'profile_image': 'https://img.membit.ai/v2/7c207fde-ff95-d2af-15d8-de860601f3bb.jpeg'}, 'content': 'Bitcoin keeps dumping even the last day of the year.\n\nWhat is going on\n\n![image](https://img.membit.ai/v2/6261c9c3-b404-6456-ce54-ff2e656656f9.jpeg)', 'url': 'https://x.com/Darky1k/status/2006408251009618070', 'timestamp': '2025-12-31T16:52:58Z', 'engagement': {'likes': 145, 'replies': 45, 'retweets': 13}, 'mentioned': None, 'search_score': 0.39362277981061655}, {'id': 909201722, 'uuid': '69dbcc55-e398-3ba5-0c60-c9b3f6bfe69a', 'author': {'handle': '@CryptoVikings07', 'name': 'Crypto Vikings', 'profile_image': 'https://img.membit.ai/v2/fd7f6787-c382-c5f1-75fa-4fd5af023dc9.jpeg'}, 'content': 'Bottom', 'url': 'https://x.com/CryptoVikings07/status/2006459708329353318', 'timestamp': '2025-12-31T20:17:27Z', 'engagement': {'likes': 118, 'replies': 13, 'retweets': 3}, 'mentioned': {'id': 9085879, 'uuid': '06ce1db8-ce8e-8f28-eb09-0311d9a7e32e', 'author': {'handle': '@AltcoinDaily', 'name': 'Altcoin Daily', 'profile_image': 'https://img.membit.ai/v2/a87817be-912f-46f1-3961-95aceac477e1.jpeg'}, 'content': 'I sold my ethereum for silver.', 'timestamp': '2025-12-30T01:23:30Z'}, 'search_score': 0.3932282947018134}, {'id': 904172553, 'uuid': '0d44d984-9d2d-ebbb-502c-c70d2447e30f', 'author': {'handle': '@TrendingBitcoin', 'name': 'Trending Bitcoin', 'profile_image': 'https://img.membit.ai/v2/d9c0aea7-67a3-4dcd-29c5-8f323d44e66a.jpeg'}, 'content': 'What would you do in this case? \n\n![image](https://img.membit.ai/v2/91d999b1-b9f9-1117-2105-0cd5f6d81c9b.jpeg)', 'url': 'https://x.com/TrendingBitcoin/status/2006246442189611021', 'timestamp': '2025-12-31T06:10:00Z', 'engagement': {'likes': 358, 'replies': 274, 'retweets': 90}, 'mentioned': None, 'search_score': 0.3922285719528157}, {'id': 910344721, 'uuid': 'f5600585-cee9-7c3e-ef21-07d0ac59651c', 'author': {'handle': '@MrMoonOwl', 'name': 'Mr. Moon Owl', 'profile_image': 'https://img.membit.ai/v2/c0415391-850a-de2c-c01c-329332cf9815.jpeg'}, 'content': 'Bitcoin’s Price Journey on Every New Year’s Day\n\n2010: free\n2011: $0.3\n2012: $5\n2013: $13\n2014: $770\n2015: $314 \n2016: $434 \n2017: $1,019 \n2018: $15,321 \n2019: $3,794 \n2020: $7,193 \n2021: $29,352 \n2022: $47,025\n2023: $16,630 \n2024: $42,660\n2025: $93,500\n2026: $87,500', 'url': 'https://x.com/MrMoonOwl/status/2006646904617357775', 'timestamp': '2026-01-01T08:41:18Z', 'engagement': {'likes': 56, 'replies': 31, 'retweets': 16}, 'mentioned': None, 'search_score': 0.39118525880173893}, {'id': 900637833, 'uuid': 'f54178ad-42f3-f671-b5bc-b1b7701f0e89', 'author': {'handle': '@daumenxyz', 'name': 'Daumen', 'profile_image': 'https://img.membit.ai/v2/199df5cd-e531-6048-6783-f1d56ba130ab.jpeg'}, 'content': 'Every single coin.\n\nEvery. Single. One.\n\nWill go down.\n\nSell.', 'url': 'https://x.com/daumenxyz/status/2006017062976557316', 'timestamp': '2025-12-30T14:58:32Z', 'engagement': {'likes': 281, 'replies': 202, 'retweets': 33}, 'mentioned': None, 'search_score': 0.3868518920438392}, {'id': 906269079, 'uuid': '29386a63-874c-12f8-186d-5ee3efd60dcf', 'author': {'handle': '@crypto_chatter1', 'name': 'CryptoChatter', 'profile_image': 'https://img.membit.ai/v2/bb4fbbeb-ed7c-6e65-ee02-cecb5bf803ad.jpeg'}, 'content': 'REMINDER: BITCOIN HAS DROPPED 32% SINCE ERIC TRUMP SAID Q4 WILL BE “UNBELIEVABLE” FOR CRYPTO.\n\n![image](https://img.membit.ai/v2/e8c33a15-439b-b11b-58da-59969770ec5b.jpeg)\n\n![image](https://img.membit.ai/v2/cb630e0a-8f87-17c5-7fa5-7c3dee98186c.jpeg)', 'url': 'https://x.com/crypto_chatter1/status/2006342071615901959', 'timestamp': '2025-12-31T12:30:00Z', 'engagement': {'likes': 98, 'replies': 36, 'retweets': 20}, 'mentioned': None, 'search_score': 0.3855095176441816}, {'id': 898016051, 'uuid': 'c4286471-cb97-c2c5-baf6-90cdcf05b05c', 'author': {'handle': '@Bitcoin_Teddy', 'name': 'Bitcoin Teddy', 'profile_image': ''}, 'content': "You can't stop #Bitcoin https://t.co/JAIXd3PJLj", 'url': 'https://x.com/Bitcoin_Teddy/status/2005852091735286048', 'timestamp': '2025-12-30T04:03:00Z', 'engagement': {'likes': 389, 'replies': 46, 'retweets': 53}, 'mentioned': None, 'search_score': 0.38489211101215015}, {'id': 908845583, 'uuid': '6f7c6ba3-b88d-0daa-1399-878baa56d938', 'author': {'handle': '@Unrecycling', 'name': 'VINCEMUS', 'profile_image': 'https://img.membit.ai/v2/cba73ff4-3876-4fd7-a0a0-5e8252576499.jpeg'}, 'content': 'THE $ERLAY DROP DROP DROP WILL BEGIN MOMENTARILY.', 'url': 'https://x.com/Unrecycling/status/2006563601151349008', 'timestamp': '2026-01-01T03:10:17Z', 'engagement': {'likes': 168, 'replies': 204, 'retweets': 78}, 'mentioned': None, 'search_score': 0.3834393818048998}, {'id': 896087499, 'uuid': 'bbf8bf31-9d43-96cb-ad33-7c65c3b57c94', 'author': {'handle': '@DzambhalaHODL', 'name': 'Steven Lubka ', 'profile_image': 'https://img.membit.ai/v2/be41172c-c27a-c365-f9e5-f26e76164a0a.jpeg'}, 'content': "I can't believe Silver dropped 8% the day after everyone on Twitter was posting about silver and flexing their stacks", 'url': 'https://x.com/DzambhalaHODL/status/2005646677064204415', 'timestamp': '2025-12-29T14:26:45Z', 'engagement': {'likes': 406, 'replies': 98, 'retweets': 10}, 'mentioned': None, 'search_score': 0.3828874921454035}, {'id': 900737616, 'uuid': '919a3de4-f46b-4a54-e9e6-93c58c478ae3', 'author': {'handle': '@CryptoTony__', 'name': 'Crypto Tony', 'profile_image': 'https://img.membit.ai/v2/d42bf31e-b421-8d38-e52e-98b68693545a.jpeg'}, 'content': 'Bitcoin has basically been "stuck" at $87,500 for two weeks. \n\nThe price targets right now are 75k or 100k. \n\nWhere do we go first?', 'url': 'https://x.com/CryptoTony__/status/2006006107408331109', 'timestamp': '2025-12-30T14:15:00Z', 'engagement': {'likes': 91, 'replies': 41, 'retweets': 9}, 'mentioned': None, 'search_score': 0.38191711464892686}, {'id': 900710279, 'uuid': 'c131367e-d852-6769-a7b3-6a62ffddd39c', 'author': {'handle': '@Coinvo', 'name': 'Coinvo', 'profile_image': 'https://img.membit.ai/v2/b8aec843-16ec-53d7-c492-dd476bebec5e.jpeg'}, 'content': 'JUST IN: Bitcoin reclaims $89,000!', 'url': 'https://x.com/Coinvo/status/2006018500368769493', 'timestamp': '2025-12-30T15:04:15Z', 'engagement': {'likes': 285, 'replies': 21, 'retweets': 8}, 'mentioned': None, 'search_score': 0.38189088307429886}, {'id': 896051221, 'uuid': '8f6cf328-2f4d-aab2-9d84-19df026d9c29', 'author': {'handle': '@wmiddelkoop', 'name': 'Willem Middelkoop', 'profile_image': 'https://img.membit.ai/v2/410e3df6-f9c4-e6b2-7503-0da13824d4ac.jpeg'}, 'content': 'Relax Guys \n\nThis is just a short term (and needed) correction in Silver imho', 'url': 'https://x.com/wmiddelkoop/status/2005696565227446755', 'timestamp': '2025-12-29T17:44:59Z', 'engagement': {'likes': 645, 'replies': 0, 'retweets': 58}, 'mentioned': None, 'search_score': 0.3804888849002903}]}
    [Membit] Found 50 posts
    [Tool] search_posts -> Recent posts:

1. Gold down 3% for the day

Silver down 8%

Is it time for Bitcoin to finally pump? [2025-12-29T14:16:38Z]
2. JUST IN: Bitcoin drops below $88,000! [2025-12-31T15:15:04Z]
3. History of #Bitcoin’s Market Price https://t.co/fAuOof4PbF [2025-12-31T06:08:00Z]
4. Could bitcoin go lower?

Absolutely!

Is it worth trying to time the bottom?

Absolutely not! [2025-12-29T22:52:37Z]
5. Gold vs #Bitcoin https://t.co/jPhFdEaRpX [2025-12-31T17:03:00Z]
6. True story!
What's Happening with Bitcoin?? https://t.co/b8CHPK7J46 [2025-12-29T22:35:00Z]
7. Pertama Kalinya Dalam 14 Tahun, Pola Harga Bitcoin Berubah! https://t.co/5ZUDHpKmoi [2026-01-01T08:17:15Z]
8. Bitcoin can go a lot lower. That is possible.

More likely → $BTC fair value is well over $100k.

The more time that passes the more certain I am. [2025-12-30T05:07:31Z]
9. $87,480.11

#Bitcoin  #BTC  $BTC $USD [2026-01-01T04:19:44Z]
10. Everyone who thinks gold or silver is at this price a better opportunity than Bitcoin, is utterly stupid [2025-12-30T16:16:11Z]
11. For every person who was disappointed by Bitcoin’s performance this year, remember that bitcoin has no top because the dollar has no bottom. [2025-12-31T22:34:19Z]
12. $88,539.77

#Bitcoin  #BTC  $BTC $USD [2025-12-31T10:22:11Z]
13. Gold is down  6% 
Silver is down 17% 
Platinum is down 19% 
Palladium is down 22%

Some people are saying something big is about to happen. 

Crypto bros have faith metals are being sold to pump bitcoin [2025-12-29T16:30:35Z]
14. Silver fell 16% yesterday and bounced 6% today.

And Bitcoin is “too volatile”?

![image](https://img.membit.ai/v2/8965e1a6-16ec-8841-f8f5-80f9ac96a910.jpeg) [2025-12-30T09:20:34Z]
15. How does the silver price drop even as the online vendors are mostly out of stock? 

Can't say I have ever seen this happen before. [2025-12-29T14:40:43Z]
16. Goodnight Legends

Todays big dump has really put this range into perspective for me and i am expecting another BTC drop before anymore big pumps 

Let's see if we get the BIG DUMP tonight as i expect. [2025-12-30T22:08:55Z]
17. Historically, First Gold and silver tops then Bitcoin explodes [2025-12-30T11:49:11Z]
18. Buy gold and silver

Sell Bitcoin

You’ll thank me later [2025-12-30T06:18:06Z]
19. Its been a while since we have seen price action this slow on $BTC. 

We should get some very big volatility soon. [2025-12-31T02:14:05Z]
20. 1月〜2月にビットコイン最高値更新。
３月〜4月に銀が反発しBTC暴落。
5月〜6月に全資産大暴落した後ゴールドが大暴騰と予想。
リーマンショックの先行指標としてプラチナが先に暴落したが、今回はBTCが先に暴落するかも？ [2025-12-31T04:52:45Z]
21. BITCOIN DROPS BELOW $88,000! 

![image](https://img.membit.ai/v2/d926938f-da12-e891-2b56-8d3e75277be8.jpeg) [2025-12-31T15:13:30Z]
22. Handle exchange drop yours below [2026-01-01T10:17:00Z]
23. What chart pattern is this called??

![image](https://img.membit.ai/v2/20695ce6-eae7-8b54-a80e-814a1a51e8ae.jpeg) [2025-12-31T19:59:10Z]
24. Bitcoin New Year's Eve historical prices:

2010: $0.29
2015: $430
2020: $29,000
2025: $87,500 [2025-12-31T17:31:01Z]
25. Bitcoin Green on the year let’s go [2026-01-01T05:06:16Z]
26. This chart predicts #Bitcoin is going to bottom at $25,000 sometime in 2026 👀 https://t.co/2rVN8UXelE [2025-12-31T22:00:02Z]
27. Gold is UP 77% this year.    

Bitcoin is DOWN 7% this year.    

You know what this means, right? [2025-12-30T17:00:00Z]
28. Money will eventually rotate from silver and gold to bitcoin [2025-12-29T14:07:01Z]
29. They dumped on us again 

![image](https://img.membit.ai/v2/207bb617-cd3f-e3ba-b762-ed059a2a391a.jpeg) [2025-12-29T17:49:25Z]
30. I have a question for everybody if #silver collapsed yesterday why can you not buy physical metal at yesterday‘s price?  (this is why #bitcoin is better) [2025-12-30T04:01:05Z]
31. BITCOIN HAS DROPPED 32% SINCE ERIC TRUMP SAID Q4 WILL BE “UNBELIEVABLE” FOR CRYPTO.

![image](https://img.membit.ai/v2/e8c33a15-439b-b11b-58da-59969770ec5b.jpeg)

![image](https://img.membit.ai/v2/cb630e0a-8f87-17c5-7fa5-7c3dee98186c.jpeg) [2025-12-31T08:42:28Z]
32. Early morning gains drop [2025-12-31T06:08:00Z]
33. Bitcoin, not crypto. [2025-12-30T20:11:51Z]
34. SPOT GOLD LOST $1.6 TRILLION IN MARKET CAP TODAY — NEARLY EQUIVALENT TO THE ENTIRE MARKET CAP OF BITCOIN $BTC

WHAT IS HAPPENING? 

![image](https://img.membit.ai/v2/c29b4174-41ba-4388-acdd-2330ec71d3c3.png)

![image](https://img.membit.ai/v2/0767f297-9a15-f60c-fa5e-3c169d38a7b5.jpeg)

![image](https://img.membit.ai/v2/2a7b6d2e-96cc-e036-4cc1-2e700185f72e.png) [2025-12-29T19:52:10Z]
35. SPOT SILVER PLUNGES 10% INTRADAY [2025-12-29T15:21:12Z]
36. JUST IN: Bitcoin falls below $87,000

Is this manipulation?

![image](https://img.membit.ai/v2/0566abfe-5132-1a43-05a5-52b61a7b5f60.jpeg) [2025-12-29T20:54:22Z]
37. Something I think that is under appreciated about Bitcoin currently is you never know when that overnight Godzilla candle will emerge. 

Don't let the range bound price action fool you in the short term. [2025-12-31T01:28:25Z]
38. BITCOIN FALLS BELOW $88,000…

![image](https://img.membit.ai/v2/b5713fea-1add-ac5d-e22e-cbac01a3d786.jpeg) [2025-12-31T15:14:28Z]
39. Bitcoin keeps dumping even the last day of the year.

What is going on

![image](https://img.membit.ai/v2/6261c9c3-b404-6456-ce54-ff2e656656f9.jpeg) [2025-12-31T16:52:58Z]
40. Bottom [2025-12-31T20:17:27Z]
41. What would you do in this case? 

![image](https://img.membit.ai/v2/91d999b1-b9f9-1117-2105-0cd5f6d81c9b.jpeg) [2025-12-31T06:10:00Z]
42. Bitcoin’s Price Journey on Every New Year’s Day

2010: free
2011: $0.3
2012: $5
2013: $13
2014: $770
2015: $314 
2016: $434 
2017: $1,019 
2018: $15,321 
2019: $3,794 
2020: $7,193 
2021: $29,352 
2022: $47,025
2023: $16,630 
2024: $42,660
2025: $93,500
2026: $87,500 [2026-01-01T08:41:18Z]
43. Every single coin.

Every. Single. One.

Will go down.

Sell. [2025-12-30T14:58:32Z]
44. REMINDER: BITCOIN HAS DROPPED 32% SINCE ERIC TRUMP SAID Q4 WILL BE “UNBELIEVABLE” FOR CRYPTO.

![image](https://img.membit.ai/v2/e8c33a15-439b-b11b-58da-59969770ec5b.jpeg)

![image](https://img.membit.ai/v2/cb630e0a-8f87-17c5-7fa5-7c3dee98186c.jpeg) [2025-12-31T12:30:00Z]
45. You can't stop #Bitcoin https://t.co/JAIXd3PJLj [2025-12-30T04:03:00Z]
46. THE $ERLAY DROP DROP DROP WILL BEGIN MOMENTARILY. [2026-01-01T03:10:17Z]
47. I can't believe Silver dropped 8% the day after everyone on Twitter was posting about silver and flexing their stacks [2025-12-29T14:26:45Z]
48. Bitcoin has basically been "stuck" at $87,500 for two weeks. 

The price targets right now are 75k or 100k. 

Where do we go first? [2025-12-30T14:15:00Z]
49. JUST IN: Bitcoin reclaims $89,000! [2025-12-30T15:04:15Z]
50. Relax Guys 

This is just a short term (and needed) correction in Silver imho [2025-12-29T17:44:59Z]
    [Tool] get_cluster_info({"cluster_label": "crypto market analysis", "limit": 10})
    [Tool] get_cluster_info -> ERROR: MembitWrapper.get_cluster_info() got an unexpected keyword argument 'cluster_label'. Did you mean 'cluster_name'?
    [Tool] hold({"symbol": "BTC"})
    [Tool] hold -> Holding position. No position. Cash: $10,000.00
  -> HOLD | 4 tools
[llama-3.3-70b] (basic) - Portfolio: $10,000.00
    [Tool] get_portfolio({"symbol": "BTC"})
    [Tool] get_portfolio -> {
  "symbol": "BTC",
  "current_price": 87851.03,
  "starting_capital": 10000.0,
  "portfolio_value": 10000.0,
  "available_cash": 10000.0,
  "total_pnl": 0.0,
  "total_pnl_percent": 0.0,
  "total_fees_paid": 0.0,
  "trades_completed": 0,
  "has_position": false
}
  -> no action | 1 tools
[llama-3.3-70b] (membit) - Portfolio: $10,000.00
    [Tool] get_portfolio({"symbol": "BTC"})
    [Tool] get_portfolio -> {
  "symbol": "BTC",
  "current_price": 87851.03,
  "starting_capital": 10000.0,
  "portfolio_value": 10000.0,
  "available_cash": 10000.0,
  "total_pnl": 0.0,
  "total_pnl_percent": 0.0,
  "total_fees_paid": 0.0,
  "trades_completed": 0,
  "has_position": false
}
  -> no action | 1 tools
[qwen-3-32b] (basic) - Portfolio: $10,000.00
    [Tool] get_portfolio({"symbol": "BTC"})
    [Tool] get_portfolio -> {
  "symbol": "BTC",
  "current_price": 87851.03,
  "starting_capital": 10000.0,
  "portfolio_value": 10000.0,
  "available_cash": 10000.0,
  "total_pnl": 0.0,
  "total_pnl_percent": 0.0,
  "total_fees_paid": 0.0,
  "trades_completed": 0,
  "has_position": false
}
    [Tool] hold({"symbol": "BTC"})
    [Tool] hold -> Holding position. No position. Cash: $10,000.00
  -> HOLD | 2 tools
[qwen-3-32b] (membit) - Portfolio: $10,000.00
    [Tool] get_portfolio({"symbol": "BTC"})
    [Tool] get_portfolio -> {
  "symbol": "BTC",
  "current_price": 87851.03,
  "starting_capital": 10000.0,
  "portfolio_value": 10000.0,
  "available_cash": 10000.0,
  "total_pnl": 0.0,
  "total_pnl_percent": 0.0,
  "total_fees_paid": 0.0,
  "trades_completed": 0,
  "has_position": false
}
    [Tool] search_posts({"query": "BTC", "limit": 5})
    [Membit] post_search('BTC') raw response: {'posts': [{'id': 902688900, 'uuid': 'd6466dc6-20ad-afef-5f7c-5cb9fdda0298', 'author': {'handle': '@arianafeeds', 'name': 'ariana feeds', 'profile_image': 'https://img.membit.ai/v2/96d1a4f5-ff9d-5fbe-cfd3-f69d246e97eb.jpeg'}, 'content': '♡', 'url': 'https://x.com/arianafeeds/status/2006164655287173445', 'timestamp': '2025-12-31T00:45:01Z', 'engagement': {'likes': 3746, 'replies': 2, 'retweets': 446}, 'mentioned': None, 'search_score': 0.9117192602302875}, {'id': 901344861, 'uuid': '80eaf66d-c50e-0247-0666-6d29ff8447ff', 'author': {'handle': '@AltCryptoGems', 'name': 'Sjuul | AltCryptoGems', 'profile_image': ''}, 'content': '👀👀', 'url': 'https://x.com/AltCryptoGems/status/2006060013396136143', 'timestamp': '2025-12-30T17:49:12Z', 'engagement': {'likes': 624, 'replies': 7, 'retweets': 4}, 'mentioned': None, 'search_score': 0.8633914474044243}, {'id': 900354687, 'uuid': '66b12040-4098-e94a-b44a-9bd420a02fc2', 'author': {'handle': '@vechainofficial', 'name': 'VeChain', 'profile_image': ''}, 'content': '👀', 'url': 'https://x.com/vechainofficial/status/2005996150525157538', 'timestamp': '2025-12-30T13:35:26Z', 'engagement': {'likes': 504, 'replies': 37, 'retweets': 102}, 'mentioned': None, 'search_score': 0.8593028517355815}, {'id': 901344499, 'uuid': '6e34acad-c1d5-e603-6a66-d2df0849fcf4', 'author': {'handle': '@AltCryptoGems', 'name': 'Sjuul | AltCryptoGems', 'profile_image': ''}, 'content': '👀👀', 'url': 'https://x.com/AltCryptoGems/status/2006059963932680413', 'timestamp': '2025-12-30T17:49:00Z', 'engagement': {'likes': 727, 'replies': 6, 'retweets': 3}, 'mentioned': None, 'search_score': 0.8495592160984379}, {'id': 900532415, 'uuid': 'd15ebf64-6ad0-a8c3-b386-bcd7e0ad26ba', 'author': {'handle': '@wurts2021', 'name': 'WurtS', 'profile_image': 'https://img.membit.ai/v2/0d7682dc-7d49-3089-271c-d06d0b2e4709.jpeg'}, 'content': 'UPDATE', 'url': 'https://x.com/wurts2021/status/2005972136394190921', 'timestamp': '2025-12-30T12:00:01Z', 'engagement': {'likes': 1880, 'replies': 6, 'retweets': 265}, 'mentioned': None, 'search_score': 0.8403404874079047}]}
    [Membit] Found 5 posts
    [Tool] search_posts -> Recent posts:

1. ♡ [2025-12-31T00:45:01Z]
2. 👀👀 [2025-12-30T17:49:12Z]
3. 👀 [2025-12-30T13:35:26Z]
4. 👀👀 [2025-12-30T17:49:00Z]
5. UPDATE [2025-12-30T12:00:01Z]
    [Tool] hold({"symbol": "BTC"})
    [Tool] hold -> Holding position. No position. Cash: $10,000.00
  -> HOLD | 3 tools

Saved: run_20260101_220251.json

==============================================================================================================
  RUN SUMMARY - Actions Taken
==============================================================================================================
Model                Mode     Action   Details                                            Fee        Tools 
--------------------------------------------------------------------------------------------------------------
llama3.1-8b          basic    BUY      $9,000 @ $87,851 -> 0.102446 BTC                   $9.00      3     
llama3.1-8b          membit   HOLD     Holding cash: $10,000                              -          4     
llama-3.3-70b        basic    NONE     No trade executed                                  -          1     
llama-3.3-70b        membit   NONE     No trade executed                                  -          1     
qwen-3-32b           basic    HOLD     Holding cash: $10,000                              -          2     
qwen-3-32b           membit   HOLD     Holding cash: $10,000                              -          3     
==============================================================================================================

============================================================
  LEADERBOARD (BTC)
============================================================
Config                         Value        P&L          Return    
----------------------------------------------------------------
1. llama3.1-8b (membit)         $ 10,000.00 $     +0.00    +0.00%
2. llama-3.3-70b (basic)        $ 10,000.00 $     +0.00    +0.00%
3. llama-3.3-70b (membit)       $ 10,000.00 $     +0.00    +0.00%
4. qwen-3-32b (basic)           $ 10,000.00 $     +0.00    +0.00%
5. qwen-3-32b (membit)          $ 10,000.00 $     +0.00    +0.00%
6. llama3.1-8b (basic)          $  9,991.00 $     -9.00    -0.09%

  WINNER: llama3.1-8b (membit) with $+0.00 (+0.00%)

Next run at: 2026-01-01T23:02:51
Sleeping for 60 minutes...

############################################################
  RUN #2
############################################################

============================================================
  Trading Simulation Run: 2026-01-01T23:02:51.760020
  Symbol: BTC | Starting Capital: $10,000
============================================================

BTC Price: $87,908.49

[llama3.1-8b] (basic) - Portfolio: $9,996.89
    [Tool] get_portfolio({"symbol": "BTC"})
    [Tool] get_portfolio -> {
  "symbol": "BTC",
  "current_price": 87908.49,
  "starting_capital": 10000.0,
  "portfolio_value": 9996.89,
  "available_cash": 991.0,
  "total_pnl": -3.11,
  "total_pnl_percent": -0.03,
  "total_fees_paid": 9.0,
  "trades_completed": 1,
  "has_position": true,
  "position": {
    "symbol": "BTC",
    "asset_amount": 0.10244616,
    "entry_price": 87851.03,
    "current_price": 87908.49,
    "position_value": 9005.89,
    "unrealized_pnl": 5.89
  }
}
  -> no action | 1 tools
[llama3.1-8b] (membit) - Portfolio: $10,000.00
    [Tool] get_portfolio({"symbol": "BTC"})
    [Tool] get_portfolio -> {
  "symbol": "BTC",
  "current_price": 87908.49,
  "starting_capital": 10000.0,
  "portfolio_value": 10000.0,
  "available_cash": 10000.0,
  "total_pnl": 0.0,
  "total_pnl_percent": 0.0,
  "total_fees_paid": 0.0,
  "trades_completed": 0,
  "has_position": false
}
    [Tool] search_posts({"query": "Bitcoin sentiment", "limit": 10})
    [Membit] post_search('Bitcoin sentiment') raw response: {'posts': [{'id': 906763251, 'uuid': 'ae07a370-adeb-95ef-e1f3-bd5daa39943f', 'author': {'handle': '@TrendingBitcoin', 'name': 'Trending Bitcoin', 'profile_image': ''}, 'content': 'Gold vs #Bitcoin https://t.co/jPhFdEaRpX', 'url': 'https://x.com/TrendingBitcoin/status/2006410773476814965', 'timestamp': '2025-12-31T17:03:00Z', 'engagement': {'likes': 298, 'replies': 5, 'retweets': 68}, 'mentioned': None, 'search_score': 0.509320707507812}, {'id': 901080675, 'uuid': '0fce1d46-ca5b-5f76-fdf0-1b4d2e585728', 'author': {'handle': '@QuintenFrancois', 'name': 'Quinten | 048.eth', 'profile_image': 'https://img.membit.ai/v2/7eb7fc88-12da-e8f7-2451-aedcc519097d.jpeg'}, 'content': 'Everyone who thinks gold or silver is at this price a better opportunity than Bitcoin, is utterly stupid', 'url': 'https://x.com/QuintenFrancois/status/2006036606239592736', 'timestamp': '2025-12-30T16:16:11Z', 'engagement': {'likes': 178, 'replies': 71, 'retweets': 8}, 'mentioned': None, 'search_score': 0.5065945032997861}, {'id': 902578748, 'uuid': '8e431403-faf3-b82e-bbe0-0fdaa7c73a7d', 'author': {'handle': '@lynk0x', 'name': 'lynk', 'profile_image': 'https://img.membit.ai/v2/edea1b17-9ae6-e4be-e553-f2db1e9d5604.jpeg'}, 'content': 'Bitcoin: +5%\n\nAlts: -40%\n\nExplain this.', 'url': 'https://x.com/lynk0x/status/2006155969798275523', 'timestamp': '2025-12-31T00:10:30Z', 'engagement': {'likes': 352, 'replies': 147, 'retweets': 20}, 'mentioned': None, 'search_score': 0.5051875977673677}, {'id': 902858113, 'uuid': 'a88a18d4-2b0d-feda-40a1-f9474cf85eb3', 'author': {'handle': '@Swan', 'name': 'Swan', 'profile_image': 'https://img.membit.ai/v2/a9f33069-43fd-3e0a-3100-07fc118b1c0b.png'}, 'content': 'Bitcoin, not crypto.', 'url': 'https://x.com/Swan/status/2006095910703399292', 'timestamp': '2025-12-30T20:11:51Z', 'engagement': {'likes': 227, 'replies': 14, 'retweets': 10}, 'mentioned': None, 'search_score': 0.503423977625204}, {'id': 897239594, 'uuid': '771fc199-c903-6470-ab99-73d231f7aedf', 'author': {'handle': '@IIICapital', 'name': 'Joe Burnett, MSBA', 'profile_image': 'https://img.membit.ai/v2/daaccb54-2f6d-1b2e-a951-d6515614e2ea.jpeg'}, 'content': 'Could bitcoin go lower?\n\nAbsolutely!\n\nIs it worth trying to time the bottom?\n\nAbsolutely not!', 'url': 'https://x.com/IIICapital/status/2005773983547822509', 'timestamp': '2025-12-29T22:52:37Z', 'engagement': {'likes': 196, 'replies': 29, 'retweets': 4}, 'mentioned': None, 'search_score': 0.496402147387518}, {'id': 907806807, 'uuid': '227b61cc-e6c4-871d-d472-3fbe452811e0', 'author': {'handle': '@HerroCrypto', 'name': 'Herro', 'profile_image': 'https://img.membit.ai/v2/e0652487-4112-3c69-97f5-f96099e876ce.jpeg'}, 'content': 'ETH BTC looks good here', 'url': 'https://x.com/HerroCrypto/status/2006484729810530799', 'timestamp': '2025-12-31T21:56:52Z', 'engagement': {'likes': 127, 'replies': 1, 'retweets': 47}, 'mentioned': None, 'search_score': 0.4871491865456009}, {'id': 910067780, 'uuid': '3774ab82-4126-6153-f66d-800bfb6e717c', 'author': {'handle': '@coinvestasi', 'name': 'Coinvestasi', 'profile_image': ''}, 'content': 'Pertama Kalinya Dalam 14 Tahun, Pola Harga Bitcoin Berubah! https://t.co/5ZUDHpKmoi', 'url': 'https://x.com/coinvestasi/status/2006640851699847465', 'timestamp': '2026-01-01T08:17:15Z', 'engagement': {'likes': 157, 'replies': 21, 'retweets': 15}, 'mentioned': None, 'search_score': 0.47971579253596874}, {'id': 909208974, 'uuid': 'c851dcc2-c641-f5d5-6498-cd326a8c01cd', 'author': {'handle': '@Tradermayne', 'name': 'Mayne', 'profile_image': 'https://img.membit.ai/v2/84a52719-9a47-fc9a-81af-535e605596e5.jpeg'}, 'content': 'Bitcoin Green on the year let’s go', 'url': 'https://x.com/Tradermayne/status/2006592788566311227', 'timestamp': '2026-01-01T05:06:16Z', 'engagement': {'likes': 518, 'replies': 52, 'retweets': 17}, 'mentioned': None, 'search_score': 0.47813799622977404}, {'id': 903963656, 'uuid': '16f80ae8-cc22-19fb-47bf-50abba457b69', 'author': {'handle': '@Bitcoin_Teddy', 'name': 'Bitcoin Teddy', 'profile_image': ''}, 'content': 'History of #Bitcoin’s Market Price https://t.co/fAuOof4PbF', 'url': 'https://x.com/Bitcoin_Teddy/status/2006245937094570213', 'timestamp': '2025-12-31T06:08:00Z', 'engagement': {'likes': 375, 'replies': 21, 'retweets': 64}, 'mentioned': None, 'search_score': 0.4693554580916959}, {'id': 899230976, 'uuid': 'dd72d459-6985-34f7-b319-3bad034ec4ca', 'author': {'handle': '@DemetriusRO6', 'name': 'Demetrius Remmiegius ', 'profile_image': 'https://img.membit.ai/v2/351d7de3-fe98-cc2c-0eec-12282acf7493.jpeg'}, 'content': 'Buy gold and silver\n\nSell Bitcoin\n\nYou’ll thank me later', 'url': 'https://x.com/DemetriusRO6/status/2005886092717830150', 'timestamp': '2025-12-30T06:18:06Z', 'engagement': {'likes': 435, 'replies': 62, 'retweets': 20}, 'mentioned': None, 'search_score': 0.46909831907299804}]}
    [Membit] Found 10 posts
    [Tool] search_posts -> Recent posts:

1. Gold vs #Bitcoin https://t.co/jPhFdEaRpX [2025-12-31T17:03:00Z]
2. Everyone who thinks gold or silver is at this price a better opportunity than Bitcoin, is utterly stupid [2025-12-30T16:16:11Z]
3. Bitcoin: +5%

Alts: -40%

Explain this. [2025-12-31T00:10:30Z]
4. Bitcoin, not crypto. [2025-12-30T20:11:51Z]
5. Could bitcoin go lower?

Absolutely!

Is it worth trying to time the bottom?

Absolutely not! [2025-12-29T22:52:37Z]
6. ETH BTC looks good here [2025-12-31T21:56:52Z]
7. Pertama Kalinya Dalam 14 Tahun, Pola Harga Bitcoin Berubah! https://t.co/5ZUDHpKmoi [2026-01-01T08:17:15Z]
8. Bitcoin Green on the year let’s go [2026-01-01T05:06:16Z]
9. History of #Bitcoin’s Market Price https://t.co/fAuOof4PbF [2025-12-31T06:08:00Z]
10. Buy gold and silver

Sell Bitcoin

You’ll thank me later [2025-12-30T06:18:06Z]
    [Tool] buy({"usd_amount": 3000, "symbol": "BTC"})
    [Tool] buy -> Bought 0.03412640 BTC for $3,000.00 at $87,908.49 (fee: $3.00)
  -> BUY | 3 tools
[llama-3.3-70b] (basic) - Portfolio: $10,000.00
    [Tool] get_portfolio({"symbol": "BTC"})
    [Tool] get_portfolio -> {
  "symbol": "BTC",
  "current_price": 87908.49,
  "starting_capital": 10000.0,
  "portfolio_value": 10000.0,
  "available_cash": 10000.0,
  "total_pnl": 0.0,
  "total_pnl_percent": 0.0,
  "total_fees_paid": 0.0,
  "trades_completed": 0,
  "has_position": false
}
  -> no action | 1 tools
[llama-3.3-70b] (membit) - Portfolio: $10,000.00
    [Tool] get_portfolio({"symbol": "BTC"})
    [Tool] get_portfolio -> {
  "symbol": "BTC",
  "current_price": 87908.49,
  "starting_capital": 10000.0,
  "portfolio_value": 10000.0,
  "available_cash": 10000.0,
  "total_pnl": 0.0,
  "total_pnl_percent": 0.0,
  "total_fees_paid": 0.0,
  "trades_completed": 0,
  "has_position": false
}
  -> no action | 1 tools
[qwen-3-32b] (basic) - Portfolio: $10,000.00
    [Tool] get_portfolio({"symbol": "BTC"})
    [Tool] get_portfolio -> {
  "symbol": "BTC",
  "current_price": 87908.49,
  "starting_capital": 10000.0,
  "portfolio_value": 10000.0,
  "available_cash": 10000.0,
  "total_pnl": 0.0,
  "total_pnl_percent": 0.0,
  "total_fees_paid": 0.0,
  "trades_completed": 0,
  "has_position": false
}
    [Tool] hold({"symbol": "BTC"})
    [Tool] hold -> Holding position. No position. Cash: $10,000.00
  -> HOLD | 2 tools
[qwen-3-32b] (membit) - Portfolio: $10,000.00
    [Tool] get_portfolio({"symbol": "BTC"})
    [Tool] get_portfolio -> {
  "symbol": "BTC",
  "current_price": 87908.49,
  "starting_capital": 10000.0,
  "portfolio_value": 10000.0,
  "available_cash": 10000.0,
  "total_pnl": 0.0,
  "total_pnl_percent": 0.0,
  "total_fees_paid": 0.0,
  "trades_completed": 0,
  "has_position": false
}
    [Tool] search_clusters({"query": "BTC", "limit": 5})
    [Membit] cluster_search('BTC') raw response: {'clusters': [{'label': '$BTC long-term holder selling', 'summary': "There are conflicting reports on long-term Bitcoin holders' selling activity, with some indicating a massive sell-off of $300B worth of BTC in 2025, causing a 32% price drop, while others state that long-term holders sold only 2.7K BTC in a day, the lowest in 2025. Long-term holders have now stopped selling for the first time since July 2025, potentially indicating a market bottom and relief rally.", 'category': 'Crypto', 'engagement_score': 17666.272691957063, 'search_score': 0.953186588432018}, {'label': '$BTC and Silver price comparison', 'summary': "The posts compare the price charts of $BTC and Silver, suggesting that $BTC may follow Silver's trend. Some users predict $BTC will surge to $200,000 by 2026 based on Silver's performance. Others analyze the relative strength of $BTC and Silver to forecast future price movements.", 'category': 'Crypto', 'engagement_score': 6624.962253872056, 'search_score': 0.9043147492101514}, {'label': 'Starknet BTCFi 2025 Growth', 'summary': 'The posts discuss the progress and future plans of Starknet, a blockchain platform, particularly in the areas of BTCFi, privacy, and token alignment. In 2025, Starknet focused on building its base, and 2026 is expected to be the year it expands and grows. The platform aims to improve native BTC liquidity, make privacy more accessible, and evolve into a comprehensive ecosystem.', 'category': 'Crypto', 'engagement_score': 4288.349290766665, 'search_score': 0.8809080679722759}, {'label': '$BTC Locked Funds', 'summary': 'A San Francisco-based programmer has over $600 million in Bitcoin stored on a USB drive and only two attempts left to unlock it, while another individual rediscovered an old Bitcoin wallet containing 100 BTC worth around $8.7 million.', 'category': 'Crypto', 'engagement_score': 10499.656449313406, 'search_score': 0.8618366588829944}, {'label': '$BTC retail accumulation', 'summary': 'Bitcoin retail wallets have accumulated 3.31% more BTC since July, while whale wallets have only added 0.36%, reversing the typical bull market accumulation pattern.', 'category': 'Crypto', 'engagement_score': 1462.6228098830943, 'search_score': 0.8156633182798134}]}
    [Membit] Found 5 clusters
    [Tool] search_clusters -> Trending topic clusters:

1. $BTC long-term holder selling: There are conflicting reports on long-term Bitcoin holders' selling activity, with some indicating a massive sell-off of $300B worth of BTC in 2025, causing a 32% price drop, while others state that long-term holders sold only 2.7K BTC in a day, the lowest in 2025. Long-term holders have now stopped selling for the first time since July 2025, potentially indicating a market bottom and relief rally.
2. $BTC and Silver price comparison: The posts compare the price charts of $BTC and Silver, suggesting that $BTC may follow Silver's trend. Some users predict $BTC will surge to $200,000 by 2026 based on Silver's performance. Others analyze the relative strength of $BTC and Silver to forecast future price movements.
3. Starknet BTCFi 2025 Growth: The posts discuss the progress and future plans of Starknet, a blockchain platform, particularly in the areas of BTCFi, privacy, and token alignment. In 2025, Starknet focused on building its base, and 2026 is expected to be the year it expands and grows. The platform aims to improve native BTC liquidity, make privacy more accessible, and evolve into a comprehensive ecosystem.
4. $BTC Locked Funds: A San Francisco-based programmer has over $600 million in Bitcoin stored on a USB drive and only two attempts left to unlock it, while another individual rediscovered an old Bitcoin wallet containing 100 BTC worth around $8.7 million.
5. $BTC retail accumulation: Bitcoin retail wallets have accumulated 3.31% more BTC since July, while whale wallets have only added 0.36%, reversing the typical bull market accumulation pattern.
    [Tool] search_posts({"query": "BTC market outlook", "limit": 5})
    [Membit] post_search('BTC market outlook') raw response: {'posts': [{'id': 907806807, 'uuid': '227b61cc-e6c4-871d-d472-3fbe452811e0', 'author': {'handle': '@HerroCrypto', 'name': 'Herro', 'profile_image': 'https://img.membit.ai/v2/e0652487-4112-3c69-97f5-f96099e876ce.jpeg'}, 'content': 'ETH BTC looks good here', 'url': 'https://x.com/HerroCrypto/status/2006484729810530799', 'timestamp': '2025-12-31T21:56:52Z', 'engagement': {'likes': 127, 'replies': 1, 'retweets': 47}, 'mentioned': None, 'search_score': 0.6539531036119538}, {'id': 901420894, 'uuid': 'afe1a345-cb7e-6f3a-4c7d-d420135becc3', 'author': {'handle': '@TedPillows', 'name': 'Ted', 'profile_image': 'https://img.membit.ai/v2/81210924-6bdd-1e8f-e5d2-7715287b76eb.jpeg'}, 'content': '$BTC is clearly suppressed.', 'url': 'https://x.com/TedPillows/status/2006064531903070632', 'timestamp': '2025-12-30T18:07:09Z', 'engagement': {'likes': 846, 'replies': 136, 'retweets': 40}, 'mentioned': None, 'search_score': 0.6422239039763512}, {'id': 899332824, 'uuid': 'ac270aae-eed8-4d5d-0439-4bd5089f65b5', 'author': {'handle': '@PrimeXBT', 'name': 'PrimeXBT', 'profile_image': ''}, 'content': 'How do you see $BTC starting the year?', 'url': 'https://x.com/PrimeXBT/status/2005936378442313830', 'timestamp': '2025-12-30T09:37:55Z', 'engagement': {'likes': 72, 'replies': 27, 'retweets': 30}, 'mentioned': None, 'search_score': 0.604057575747012}, {'id': 910701744, 'uuid': 'b86fbb85-5be5-1819-6403-8dcf34b61eee', 'author': {'handle': '@cyrilXBT', 'name': 'CyrilXBT', 'profile_image': 'https://img.membit.ai/v2/430e3e46-7ab2-b355-e6a7-20c73a3c1a49.jpeg'}, 'content': 'Big Picture Takeaway on market updates so far:\n\n• BTC is consolidating, not collapsing\n• ETH and alts are still in accumulation, not expansion\n• BTC dominance explains the pain\n• Real moves will come when everyone gets tired and gives up', 'url': 'https://x.com/cyrilXBT/status/2006640794795696372', 'timestamp': '2026-01-01T08:17:01Z', 'engagement': {'likes': 71, 'replies': 13, 'retweets': 8}, 'mentioned': None, 'search_score': 0.5108845751962537}, {'id': 900854654, 'uuid': '3f30a51d-4a24-4956-1ecb-d40dc4bb1e67', 'author': {'handle': '@Mr_Derivatives', 'name': 'Heisenberg', 'profile_image': 'https://img.membit.ai/v2/9d30381e-2716-b317-ed6e-97ac7f90f431.jpeg'}, 'content': '$BTC\n\nThe more chop and consolidation here the harder the eventual breakout (or god forbid breakdown).\n\nCoiling to a point the coil needs to uncoil and go coily.\n\nGet ready..', 'url': 'https://x.com/Mr_Derivatives/status/2006025633004945519', 'timestamp': '2025-12-30T15:32:35Z', 'engagement': {'likes': 294, 'replies': 38, 'retweets': 6}, 'mentioned': None, 'search_score': 0.5090594963175467}]}
    [Membit] Found 5 posts
    [Tool] search_posts -> Recent posts:

1. ETH BTC looks good here [2025-12-31T21:56:52Z]
2. $BTC is clearly suppressed. [2025-12-30T18:07:09Z]
3. How do you see $BTC starting the year? [2025-12-30T09:37:55Z]
4. Big Picture Takeaway on market updates so far:

• BTC is consolidating, not collapsing
• ETH and alts are still in accumulation, not expansion
• BTC dominance explains the pain
• Real moves will come when everyone gets tired and gives up [2026-01-01T08:17:01Z]
5. $BTC

The more chop and consolidation here the harder the eventual breakout (or god forbid breakdown).

Coiling to a point the coil needs to uncoil and go coily.

Get ready.. [2025-12-30T15:32:35Z]
    [Tool] get_portfolio({"symbol": "BTC"})
    [Tool] get_portfolio -> {
  "symbol": "BTC",
  "current_price": 87908.49,
  "starting_capital": 10000.0,
  "portfolio_value": 10000.0,
  "available_cash": 10000.0,
  "total_pnl": 0.0,
  "total_pnl_percent": 0.0,
  "total_fees_paid": 0.0,
  "trades_completed": 0,
  "has_position": false
}
    [Tool] buy({"usd_amount": 500.0, "symbol": "BTC"})
    [Tool] buy -> Bought 0.00568773 BTC for $500.00 at $87,908.49 (fee: $0.50)
  -> BUY | 5 tools

Saved: run_20260101_230343.json

==============================================================================================================
  RUN SUMMARY - Actions Taken
==============================================================================================================
Model                Mode     Action   Details                                            Fee        Tools 
--------------------------------------------------------------------------------------------------------------
llama3.1-8b          basic    NONE     No trade executed                                  -          1     
llama3.1-8b          membit   BUY      $3,000 @ $87,908 -> 0.034126 BTC                   $3.00      3     
llama-3.3-70b        basic    NONE     No trade executed                                  -          1     
llama-3.3-70b        membit   NONE     No trade executed                                  -          1     
qwen-3-32b           basic    HOLD     Holding cash: $10,000                              -          2     
qwen-3-32b           membit   BUY      $500 @ $87,908 -> 0.005688 BTC                     $0.50      5     
==============================================================================================================

============================================================
  LEADERBOARD (BTC)
============================================================
Config                         Value        P&L          Return    
----------------------------------------------------------------
1. llama-3.3-70b (basic)        $ 10,000.00 $     +0.00    +0.00%
2. llama-3.3-70b (membit)       $ 10,000.00 $     +0.00    +0.00%
3. qwen-3-32b (basic)           $ 10,000.00 $     +0.00    +0.00%
4. qwen-3-32b (membit)          $  9,999.50 $     -0.50    -0.01%
5. llama3.1-8b (membit)         $  9,997.00 $     -3.00    -0.03%
6. llama3.1-8b (basic)          $  9,996.89 $     -3.11    -0.03%

  WINNER: llama-3.3-70b (basic) with $+0.00 (+0.00%)

Next run at: 2026-01-02T00:03:43
Sleeping for 60 minutes...

############################################################
  RUN #3
############################################################

============================================================
  Trading Simulation Run: 2026-01-02T00:03:43.643347
  Symbol: BTC | Starting Capital: $10,000
============================================================

BTC Price: $87,871.00

[llama3.1-8b] (basic) - Portfolio: $9,993.05
    [Tool] get_portfolio({"symbol": "BTC"})
    [Tool] get_portfolio -> {
  "symbol": "BTC",
  "current_price": 87871.0,
  "starting_capital": 10000.0,
  "portfolio_value": 9993.05,
  "available_cash": 991.0,
  "total_pnl": -6.95,
  "total_pnl_percent": -0.07,
  "total_fees_paid": 9.0,
  "trades_completed": 1,
  "has_position": true,
  "position": {
    "symbol": "BTC",
    "asset_amount": 0.10244616,
    "entry_price": 87851.03,
    "current_price": 87871.0,
    "position_value": 9002.05,
    "unrealized_pnl": 2.05
  }
}
    [Tool] buy({"usd_amount": 600.0, "symbol": "BTC"})
    [Tool] buy -> Bought 0.00682819 BTC for $600.00 at $87,871.00 (fee: $0.60)
  -> BUY | 2 tools
[llama3.1-8b] (membit) - Portfolio: $9,995.72
    [Tool] get_portfolio({"symbol": "BTC"})
    [Tool] get_portfolio -> {
  "symbol": "BTC",
  "current_price": 87871.0,
  "starting_capital": 10000.0,
  "portfolio_value": 9995.72,
  "available_cash": 6997.0,
  "total_pnl": -4.28,
  "total_pnl_percent": -0.04,
  "total_fees_paid": 3.0,
  "trades_completed": 1,
  "has_position": true,
  "position": {
    "symbol": "BTC",
    "asset_amount": 0.0341264,
    "entry_price": 87908.49,
    "current_price": 87871.0,
    "position_value": 2998.72,
    "unrealized_pnl": -1.28
  }
}
  -> no action | 1 tools
[llama-3.3-70b] (basic) - Portfolio: $10,000.00
    [Tool] get_portfolio({"symbol": "BTC"})
    [Tool] get_portfolio -> {
  "symbol": "BTC",
  "current_price": 87871.0,
  "starting_capital": 10000.0,
  "portfolio_value": 10000.0,
  "available_cash": 10000.0,
  "total_pnl": 0.0,
  "total_pnl_percent": 0.0,
  "total_fees_paid": 0.0,
  "trades_completed": 0,
  "has_position": false
}
    [Tool] hold({"symbol": "BTC"})
    [Tool] hold -> Holding position. No position. Cash: $10,000.00
  -> HOLD | 2 tools
[llama-3.3-70b] (membit) - Portfolio: $10,000.00
    [Tool] get_portfolio({"symbol": "BTC"})
    [Tool] get_portfolio -> {
  "symbol": "BTC",
  "current_price": 87871.0,
  "starting_capital": 10000.0,
  "portfolio_value": 10000.0,
  "available_cash": 10000.0,
  "total_pnl": 0.0,
  "total_pnl_percent": 0.0,
  "total_fees_paid": 0.0,
  "trades_completed": 0,
  "has_position": false
}
    [Tool] hold({"symbol": "BTC"})
    [Tool] hold -> Holding position. No position. Cash: $10,000.00
  -> HOLD | 2 tools
[qwen-3-32b] (basic) - Portfolio: $10,000.00
    [Tool] get_portfolio({"symbol": "BTC"})
    [Tool] get_portfolio -> {
  "symbol": "BTC",
  "current_price": 87871.0,
  "starting_capital": 10000.0,
  "portfolio_value": 10000.0,
  "available_cash": 10000.0,
  "total_pnl": 0.0,
  "total_pnl_percent": 0.0,
  "total_fees_paid": 0.0,
  "trades_completed": 0,
  "has_position": false
}
    [Tool] hold({"symbol": "BTC"})
    [Tool] hold -> Holding position. No position. Cash: $10,000.00
  -> HOLD | 2 tools
[qwen-3-32b] (membit) - Portfolio: $9,999.29
    [Tool] get_portfolio({"symbol": "BTC"})
    [Tool] get_portfolio -> {
  "symbol": "BTC",
  "current_price": 87871.0,
  "starting_capital": 10000.0,
  "portfolio_value": 9999.29,
  "available_cash": 9499.5,
  "total_pnl": -0.71,
  "total_pnl_percent": -0.01,
  "total_fees_paid": 0.5,
  "trades_completed": 1,
  "has_position": true,
  "position": {
    "symbol": "BTC",
    "asset_amount": 0.00568773,
    "entry_price": 87908.49,
    "current_price": 87871.0,
    "position_value": 499.79,
    "unrealized_pnl": -0.21
  }
}
    [Tool] search_posts({"query": "BTC market sentiment", "limit": 5})
    [Membit] post_search('BTC market sentiment') raw response: {'posts': [{'id': 897990719, 'uuid': '1a52b6cd-86d9-f3e1-8d2f-8a6ff246dcb3', 'author': {'handle': '@SolJakey', 'name': 'Jakey', 'profile_image': 'https://img.membit.ai/v2/f6555eee-04f5-19a3-3e1b-475a2f536883.jpeg'}, 'content': 'Creator coins sentiment bottom.', 'url': 'https://x.com/SolJakey/status/2005850136933503314', 'timestamp': '2025-12-30T03:55:14Z', 'engagement': {'likes': 95, 'replies': 75, 'retweets': 8}, 'mentioned': None, 'search_score': 0.501025137580313}, {'id': 898283857, 'uuid': 'd1f91dc0-af5f-6d0d-20a6-be9d0fed2f83', 'author': {'handle': '@AltcoinDaily', 'name': 'Altcoin Daily', 'profile_image': 'https://img.membit.ai/v2/a87817be-912f-46f1-3961-95aceac477e1.jpeg'}, 'content': 'Bitcoin can go a lot lower. That is possible.\n\nMore likely → $BTC fair value is well over $100k.\n\nThe more time that passes the more certain I am.', 'url': 'https://x.com/AltcoinDaily/status/2005868328129315236', 'timestamp': '2025-12-30T05:07:31Z', 'engagement': {'likes': 278, 'replies': 109, 'retweets': 15}, 'mentioned': None, 'search_score': 0.4719179346333324}, {'id': 900854654, 'uuid': '3f30a51d-4a24-4956-1ecb-d40dc4bb1e67', 'author': {'handle': '@Mr_Derivatives', 'name': 'Heisenberg', 'profile_image': 'https://img.membit.ai/v2/9d30381e-2716-b317-ed6e-97ac7f90f431.jpeg'}, 'content': '$BTC\n\nThe more chop and consolidation here the harder the eventual breakout (or god forbid breakdown).\n\nCoiling to a point the coil needs to uncoil and go coily.\n\nGet ready..', 'url': 'https://x.com/Mr_Derivatives/status/2006025633004945519', 'timestamp': '2025-12-30T15:32:35Z', 'engagement': {'likes': 294, 'replies': 38, 'retweets': 6}, 'mentioned': None, 'search_score': 0.4635128284547798}, {'id': 910701744, 'uuid': 'b86fbb85-5be5-1819-6403-8dcf34b61eee', 'author': {'handle': '@cyrilXBT', 'name': 'CyrilXBT', 'profile_image': 'https://img.membit.ai/v2/430e3e46-7ab2-b355-e6a7-20c73a3c1a49.jpeg'}, 'content': 'Big Picture Takeaway on market updates so far:\n\n• BTC is consolidating, not collapsing\n• ETH and alts are still in accumulation, not expansion\n• BTC dominance explains the pain\n• Real moves will come when everyone gets tired and gives up', 'url': 'https://x.com/cyrilXBT/status/2006640794795696372', 'timestamp': '2026-01-01T08:17:01Z', 'engagement': {'likes': 71, 'replies': 13, 'retweets': 8}, 'mentioned': None, 'search_score': 0.45690296849683343}, {'id': 900880708, 'uuid': 'a794825d-3646-b1b9-065d-46d93b7122e3', 'author': {'handle': '@DonWedge', 'name': 'Don ', 'profile_image': 'https://img.membit.ai/v2/4a8dc8db-9840-4610-7710-b1a69a9754b7.jpeg'}, 'content': '$BTC $89000', 'url': 'https://x.com/DonWedge/status/2006031677089255609', 'timestamp': '2025-12-30T15:56:36Z', 'engagement': {'likes': 188, 'replies': 36, 'retweets': 1}, 'mentioned': None, 'search_score': 0.4518503473676647}]}
    [Membit] Found 5 posts
    [Tool] search_posts -> Recent posts:

1. Creator coins sentiment bottom. [2025-12-30T03:55:14Z]
2. Bitcoin can go a lot lower. That is possible.

More likely → $BTC fair value is well over $100k.

The more time that passes the more certain I am. [2025-12-30T05:07:31Z]
3. $BTC

The more chop and consolidation here the harder the eventual breakout (or god forbid breakdown).

Coiling to a point the coil needs to uncoil and go coily.

Get ready.. [2025-12-30T15:32:35Z]
4. Big Picture Takeaway on market updates so far:

• BTC is consolidating, not collapsing
• ETH and alts are still in accumulation, not expansion
• BTC dominance explains the pain
• Real moves will come when everyone gets tired and gives up [2026-01-01T08:17:01Z]
5. $BTC $89000 [2025-12-30T15:56:36Z]
    [Tool] get_portfolio({"symbol": "BTC"})
    [Tool] get_portfolio -> {
  "symbol": "BTC",
  "current_price": 87871.0,
  "starting_capital": 10000.0,
  "portfolio_value": 9999.29,
  "available_cash": 9499.5,
  "total_pnl": -0.71,
  "total_pnl_percent": -0.01,
  "total_fees_paid": 0.5,
  "trades_completed": 1,
  "has_position": true,
  "position": {
    "symbol": "BTC",
    "asset_amount": 0.00568773,
    "entry_price": 87908.49,
    "current_price": 87871.0,
    "position_value": 499.79,
    "unrealized_pnl": -0.21
  }
}
  -> no action | 3 tools

Saved: run_20260102_000404.json

==============================================================================================================
  RUN SUMMARY - Actions Taken
==============================================================================================================
Model                Mode     Action   Details                                            Fee        Tools 
--------------------------------------------------------------------------------------------------------------
llama3.1-8b          basic    BUY      $600 @ $87,871 -> 0.006828 BTC                     $0.60      2     
llama3.1-8b          membit   NONE     No trade executed                                  -          1     
llama-3.3-70b        basic    HOLD     Holding cash: $10,000                              -          2     
llama-3.3-70b        membit   HOLD     Holding cash: $10,000                              -          2     
qwen-3-32b           basic    HOLD     Holding cash: $10,000                              -          2     
qwen-3-32b           membit   NONE     No trade executed                                  -          3     
==============================================================================================================

============================================================
  LEADERBOARD (BTC)
============================================================
Config                         Value        P&L          Return    
----------------------------------------------------------------
1. llama-3.3-70b (basic)        $ 10,000.00 $     +0.00    +0.00%
2. llama-3.3-70b (membit)       $ 10,000.00 $     +0.00    +0.00%
3. qwen-3-32b (basic)           $ 10,000.00 $     +0.00    +0.00%
4. qwen-3-32b (membit)          $  9,999.29 $     -0.71    -0.01%
5. llama3.1-8b (membit)         $  9,995.72 $     -4.28    -0.04%
6. llama3.1-8b (basic)          $  9,992.45 $     -7.55    -0.08%

  WINNER: llama-3.3-70b (basic) with $+0.00 (+0.00%)

Next run at: 2026-01-02T01:04:04
Sleeping for 60 minutes...

############################################################
  RUN #4
############################################################

============================================================
  Trading Simulation Run: 2026-01-02T01:04:04.961086
  Symbol: BTC | Starting Capital: $10,000
============================================================

BTC Price: $88,195.16

[llama3.1-8b] (basic) - Portfolio: $10,027.87
    [Tool] get_portfolio({"symbol": "BTC"})
    [Tool] get_portfolio -> {
  "symbol": "BTC",
  "current_price": 88195.16,
  "starting_capital": 10000.0,
  "portfolio_value": 10027.87,
  "available_cash": 390.4,
  "total_pnl": 27.87,
  "total_pnl_percent": 0.28,
  "total_fees_paid": 9.6,
  "trades_completed": 2,
  "has_position": true,
  "position": {
    "symbol": "BTC",
    "asset_amount": 0.10927435,
    "entry_price": 87852.27,
    "current_price": 88195.16,
    "position_value": 9637.47,
    "unrealized_pnl": 37.47
  }
}
    [Tool] buy({"usd_amount": 150, "symbol": "BTC"})
    [Tool] buy -> Bought 0.00170077 BTC for $150.00 at $88,195.16 (fee: $0.15)
  -> BUY | 2 tools
[llama3.1-8b] (membit) - Portfolio: $10,006.78
    [Tool] get_portfolio({"symbol": "BTC"})
    [Tool] get_portfolio -> {
  "symbol": "BTC",
  "current_price": 88195.16,
  "starting_capital": 10000.0,
  "portfolio_value": 10006.78,
  "available_cash": 6997.0,
  "total_pnl": 6.78,
  "total_pnl_percent": 0.07,
  "total_fees_paid": 3.0,
  "trades_completed": 1,
  "has_position": true,
  "position": {
    "symbol": "BTC",
    "asset_amount": 0.0341264,
    "entry_price": 87908.49,
    "current_price": 88195.16,
    "position_value": 3009.78,
    "unrealized_pnl": 9.78
  }
}
  -> no action | 1 tools
[llama-3.3-70b] (basic) - Portfolio: $10,000.00
    [Tool] get_portfolio({"symbol": "BTC"})
    [Tool] get_portfolio -> {
  "symbol": "BTC",
  "current_price": 88195.16,
  "starting_capital": 10000.0,
  "portfolio_value": 10000.0,
  "available_cash": 10000.0,
  "total_pnl": 0.0,
  "total_pnl_percent": 0.0,
  "total_fees_paid": 0.0,
  "trades_completed": 0,
  "has_position": false
}
  -> no action | 1 tools
[llama-3.3-70b] (membit) - Portfolio: $10,000.00
    [Tool] get_portfolio({"symbol": "BTC"})
    [Tool] get_portfolio -> {
  "symbol": "BTC",
  "current_price": 88195.16,
  "starting_capital": 10000.0,
  "portfolio_value": 10000.0,
  "available_cash": 10000.0,
  "total_pnl": 0.0,
  "total_pnl_percent": 0.0,
  "total_fees_paid": 0.0,
  "trades_completed": 0,
  "has_position": false
}
    [Tool] hold({"symbol": "BTC"})
    [Tool] hold -> Holding position. No position. Cash: $10,000.00
  -> HOLD | 2 tools
[qwen-3-32b] (basic) - Portfolio: $10,000.00
    [Tool] get_portfolio({"symbol": "BTC"})
    [Tool] get_portfolio -> {
  "symbol": "BTC",
  "current_price": 88195.16,
  "starting_capital": 10000.0,
  "portfolio_value": 10000.0,
  "available_cash": 10000.0,
  "total_pnl": 0.0,
  "total_pnl_percent": 0.0,
  "total_fees_paid": 0.0,
  "trades_completed": 0,
  "has_position": false
}
    [Tool] hold({"symbol": "BTC"})
    [Tool] hold -> Holding position. No position. Cash: $10,000.00
  -> HOLD | 2 tools
[qwen-3-32b] (membit) - Portfolio: $10,001.13
    [Tool] get_portfolio({"symbol": "BTC"})
    [Tool] get_portfolio -> {
  "symbol": "BTC",
  "current_price": 88195.16,
  "starting_capital": 10000.0,
  "portfolio_value": 10001.13,
  "available_cash": 9499.5,
  "total_pnl": 1.13,
  "total_pnl_percent": 0.01,
  "total_fees_paid": 0.5,
  "trades_completed": 1,
  "has_position": true,
  "position": {
    "symbol": "BTC",
    "asset_amount": 0.00568773,
    "entry_price": 87908.49,
    "current_price": 88195.16,
    "position_value": 501.63,
    "unrealized_pnl": 1.63
  }
}
    [Tool] search_posts({"query": "Bitcoin", "limit": 5})
    [Membit] post_search('Bitcoin') raw response: {'posts': [{'id': 902688900, 'uuid': 'd6466dc6-20ad-afef-5f7c-5cb9fdda0298', 'author': {'handle': '@arianafeeds', 'name': 'ariana feeds', 'profile_image': 'https://img.membit.ai/v2/96d1a4f5-ff9d-5fbe-cfd3-f69d246e97eb.jpeg'}, 'content': '♡', 'url': 'https://x.com/arianafeeds/status/2006164655287173445', 'timestamp': '2025-12-31T00:45:01Z', 'engagement': {'likes': 3746, 'replies': 2, 'retweets': 446}, 'mentioned': None, 'search_score': 0.8986542845105747}, {'id': 901344861, 'uuid': '80eaf66d-c50e-0247-0666-6d29ff8447ff', 'author': {'handle': '@AltCryptoGems', 'name': 'Sjuul | AltCryptoGems', 'profile_image': ''}, 'content': '👀👀', 'url': 'https://x.com/AltCryptoGems/status/2006060013396136143', 'timestamp': '2025-12-30T17:49:12Z', 'engagement': {'likes': 624, 'replies': 7, 'retweets': 4}, 'mentioned': None, 'search_score': 0.890940774009373}, {'id': 900354687, 'uuid': '66b12040-4098-e94a-b44a-9bd420a02fc2', 'author': {'handle': '@vechainofficial', 'name': 'VeChain', 'profile_image': ''}, 'content': '👀', 'url': 'https://x.com/vechainofficial/status/2005996150525157538', 'timestamp': '2025-12-30T13:35:26Z', 'engagement': {'likes': 509, 'replies': 37, 'retweets': 104}, 'mentioned': None, 'search_score': 0.8886251757741297}, {'id': 901344499, 'uuid': '6e34acad-c1d5-e603-6a66-d2df0849fcf4', 'author': {'handle': '@AltCryptoGems', 'name': 'Sjuul | AltCryptoGems', 'profile_image': ''}, 'content': '👀👀', 'url': 'https://x.com/AltCryptoGems/status/2006059963932680413', 'timestamp': '2025-12-30T17:49:00Z', 'engagement': {'likes': 727, 'replies': 6, 'retweets': 3}, 'mentioned': None, 'search_score': 0.8835478948441419}, {'id': 904730347, 'uuid': '39cb4cbb-9db6-6a41-f890-fff58839f84c', 'author': {'handle': '@elonmusk', 'name': 'Elon Musk', 'profile_image': 'https://img.membit.ai/v2/9d1aa8ee-8a8f-b3e7-fad9-1fc69956f2b9.jpeg'}, 'content': 'None', 'url': 'https://x.com/elonmusk/status/2006295080517455935', 'timestamp': '2025-12-31T09:23:17Z', 'engagement': {'likes': 12028, 'replies': 306, 'retweets': 473}, 'mentioned': None, 'search_score': 0.8762224584547728}]}
    [Membit] Found 5 posts
    [Tool] search_posts -> Recent posts:

1. ♡ [2025-12-31T00:45:01Z]
2. 👀👀 [2025-12-30T17:49:12Z]
3. 👀 [2025-12-30T13:35:26Z]
4. 👀👀 [2025-12-30T17:49:00Z]
5. None [2025-12-31T09:23:17Z]
    [Tool] hold({"symbol": "BTC"})
    [Tool] hold -> Holding position. Current BTC: 0.00568773, Unrealized P&L: $+1.63
  -> HOLD | 3 tools

Saved: run_20260102_010430.json

==============================================================================================================
  RUN SUMMARY - Actions Taken
==============================================================================================================
Model                Mode     Action   Details                                            Fee        Tools 
--------------------------------------------------------------------------------------------------------------
llama3.1-8b          basic    BUY      $150 @ $88,195 -> 0.001701 BTC                     $0.15      2     
llama3.1-8b          membit   NONE     No trade executed                                  -          1     
llama-3.3-70b        basic    NONE     No trade executed                                  -          1     
llama-3.3-70b        membit   HOLD     Holding cash: $10,000                              -          2     
qwen-3-32b           basic    HOLD     Holding cash: $10,000                              -          2     
qwen-3-32b           membit   HOLD     Holding 0.005688 BTC ($502)                        -          3     
==============================================================================================================

============================================================
  LEADERBOARD (BTC)
============================================================
Config                         Value        P&L          Return    
----------------------------------------------------------------
1. llama3.1-8b (basic)          $ 10,027.72 $    +27.72    +0.28%
2. llama3.1-8b (membit)         $ 10,006.78 $     +6.78    +0.07%
3. qwen-3-32b (membit)          $ 10,001.13 $     +1.13    +0.01%
4. llama-3.3-70b (basic)        $ 10,000.00 $     +0.00    +0.00%
5. llama-3.3-70b (membit)       $ 10,000.00 $     +0.00    +0.00%
6. qwen-3-32b (basic)           $ 10,000.00 $     +0.00    +0.00%

  WINNER: llama3.1-8b (basic) with $+27.72 (+0.28%)

Next run at: 2026-01-02T02:04:30
Sleeping for 60 minutes...

############################################################
  RUN #5
############################################################

============================================================
  Trading Simulation Run: 2026-01-02T02:04:31.000260
  Symbol: BTC | Starting Capital: $10,000
============================================================

BTC Price: $88,061.20

[llama3.1-8b] (basic) - Portfolio: $10,012.85
    [Tool] get_portfolio({"symbol": "BTC"})
    [Tool] get_portfolio -> {
  "symbol": "BTC",
  "current_price": 88061.2,
  "starting_capital": 10000.0,
  "portfolio_value": 10012.85,
  "available_cash": 240.25,
  "total_pnl": 12.85,
  "total_pnl_percent": 0.13,
  "total_fees_paid": 9.75,
  "trades_completed": 3,
  "has_position": true,
  "position": {
    "symbol": "BTC",
    "asset_amount": 0.11097512,
    "entry_price": 87857.53,
    "current_price": 88061.2,
    "position_value": 9772.6,
    "unrealized_pnl": 22.6
  }
}
    [Tool] hold({"symbol": "BTC"})
    [Tool] hold -> Holding position. Current BTC: 0.11097512, Unrealized P&L: $+22.60
  -> HOLD | 2 tools
[llama3.1-8b] (membit) - Portfolio: $10,002.21
    [Tool] get_portfolio({"symbol": "BTC"})
    [Tool] get_portfolio -> {
  "symbol": "BTC",
  "current_price": 88061.2,
  "starting_capital": 10000.0,
  "portfolio_value": 10002.21,
  "available_cash": 6997.0,
  "total_pnl": 2.21,
  "total_pnl_percent": 0.02,
  "total_fees_paid": 3.0,
  "trades_completed": 1,
  "has_position": true,
  "position": {
    "symbol": "BTC",
    "asset_amount": 0.0341264,
    "entry_price": 87908.49,
    "current_price": 88061.2,
    "position_value": 3005.21,
    "unrealized_pnl": 5.21
  }
}
    [Tool] get_portfolio({})
    [Tool] get_portfolio -> {
  "symbol": "BTC",
  "current_price": 88061.2,
  "starting_capital": 10000.0,
  "portfolio_value": 10002.21,
  "available_cash": 6997.0,
  "total_pnl": 2.21,
  "total_pnl_percent": 0.02,
  "total_fees_paid": 3.0,
  "trades_completed": 1,
  "has_position": true,
  "position": {
    "symbol": "BTC",
    "asset_amount": 0.0341264,
    "entry_price": 87908.49,
    "current_price": 88061.2,
    "position_value": 3005.21,
    "unrealized_pnl": 5.21
  }
}
    [Tool] search_posts({"query": "BTC", "limit": 10})
    [Membit] post_search('BTC') raw response: {'posts': [{'id': 904536286, 'uuid': 'bae96cc3-b18c-db94-414e-6888f18f5126', 'author': {'handle': '@Paradoxcalls', 'name': 'Paradox', 'profile_image': 'https://img.membit.ai/v2/f3f2bc44-50d0-1a23-fca4-99999bc7d840.jpeg'}, 'content': 'GM', 'url': 'https://x.com/Paradoxcalls/status/2006280662823694760', 'timestamp': '2025-12-31T08:25:59Z', 'engagement': {'likes': 201, 'replies': 201, 'retweets': 16}, 'mentioned': None, 'search_score': 0.9330287326950143}, {'id': 902688900, 'uuid': 'd6466dc6-20ad-afef-5f7c-5cb9fdda0298', 'author': {'handle': '@arianafeeds', 'name': 'ariana feeds', 'profile_image': 'https://img.membit.ai/v2/96d1a4f5-ff9d-5fbe-cfd3-f69d246e97eb.jpeg'}, 'content': '♡', 'url': 'https://x.com/arianafeeds/status/2006164655287173445', 'timestamp': '2025-12-31T00:45:01Z', 'engagement': {'likes': 3746, 'replies': 2, 'retweets': 446}, 'mentioned': None, 'search_score': 0.9117192602302875}, {'id': 907496883, 'uuid': '72a2679a-dc17-0eef-14c0-d89f618f1264', 'author': {'handle': '@BigTenNetwork', 'name': 'Big Ten Network', 'profile_image': 'https://img.membit.ai/v2/bafc909d-fbc3-8203-fc4d-8aca30fba6d9.jpeg'}, 'content': '-', 'url': 'https://x.com/BigTenNetwork/status/2006463219100168682', 'timestamp': '2025-12-31T20:31:24Z', 'engagement': {'likes': 1954, 'replies': 37, 'retweets': 109}, 'mentioned': None, 'search_score': 0.8681200390219075}, {'id': 901344861, 'uuid': '80eaf66d-c50e-0247-0666-6d29ff8447ff', 'author': {'handle': '@AltCryptoGems', 'name': 'Sjuul | AltCryptoGems', 'profile_image': ''}, 'content': '👀👀', 'url': 'https://x.com/AltCryptoGems/status/2006060013396136143', 'timestamp': '2025-12-30T17:49:12Z', 'engagement': {'likes': 624, 'replies': 7, 'retweets': 4}, 'mentioned': None, 'search_score': 0.8633914474044243}, {'id': 908904778, 'uuid': 'b0647a5a-2b4c-a921-60f1-1fabfcc9e511', 'author': {'handle': '@MrOhio', 'name': 'Mr. Ohio', 'profile_image': 'https://img.membit.ai/v2/4cd8bfa0-8f02-3d49-6d69-3819a3319741.jpeg'}, 'content': 'Game', 'url': 'https://x.com/MrOhio/status/2006571870204887478', 'timestamp': '2026-01-01T03:43:08Z', 'engagement': {'likes': 328, 'replies': 103, 'retweets': 8}, 'mentioned': None, 'search_score': 0.8607649472746058}, {'id': 900354687, 'uuid': '66b12040-4098-e94a-b44a-9bd420a02fc2', 'author': {'handle': '@vechainofficial', 'name': 'VeChain', 'profile_image': ''}, 'content': '👀', 'url': 'https://x.com/vechainofficial/status/2005996150525157538', 'timestamp': '2025-12-30T13:35:26Z', 'engagement': {'likes': 510, 'replies': 37, 'retweets': 104}, 'mentioned': None, 'search_score': 0.8593028517355815}, {'id': 901344499, 'uuid': '6e34acad-c1d5-e603-6a66-d2df0849fcf4', 'author': {'handle': '@AltCryptoGems', 'name': 'Sjuul | AltCryptoGems', 'profile_image': ''}, 'content': '👀👀', 'url': 'https://x.com/AltCryptoGems/status/2006059963932680413', 'timestamp': '2025-12-30T17:49:00Z', 'engagement': {'likes': 727, 'replies': 6, 'retweets': 3}, 'mentioned': None, 'search_score': 0.8495592160984379}, {'id': 896375860, 'uuid': 'f2b753ac-c604-8011-4877-0bd2c711dc7e', 'author': {'handle': '@miinapooh', 'name': 'mina', 'profile_image': 'https://img.membit.ai/v2/ed98ac48-0e38-60a1-6397-8363ac737199.jpeg'}, 'content': 'hi', 'url': 'https://x.com/miinapooh/status/2005743243539947538', 'timestamp': '2025-12-29T20:50:28Z', 'engagement': {'likes': 3799, 'replies': 53, 'retweets': 88}, 'mentioned': None, 'search_score': 0.8431568742780465}, {'id': 900532415, 'uuid': 'd15ebf64-6ad0-a8c3-b386-bcd7e0ad26ba', 'author': {'handle': '@wurts2021', 'name': 'WurtS', 'profile_image': 'https://img.membit.ai/v2/0d7682dc-7d49-3089-271c-d06d0b2e4709.jpeg'}, 'content': 'UPDATE', 'url': 'https://x.com/wurts2021/status/2005972136394190921', 'timestamp': '2025-12-30T12:00:01Z', 'engagement': {'likes': 1880, 'replies': 6, 'retweets': 265}, 'mentioned': None, 'search_score': 0.8403404874079047}, {'id': 900532288, 'uuid': 'c1ca084a-6353-9093-4568-21ba08b49848', 'author': {'handle': '@PEOPLE1_STAFF', 'name': 'PEOPLE 1 スタッフ', 'profile_image': 'https://img.membit.ai/v2/122aa526-49db-db4d-5c43-36f3822d388e.jpeg'}, 'content': 'UPDATE', 'url': 'https://x.com/PEOPLE1_STAFF/status/2005972168287699193', 'timestamp': '2025-12-30T12:00:08Z', 'engagement': {'likes': 1550, 'replies': 2, 'retweets': 290}, 'mentioned': None, 'search_score': 0.8394207588583955}]}
    [Membit] Found 10 posts
    [Tool] search_posts -> Recent posts:

1. GM [2025-12-31T08:25:59Z]
2. ♡ [2025-12-31T00:45:01Z]
3. - [2025-12-31T20:31:24Z]
4. 👀👀 [2025-12-30T17:49:12Z]
5. Game [2026-01-01T03:43:08Z]
6. 👀 [2025-12-30T13:35:26Z]
7. 👀👀 [2025-12-30T17:49:00Z]
8. hi [2025-12-29T20:50:28Z]
9. UPDATE [2025-12-30T12:00:01Z]
10. UPDATE [2025-12-30T12:00:08Z]
    [Tool] get_portfolio({})
    [Tool] get_portfolio -> {
  "symbol": "BTC",
  "current_price": 88061.2,
  "starting_capital": 10000.0,
  "portfolio_value": 10002.21,
  "available_cash": 6997.0,
  "total_pnl": 2.21,
  "total_pnl_percent": 0.02,
  "total_fees_paid": 3.0,
  "trades_completed": 1,
  "has_position": true,
  "position": {
    "symbol": "BTC",
    "asset_amount": 0.0341264,
    "entry_price": 87908.49,
    "current_price": 88061.2,
    "position_value": 3005.21,
    "unrealized_pnl": 5.21
  }
}
    [Tool] buy({"usd_amount": 3498.551, "symbol": "BTC"})
    [Tool] buy -> Bought 0.03972863 BTC for $3,498.55 at $88,061.20 (fee: $3.50)
  -> BUY | 5 tools
[llama-3.3-70b] (basic) - Portfolio: $10,000.00
    [Tool] get_portfolio({"symbol": "BTC"})
    [Tool] get_portfolio -> {
  "symbol": "BTC",
  "current_price": 88061.2,
  "starting_capital": 10000.0,
  "portfolio_value": 10000.0,
  "available_cash": 10000.0,
  "total_pnl": 0.0,
  "total_pnl_percent": 0.0,
  "total_fees_paid": 0.0,
  "trades_completed": 0,
  "has_position": false
}
    [Tool] hold({"symbol": "BTC"})
    [Tool] hold -> Holding position. No position. Cash: $10,000.00
  -> HOLD | 2 tools
[llama-3.3-70b] (membit) - Portfolio: $10,000.00
    [Tool] get_portfolio({"symbol": "BTC"})
    [Tool] get_portfolio -> {
  "symbol": "BTC",
  "current_price": 88061.2,
  "starting_capital": 10000.0,
  "portfolio_value": 10000.0,
  "available_cash": 10000.0,
  "total_pnl": 0.0,
  "total_pnl_percent": 0.0,
  "total_fees_paid": 0.0,
  "trades_completed": 0,
  "has_position": false
}
    [Tool] hold({"symbol": "BTC"})
    [Tool] hold -> Holding position. No position. Cash: $10,000.00
  -> HOLD | 2 tools
[qwen-3-32b] (basic) - Portfolio: $10,000.00
    [Tool] get_portfolio({"symbol": "BTC"})
    [Tool] get_portfolio -> {
  "symbol": "BTC",
  "current_price": 88061.2,
  "starting_capital": 10000.0,
  "portfolio_value": 10000.0,
  "available_cash": 10000.0,
  "total_pnl": 0.0,
  "total_pnl_percent": 0.0,
  "total_fees_paid": 0.0,
  "trades_completed": 0,
  "has_position": false
}
    [Tool] hold({"symbol": "BTC"})
    [Tool] hold -> Holding position. No position. Cash: $10,000.00
  -> HOLD | 2 tools
[qwen-3-32b] (membit) - Portfolio: $10,000.37
    [Tool] get_portfolio({"symbol": "BTC"})
    [Tool] get_portfolio -> {
  "symbol": "BTC",
  "current_price": 88061.2,
  "starting_capital": 10000.0,
  "portfolio_value": 10000.37,
  "available_cash": 9499.5,
  "total_pnl": 0.37,
  "total_pnl_percent": 0.0,
  "total_fees_paid": 0.5,
  "trades_completed": 1,
  "has_position": true,
  "position": {
    "symbol": "BTC",
    "asset_amount": 0.00568773,
    "entry_price": 87908.49,
    "current_price": 88061.2,
    "position_value": 500.87,
    "unrealized_pnl": 0.87
  }
}
  -> no action | 1 tools

Saved: run_20260102_020455.json

==============================================================================================================
  RUN SUMMARY - Actions Taken
==============================================================================================================
Model                Mode     Action   Details                                            Fee        Tools 
--------------------------------------------------------------------------------------------------------------
llama3.1-8b          basic    HOLD     Holding 0.110975 BTC ($9,773)                      -          2     
llama3.1-8b          membit   BUY      $3,499 @ $88,061 -> 0.039729 BTC                   $3.50      5     
llama-3.3-70b        basic    HOLD     Holding cash: $10,000                              -          2     
llama-3.3-70b        membit   HOLD     Holding cash: $10,000                              -          2     
qwen-3-32b           basic    HOLD     Holding cash: $10,000                              -          2     
qwen-3-32b           membit   NONE     No trade executed                                  -          1     
==============================================================================================================

============================================================
  LEADERBOARD (BTC)
============================================================
Config                         Value        P&L          Return    
----------------------------------------------------------------
1. llama3.1-8b (basic)          $ 10,012.85 $    +12.85    +0.13%
2. qwen-3-32b (membit)          $ 10,000.37 $     +0.37    +0.00%
3. llama-3.3-70b (basic)        $ 10,000.00 $     +0.00    +0.00%
4. llama-3.3-70b (membit)       $ 10,000.00 $     +0.00    +0.00%
5. qwen-3-32b (basic)           $ 10,000.00 $     +0.00    +0.00%
6. llama3.1-8b (membit)         $  9,998.71 $     -1.29    -0.01%

  WINNER: llama3.1-8b (basic) with $+12.85 (+0.13%)

Next run at: 2026-01-02T03:04:55
Sleeping for 60 minutes...

############################################################
  RUN #6
############################################################

============================================================
  Trading Simulation Run: 2026-01-02T03:04:55.376054
  Symbol: BTC | Starting Capital: $10,000
============================================================

BTC Price: $88,238.25

[llama3.1-8b] (basic) - Portfolio: $10,032.50
    [Tool] get_portfolio({"symbol": "BTC"})
    [Tool] get_portfolio -> {
  "symbol": "BTC",
  "current_price": 88238.25,
  "starting_capital": 10000.0,
  "portfolio_value": 10032.5,
  "available_cash": 240.25,
  "total_pnl": 32.5,
  "total_pnl_percent": 0.33,
  "total_fees_paid": 9.75,
  "trades_completed": 3,
  "has_position": true,
  "position": {
    "symbol": "BTC",
    "asset_amount": 0.11097512,
    "entry_price": 87857.53,
    "current_price": 88238.25,
    "position_value": 9792.25,
    "unrealized_pnl": 42.25
  }
}
  -> no action | 1 tools
[llama3.1-8b] (membit) - Portfolio: $10,011.79
    [Tool] get_portfolio({"symbol": "BTC"})
    [Tool] get_portfolio -> {
  "symbol": "BTC",
  "current_price": 88238.25,
  "starting_capital": 10000.0,
  "portfolio_value": 10011.79,
  "available_cash": 3494.95,
  "total_pnl": 11.79,
  "total_pnl_percent": 0.12,
  "total_fees_paid": 6.5,
  "trades_completed": 2,
  "has_position": true,
  "position": {
    "symbol": "BTC",
    "asset_amount": 0.07385503,
    "entry_price": 87990.64,
    "current_price": 88238.25,
    "position_value": 6516.84,
    "unrealized_pnl": 18.29
  }
}
    [Tool] search_posts({"query": "Bitcoin recent news", "limit": 5})
    [Membit] post_search('Bitcoin recent news') raw response: {'posts': [{'id': 906763251, 'uuid': 'ae07a370-adeb-95ef-e1f3-bd5daa39943f', 'author': {'handle': '@TrendingBitcoin', 'name': 'Trending Bitcoin', 'profile_image': ''}, 'content': 'Gold vs #Bitcoin https://t.co/jPhFdEaRpX', 'url': 'https://x.com/TrendingBitcoin/status/2006410773476814965', 'timestamp': '2025-12-31T17:03:00Z', 'engagement': {'likes': 315, 'replies': 5, 'retweets': 67}, 'mentioned': None, 'search_score': 0.5672592030738788}, {'id': 908680494, 'uuid': '38588278-d96b-7711-994e-92a454e6fbf8', 'author': {'handle': '@Cryptoemperor06', 'name': 'Crypto Emperor', 'profile_image': ''}, 'content': '🇺🇸 🇨🇳 President Trump says China is getting "very big" into Bitcoin and crypto. https://t.co/8fmevzCmqt', 'url': 'https://x.com/Cryptoemperor06/status/2006462667666632964', 'timestamp': '2025-12-31T20:29:12Z', 'engagement': {'likes': 145, 'replies': 8, 'retweets': 37}, 'mentioned': None, 'search_score': 0.5225969127909682}, {'id': 903633706, 'uuid': '729d7a2a-3946-69fe-ae52-ebfba0685058', 'author': {'handle': '@pushpendrakum', 'name': 'Pushpendra Singh', 'profile_image': 'https://img.membit.ai/v2/edde8f29-d906-14c5-cb3c-c75097e92009.jpeg'}, 'content': 'Bitcoin will hit NEW ATH in 2026.\n\nBookmark this.', 'url': 'https://x.com/pushpendrakum/status/2006200589693178189', 'timestamp': '2025-12-31T03:07:48Z', 'engagement': {'likes': 1313, 'replies': 189, 'retweets': 88}, 'mentioned': None, 'search_score': 0.5224023056998269}, {'id': 910067780, 'uuid': '3774ab82-4126-6153-f66d-800bfb6e717c', 'author': {'handle': '@coinvestasi', 'name': 'Coinvestasi', 'profile_image': ''}, 'content': 'Pertama Kalinya Dalam 14 Tahun, Pola Harga Bitcoin Berubah! https://t.co/5ZUDHpKmoi', 'url': 'https://x.com/coinvestasi/status/2006640851699847465', 'timestamp': '2026-01-01T08:17:15Z', 'engagement': {'likes': 233, 'replies': 25, 'retweets': 21}, 'mentioned': None, 'search_score': 0.5219527055699269}, {'id': 907806807, 'uuid': '227b61cc-e6c4-871d-d472-3fbe452811e0', 'author': {'handle': '@HerroCrypto', 'name': 'Herro', 'profile_image': 'https://img.membit.ai/v2/e0652487-4112-3c69-97f5-f96099e876ce.jpeg'}, 'content': 'ETH BTC looks good here', 'url': 'https://x.com/HerroCrypto/status/2006484729810530799', 'timestamp': '2025-12-31T21:56:52Z', 'engagement': {'likes': 127, 'replies': 1, 'retweets': 47}, 'mentioned': None, 'search_score': 0.5219427024165761}]}
    [Membit] Found 5 posts
    [Tool] search_posts -> Recent posts:

1. Gold vs #Bitcoin https://t.co/jPhFdEaRpX [2025-12-31T17:03:00Z]
2. 🇺🇸 🇨🇳 President Trump says China is getting "very big" into Bitcoin and crypto. https://t.co/8fmevzCmqt [2025-12-31T20:29:12Z]
3. Bitcoin will hit NEW ATH in 2026.

Bookmark this. [2025-12-31T03:07:48Z]
4. Pertama Kalinya Dalam 14 Tahun, Pola Harga Bitcoin Berubah! https://t.co/5ZUDHpKmoi [2026-01-01T08:17:15Z]
5. ETH BTC looks good here [2025-12-31T21:56:52Z]
    [Tool] buy({"usd_amount": 1000.0, "symbol": "BTC"})
    [Tool] buy -> Bought 0.01133295 BTC for $1,000.00 at $88,238.25 (fee: $1.00)
  -> BUY | 3 tools
[llama-3.3-70b] (basic) - Portfolio: $10,000.00
    [Tool] get_portfolio({"symbol": "BTC"})
    [Tool] get_portfolio -> {
  "symbol": "BTC",
  "current_price": 88238.25,
  "starting_capital": 10000.0,
  "portfolio_value": 10000.0,
  "available_cash": 10000.0,
  "total_pnl": 0.0,
  "total_pnl_percent": 0.0,
  "total_fees_paid": 0.0,
  "trades_completed": 0,
  "has_position": false
}
    [Tool] hold({"symbol": "BTC"})
    [Tool] hold -> Holding position. No position. Cash: $10,000.00
  -> HOLD | 2 tools
[llama-3.3-70b] (membit) - Portfolio: $10,000.00
    [Tool] get_portfolio({"symbol": "BTC"})
    [Tool] get_portfolio -> {
  "symbol": "BTC",
  "current_price": 88238.25,
  "starting_capital": 10000.0,
  "portfolio_value": 10000.0,
  "available_cash": 10000.0,
  "total_pnl": 0.0,
  "total_pnl_percent": 0.0,
  "total_fees_paid": 0.0,
  "trades_completed": 0,
  "has_position": false
}
    [Tool] hold({"symbol": "BTC"})
    [Tool] hold -> Holding position. No position. Cash: $10,000.00
  -> HOLD | 2 tools
[qwen-3-32b] (basic) - Portfolio: $10,000.00
    [Tool] get_portfolio({"symbol": "BTC"})
    [Tool] get_portfolio -> {
  "symbol": "BTC",
  "current_price": 88238.25,
  "starting_capital": 10000.0,
  "portfolio_value": 10000.0,
  "available_cash": 10000.0,
  "total_pnl": 0.0,
  "total_pnl_percent": 0.0,
  "total_fees_paid": 0.0,
  "trades_completed": 0,
  "has_position": false
}
    [Tool] hold({"symbol": "BTC"})
    [Tool] hold -> Holding position. No position. Cash: $10,000.00
  -> HOLD | 2 tools
[qwen-3-32b] (membit) - Portfolio: $10,001.38
    [Tool] get_portfolio({"symbol": "BTC"})
    [Tool] get_portfolio -> {
  "symbol": "BTC",
  "current_price": 88238.25,
  "starting_capital": 10000.0,
  "portfolio_value": 10001.38,
  "available_cash": 9499.5,
  "total_pnl": 1.38,
  "total_pnl_percent": 0.01,
  "total_fees_paid": 0.5,
  "trades_completed": 1,
  "has_position": true,
  "position": {
    "symbol": "BTC",
    "asset_amount": 0.00568773,
    "entry_price": 87908.49,
    "current_price": 88238.25,
    "position_value": 501.88,
    "unrealized_pnl": 1.88
  }
}
  -> no action | 1 tools

Saved: run_20260102_030525.json

==============================================================================================================
  RUN SUMMARY - Actions Taken
==============================================================================================================
Model                Mode     Action   Details                                            Fee        Tools 
--------------------------------------------------------------------------------------------------------------
llama3.1-8b          basic    NONE     No trade executed                                  -          1     
llama3.1-8b          membit   BUY      $1,000 @ $88,238 -> 0.011333 BTC                   $1.00      3     
llama-3.3-70b        basic    HOLD     Holding cash: $10,000                              -          2     
llama-3.3-70b        membit   HOLD     Holding cash: $10,000                              -          2     
qwen-3-32b           basic    HOLD     Holding cash: $10,000                              -          2     
qwen-3-32b           membit   NONE     No trade executed                                  -          1     
==============================================================================================================

============================================================
  LEADERBOARD (BTC)
============================================================
Config                         Value        P&L          Return    
----------------------------------------------------------------
1. llama3.1-8b (basic)          $ 10,032.50 $    +32.50    +0.33%
2. llama3.1-8b (membit)         $ 10,010.79 $    +10.79    +0.11%
3. qwen-3-32b (membit)          $ 10,001.38 $     +1.38    +0.01%
4. llama-3.3-70b (basic)        $ 10,000.00 $     +0.00    +0.00%
5. llama-3.3-70b (membit)       $ 10,000.00 $     +0.00    +0.00%
6. qwen-3-32b (basic)           $ 10,000.00 $     +0.00    +0.00%

  WINNER: llama3.1-8b (basic) with $+32.50 (+0.33%)

Next run at: 2026-01-02T04:05:25
Sleeping for 60 minutes...

############################################################
  RUN #7
############################################################

============================================================
  Trading Simulation Run: 2026-01-02T04:05:25.315259
  Symbol: BTC | Starting Capital: $10,000
============================================================

BTC Price: $88,151.39

[llama3.1-8b] (basic) - Portfolio: $10,022.86
    [Tool] get_portfolio({"symbol": "BTC"})
    [Tool] get_portfolio -> {
  "symbol": "BTC",
  "current_price": 88151.39,
  "starting_capital": 10000.0,
  "portfolio_value": 10022.86,
  "available_cash": 240.25,
  "total_pnl": 22.86,
  "total_pnl_percent": 0.23,
  "total_fees_paid": 9.75,
  "trades_completed": 3,
  "has_position": true,
  "position": {
    "symbol": "BTC",
    "asset_amount": 0.11097512,
    "entry_price": 87857.53,
    "current_price": 88151.39,
    "position_value": 9782.61,
    "unrealized_pnl": 32.61
  }
}
  -> no action | 1 tools
[llama3.1-8b] (membit) - Portfolio: $10,003.39
    [Tool] get_portfolio({"symbol": "BTC"})
    [Tool] get_portfolio -> {
  "symbol": "BTC",
  "current_price": 88151.39,
  "starting_capital": 10000.0,
  "portfolio_value": 10003.39,
  "available_cash": 2493.95,
  "total_pnl": 3.39,
  "total_pnl_percent": 0.03,
  "total_fees_paid": 7.5,
  "trades_completed": 3,
  "has_position": true,
  "position": {
    "symbol": "BTC",
    "asset_amount": 0.08518798,
    "entry_price": 88023.58,
    "current_price": 88151.39,
    "position_value": 7509.44,
    "unrealized_pnl": 10.89
  }
}
    [Tool] get_cluster_info({"cluster_label": "Bitcoin_market_trend", "limit": 10})
    [Tool] get_cluster_info -> ERROR: MembitWrapper.get_cluster_info() got an unexpected keyword argument 'cluster_label'. Did you mean 'cluster_name'?
    [Tool] search_posts({"query": "Bitcoin_price_drop", "limit": 10})
    [Membit] post_search('Bitcoin_price_drop') raw response: {'posts': [{'id': 903963656, 'uuid': '16f80ae8-cc22-19fb-47bf-50abba457b69', 'author': {'handle': '@Bitcoin_Teddy', 'name': 'Bitcoin Teddy', 'profile_image': ''}, 'content': 'History of #Bitcoin’s Market Price https://t.co/fAuOof4PbF', 'url': 'https://x.com/Bitcoin_Teddy/status/2006245937094570213', 'timestamp': '2025-12-31T06:08:00Z', 'engagement': {'likes': 375, 'replies': 21, 'retweets': 64}, 'mentioned': None, 'search_score': 0.5707975041613068}, {'id': 906763251, 'uuid': 'ae07a370-adeb-95ef-e1f3-bd5daa39943f', 'author': {'handle': '@TrendingBitcoin', 'name': 'Trending Bitcoin', 'profile_image': ''}, 'content': 'Gold vs #Bitcoin https://t.co/jPhFdEaRpX', 'url': 'https://x.com/TrendingBitcoin/status/2006410773476814965', 'timestamp': '2025-12-31T17:03:00Z', 'engagement': {'likes': 315, 'replies': 5, 'retweets': 67}, 'mentioned': None, 'search_score': 0.5221780719820011}, {'id': 910067780, 'uuid': '3774ab82-4126-6153-f66d-800bfb6e717c', 'author': {'handle': '@coinvestasi', 'name': 'Coinvestasi', 'profile_image': ''}, 'content': 'Pertama Kalinya Dalam 14 Tahun, Pola Harga Bitcoin Berubah! https://t.co/5ZUDHpKmoi', 'url': 'https://x.com/coinvestasi/status/2006640851699847465', 'timestamp': '2026-01-01T08:17:15Z', 'engagement': {'likes': 235, 'replies': 25, 'retweets': 22}, 'mentioned': None, 'search_score': 0.5215533129814753}, {'id': 907806807, 'uuid': '227b61cc-e6c4-871d-d472-3fbe452811e0', 'author': {'handle': '@HerroCrypto', 'name': 'Herro', 'profile_image': 'https://img.membit.ai/v2/e0652487-4112-3c69-97f5-f96099e876ce.jpeg'}, 'content': 'ETH BTC looks good here', 'url': 'https://x.com/HerroCrypto/status/2006484729810530799', 'timestamp': '2025-12-31T21:56:52Z', 'engagement': {'likes': 127, 'replies': 1, 'retweets': 47}, 'mentioned': None, 'search_score': 0.5136161401762406}, {'id': 909025999, 'uuid': '87117076-0094-5e1f-34bf-1dc6817f9abc', 'author': {'handle': '@Bitcoin', 'name': 'Bitcoin', 'profile_image': 'https://img.membit.ai/v2/8d2e38bb-de91-88b3-0b54-de92dcb95adf.jpeg'}, 'content': '$87,480.11\n\n#Bitcoin  #BTC  $BTC $USD', 'url': 'https://x.com/Bitcoin/status/2006581079432442092', 'timestamp': '2026-01-01T04:19:44Z', 'engagement': {'likes': 388, 'replies': 102, 'retweets': 79}, 'mentioned': None, 'search_score': 0.511452633767046}, {'id': 901420894, 'uuid': 'afe1a345-cb7e-6f3a-4c7d-d420135becc3', 'author': {'handle': '@TedPillows', 'name': 'Ted', 'profile_image': 'https://img.membit.ai/v2/81210924-6bdd-1e8f-e5d2-7715287b76eb.jpeg'}, 'content': '$BTC is clearly suppressed.', 'url': 'https://x.com/TedPillows/status/2006064531903070632', 'timestamp': '2025-12-30T18:07:09Z', 'engagement': {'likes': 846, 'replies': 136, 'retweets': 40}, 'mentioned': None, 'search_score': 0.5057350754625093}, {'id': 897239594, 'uuid': '771fc199-c903-6470-ab99-73d231f7aedf', 'author': {'handle': '@IIICapital', 'name': 'Joe Burnett, MSBA', 'profile_image': 'https://img.membit.ai/v2/daaccb54-2f6d-1b2e-a951-d6515614e2ea.jpeg'}, 'content': 'Could bitcoin go lower?\n\nAbsolutely!\n\nIs it worth trying to time the bottom?\n\nAbsolutely not!', 'url': 'https://x.com/IIICapital/status/2005773983547822509', 'timestamp': '2025-12-29T22:52:37Z', 'engagement': {'likes': 196, 'replies': 29, 'retweets': 4}, 'mentioned': None, 'search_score': 0.49695907070984635}, {'id': 904968048, 'uuid': '8633cd55-e908-d9d0-7bda-8bf05fb34af1', 'author': {'handle': '@Bitcoin', 'name': 'Bitcoin', 'profile_image': 'https://img.membit.ai/v2/8d2e38bb-de91-88b3-0b54-de92dcb95adf.jpeg'}, 'content': '$88,539.77\n\n#Bitcoin  #BTC  $BTC $USD', 'url': 'https://x.com/Bitcoin/status/2006309903728615536', 'timestamp': '2025-12-31T10:22:11Z', 'engagement': {'likes': 458, 'replies': 121, 'retweets': 91}, 'mentioned': None, 'search_score': 0.4834411632657498}, {'id': 898283857, 'uuid': 'd1f91dc0-af5f-6d0d-20a6-be9d0fed2f83', 'author': {'handle': '@AltcoinDaily', 'name': 'Altcoin Daily', 'profile_image': 'https://img.membit.ai/v2/a87817be-912f-46f1-3961-95aceac477e1.jpeg'}, 'content': 'Bitcoin can go a lot lower. That is possible.\n\nMore likely → $BTC fair value is well over $100k.\n\nThe more time that passes the more certain I am.', 'url': 'https://x.com/AltcoinDaily/status/2005868328129315236', 'timestamp': '2025-12-30T05:07:31Z', 'engagement': {'likes': 278, 'replies': 109, 'retweets': 15}, 'mentioned': None, 'search_score': 0.48122782536549846}, {'id': 902578748, 'uuid': '8e431403-faf3-b82e-bbe0-0fdaa7c73a7d', 'author': {'handle': '@lynk0x', 'name': 'lynk', 'profile_image': 'https://img.membit.ai/v2/edea1b17-9ae6-e4be-e553-f2db1e9d5604.jpeg'}, 'content': 'Bitcoin: +5%\n\nAlts: -40%\n\nExplain this.', 'url': 'https://x.com/lynk0x/status/2006155969798275523', 'timestamp': '2025-12-31T00:10:30Z', 'engagement': {'likes': 351, 'replies': 148, 'retweets': 20}, 'mentioned': None, 'search_score': 0.4751380082658653}]}
    [Membit] Found 10 posts
    [Tool] search_posts -> Recent posts:

1. History of #Bitcoin’s Market Price https://t.co/fAuOof4PbF [2025-12-31T06:08:00Z]
2. Gold vs #Bitcoin https://t.co/jPhFdEaRpX [2025-12-31T17:03:00Z]
3. Pertama Kalinya Dalam 14 Tahun, Pola Harga Bitcoin Berubah! https://t.co/5ZUDHpKmoi [2026-01-01T08:17:15Z]
4. ETH BTC looks good here [2025-12-31T21:56:52Z]
5. $87,480.11

#Bitcoin  #BTC  $BTC $USD [2026-01-01T04:19:44Z]
6. $BTC is clearly suppressed. [2025-12-30T18:07:09Z]
7. Could bitcoin go lower?

Absolutely!

Is it worth trying to time the bottom?

Absolutely not! [2025-12-29T22:52:37Z]
8. $88,539.77

#Bitcoin  #BTC  $BTC $USD [2025-12-31T10:22:11Z]
9. Bitcoin can go a lot lower. That is possible.

More likely → $BTC fair value is well over $100k.

The more time that passes the more certain I am. [2025-12-30T05:07:31Z]
10. Bitcoin: +5%

Alts: -40%

Explain this. [2025-12-31T00:10:30Z]
    [Tool] get_cluster_info({"cluster_label": "Bitcoin_momentum", "limit": 10})
    [Tool] get_cluster_info -> ERROR: MembitWrapper.get_cluster_info() got an unexpected keyword argument 'cluster_label'. Did you mean 'cluster_name'?
    [Tool] get_portfolio({"symbol": "BTC"})
    [Tool] get_portfolio -> {
  "symbol": "BTC",
  "current_price": 88151.39,
  "starting_capital": 10000.0,
  "portfolio_value": 10003.39,
  "available_cash": 2493.95,
  "total_pnl": 3.39,
  "total_pnl_percent": 0.03,
  "total_fees_paid": 7.5,
  "trades_completed": 3,
  "has_position": true,
  "position": {
    "symbol": "BTC",
    "asset_amount": 0.08518798,
    "entry_price": 88023.58,
    "current_price": 88151.39,
    "position_value": 7509.44,
    "unrealized_pnl": 10.89
  }
}
    [Tool] buy({"usd_amount": 1000, "symbol": "BTC"})
    [Tool] buy -> Bought 0.01134412 BTC for $1,000.00 at $88,151.39 (fee: $1.00)
  -> BUY | 6 tools
[llama-3.3-70b] (basic) - Portfolio: $10,000.00
    [Tool] get_portfolio({"symbol": "BTC"})
    [Tool] get_portfolio -> {
  "symbol": "BTC",
  "current_price": 88151.39,
  "starting_capital": 10000.0,
  "portfolio_value": 10000.0,
  "available_cash": 10000.0,
  "total_pnl": 0.0,
  "total_pnl_percent": 0.0,
  "total_fees_paid": 0.0,
  "trades_completed": 0,
  "has_position": false
}
  -> no action | 1 tools
[llama-3.3-70b] (membit) - Portfolio: $10,000.00
    [Tool] get_portfolio({"symbol": "BTC"})
    [Tool] get_portfolio -> {
  "symbol": "BTC",
  "current_price": 88151.39,
  "starting_capital": 10000.0,
  "portfolio_value": 10000.0,
  "available_cash": 10000.0,
  "total_pnl": 0.0,
  "total_pnl_percent": 0.0,
  "total_fees_paid": 0.0,
  "trades_completed": 0,
  "has_position": false
}
  -> ERROR: Error code: 429 - {'message': "We're experiencing high traffic right now! Please try again soon.", 'type': 'too_many_requests_error', 'param': 'queue', 'code': 'queue_exceeded'}
[qwen-3-32b] (basic) - Portfolio: $10,000.00
    [Tool] get_portfolio({"symbol": "BTC"})
    [Tool] get_portfolio -> {
  "symbol": "BTC",
  "current_price": 88151.39,
  "starting_capital": 10000.0,
  "portfolio_value": 10000.0,
  "available_cash": 10000.0,
  "total_pnl": 0.0,
  "total_pnl_percent": 0.0,
  "total_fees_paid": 0.0,
  "trades_completed": 0,
  "has_position": false
}
    [Tool] get_portfolio({"symbol": "BTC"})
    [Tool] get_portfolio -> {
  "symbol": "BTC",
  "current_price": 88151.39,
  "starting_capital": 10000.0,
  "portfolio_value": 10000.0,
  "available_cash": 10000.0,
  "total_pnl": 0.0,
  "total_pnl_percent": 0.0,
  "total_fees_paid": 0.0,
  "trades_completed": 0,
  "has_position": false
}
    [Tool] hold({"symbol": "BTC"})
    [Tool] hold -> Holding position. No position. Cash: $10,000.00
  -> HOLD | 3 tools
[qwen-3-32b] (membit) - Portfolio: $10,000.88
    [Tool] get_portfolio({"symbol": "BTC"})
    [Tool] get_portfolio -> {
  "symbol": "BTC",
  "current_price": 88151.39,
  "starting_capital": 10000.0,
  "portfolio_value": 10000.88,
  "available_cash": 9499.5,
  "total_pnl": 0.88,
  "total_pnl_percent": 0.01,
  "total_fees_paid": 0.5,
  "trades_completed": 1,
  "has_position": true,
  "position": {
    "symbol": "BTC",
    "asset_amount": 0.00568773,
    "entry_price": 87908.49,
    "current_price": 88151.39,
    "position_value": 501.38,
    "unrealized_pnl": 1.38
  }
}
  -> no action | 1 tools

Saved: run_20260102_040639.json

==============================================================================================================
  RUN SUMMARY - Actions Taken
==============================================================================================================
Model                Mode     Action   Details                                            Fee        Tools 
--------------------------------------------------------------------------------------------------------------
llama3.1-8b          basic    NONE     No trade executed                                  -          1     
llama3.1-8b          membit   BUY      $1,000 @ $88,151 -> 0.011344 BTC                   $1.00      6     
llama-3.3-70b        basic    NONE     No trade executed                                  -          1     
llama-3.3-70b        membit   ERROR    Error code: 429 - {'message': "We're experiencin   -          -     
qwen-3-32b           basic    HOLD     Holding cash: $10,000                              -          3     
qwen-3-32b           membit   NONE     No trade executed                                  -          1     
==============================================================================================================

============================================================
  LEADERBOARD (BTC)
============================================================
Config                         Value        P&L          Return    
----------------------------------------------------------------
1. llama3.1-8b (basic)          $ 10,022.86 $    +22.86    +0.23%
2. llama3.1-8b (membit)         $ 10,002.39 $     +2.39    +0.02%
3. qwen-3-32b (membit)          $ 10,000.88 $     +0.88    +0.01%
4. llama-3.3-70b (basic)        $ 10,000.00 $     +0.00    +0.00%
5. llama-3.3-70b (membit)       $ 10,000.00 $     +0.00    +0.00%
6. qwen-3-32b (basic)           $ 10,000.00 $     +0.00    +0.00%

  WINNER: llama3.1-8b (basic) with $+22.86 (+0.23%)

Next run at: 2026-01-02T05:06:39
Sleeping for 60 minutes...

############################################################
  RUN #8
############################################################

============================================================
  Trading Simulation Run: 2026-01-02T05:06:39.747120
  Symbol: BTC | Starting Capital: $10,000
============================================================

BTC Price: $88,353.47

[llama3.1-8b] (basic) - Portfolio: $10,045.29
    [Tool] get_portfolio({"symbol": "BTC"})
    [Tool] get_portfolio -> {
  "symbol": "BTC",
  "current_price": 88353.47,
  "starting_capital": 10000.0,
  "portfolio_value": 10045.29,
  "available_cash": 240.25,
  "total_pnl": 45.29,
  "total_pnl_percent": 0.45,
  "total_fees_paid": 9.75,
  "trades_completed": 3,
  "has_position": true,
  "position": {
    "symbol": "BTC",
    "asset_amount": 0.11097512,
    "entry_price": 87857.53,
    "current_price": 88353.47,
    "position_value": 9805.04,
    "unrealized_pnl": 55.04
  }
}
    [Tool] get_portfolio({"symbol": "BTC"})
    [Tool] get_portfolio -> {
  "symbol": "BTC",
  "current_price": 88353.47,
  "starting_capital": 10000.0,
  "portfolio_value": 10045.29,
  "available_cash": 240.25,
  "total_pnl": 45.29,
  "total_pnl_percent": 0.45,
  "total_fees_paid": 9.75,
  "trades_completed": 3,
  "has_position": true,
  "position": {
    "symbol": "BTC",
    "asset_amount": 0.11097512,
    "entry_price": 87857.53,
    "current_price": 88353.47,
    "position_value": 9805.04,
    "unrealized_pnl": 55.04
  }
}
    [Tool] sell({"asset_amount": "0.022197", "symbol": "BTC"})
    [Tool] sell -> ERROR: '<=' not supported between instances of 'str' and 'int'
    [Tool] hold({"symbol": "BTC"})
    [Tool] hold -> Holding position. Current BTC: 0.11097512, Unrealized P&L: $+55.04
  -> HOLD | 4 tools
[llama3.1-8b] (membit) - Portfolio: $10,021.90
    [Tool] get_portfolio({"symbol": "BTC"})
    [Tool] get_portfolio -> {
  "symbol": "BTC",
  "current_price": 88353.47,
  "starting_capital": 10000.0,
  "portfolio_value": 10021.9,
  "available_cash": 1492.95,
  "total_pnl": 21.9,
  "total_pnl_percent": 0.22,
  "total_fees_paid": 8.5,
  "trades_completed": 4,
  "has_position": true,
  "position": {
    "symbol": "BTC",
    "asset_amount": 0.0965321,
    "entry_price": 88038.6,
    "current_price": 88353.47,
    "position_value": 8528.95,
    "unrealized_pnl": 30.4
  }
}
  -> no action | 1 tools
[llama-3.3-70b] (basic) - Portfolio: $10,000.00
    [Tool] get_portfolio({"symbol": "BTC"})
    [Tool] get_portfolio -> {
  "symbol": "BTC",
  "current_price": 88353.47,
  "starting_capital": 10000.0,
  "portfolio_value": 10000.0,
  "available_cash": 10000.0,
  "total_pnl": 0.0,
  "total_pnl_percent": 0.0,
  "total_fees_paid": 0.0,
  "trades_completed": 0,
  "has_position": false
}
  -> ERROR: Error code: 429 - {'message': "We're experiencing high traffic right now! Please try again soon.", 'type': 'too_many_requests_error', 'param': 'queue', 'code': 'queue_exceeded'}
[llama-3.3-70b] (membit) - Portfolio: $10,000.00
    [Tool] get_portfolio({"symbol": "BTC"})
    [Tool] get_portfolio -> {
  "symbol": "BTC",
  "current_price": 88353.47,
  "starting_capital": 10000.0,
  "portfolio_value": 10000.0,
  "available_cash": 10000.0,
  "total_pnl": 0.0,
  "total_pnl_percent": 0.0,
  "total_fees_paid": 0.0,
  "trades_completed": 0,
  "has_position": false
}
  -> ERROR: Error code: 429 - {'message': "We're experiencing high traffic right now! Please try again soon.", 'type': 'too_many_requests_error', 'param': 'queue', 'code': 'queue_exceeded'}
[qwen-3-32b] (basic) - Portfolio: $10,000.00
    [Tool] get_portfolio({"symbol": "BTC"})
    [Tool] get_portfolio -> {
  "symbol": "BTC",
  "current_price": 88353.47,
  "starting_capital": 10000.0,
  "portfolio_value": 10000.0,
  "available_cash": 10000.0,
  "total_pnl": 0.0,
  "total_pnl_percent": 0.0,
  "total_fees_paid": 0.0,
  "trades_completed": 0,
  "has_position": false
}
    [Tool] hold({"symbol": "BTC"})
    [Tool] hold -> Holding position. No position. Cash: $10,000.00
  -> HOLD | 2 tools
[qwen-3-32b] (membit) - Portfolio: $10,002.03
    [Tool] get_portfolio({"symbol": "BTC"})
    [Tool] get_portfolio -> {
  "symbol": "BTC",
  "current_price": 88353.47,
  "starting_capital": 10000.0,
  "portfolio_value": 10002.03,
  "available_cash": 9499.5,
  "total_pnl": 2.03,
  "total_pnl_percent": 0.02,
  "total_fees_paid": 0.5,
  "trades_completed": 1,
  "has_position": true,
  "position": {
    "symbol": "BTC",
    "asset_amount": 0.00568773,
    "entry_price": 87908.49,
    "current_price": 88353.47,
    "position_value": 502.53,
    "unrealized_pnl": 2.53
  }
}
    [Tool] hold({"symbol": "BTC"})
    [Tool] hold -> Holding position. Current BTC: 0.00568773, Unrealized P&L: $+2.53
  -> HOLD | 2 tools

Saved: run_20260102_050649.json

==============================================================================================================
  RUN SUMMARY - Actions Taken
==============================================================================================================
Model                Mode     Action   Details                                            Fee        Tools 
--------------------------------------------------------------------------------------------------------------
llama3.1-8b          basic    HOLD     Holding 0.110975 BTC ($9,805)                      -          4     
llama3.1-8b          membit   NONE     No trade executed                                  -          1     
llama-3.3-70b        basic    ERROR    Error code: 429 - {'message': "We're experiencin   -          -     
llama-3.3-70b        membit   ERROR    Error code: 429 - {'message': "We're experiencin   -          -     
qwen-3-32b           basic    HOLD     Holding cash: $10,000                              -          2     
qwen-3-32b           membit   HOLD     Holding 0.005688 BTC ($503)                        -          2     
==============================================================================================================

============================================================
  LEADERBOARD (BTC)
============================================================
Config                         Value        P&L          Return    
----------------------------------------------------------------
1. llama3.1-8b (basic)          $ 10,045.29 $    +45.29    +0.45%
2. llama3.1-8b (membit)         $ 10,021.90 $    +21.90    +0.22%
3. qwen-3-32b (membit)          $ 10,002.03 $     +2.03    +0.02%
4. llama-3.3-70b (basic)        $ 10,000.00 $     +0.00    +0.00%
5. llama-3.3-70b (membit)       $ 10,000.00 $     +0.00    +0.00%
6. qwen-3-32b (basic)           $ 10,000.00 $     +0.00    +0.00%

  WINNER: llama3.1-8b (basic) with $+45.29 (+0.45%)

Next run at: 2026-01-02T06:06:49
Sleeping for 60 minutes...

############################################################
  RUN #9
############################################################

============================================================
  Trading Simulation Run: 2026-01-02T06:06:49.829159
  Symbol: BTC | Starting Capital: $10,000
============================================================

BTC Price: $88,458.30

[llama3.1-8b] (basic) - Portfolio: $10,056.92
    [Tool] get_portfolio({"symbol": "BTC"})
    [Tool] get_portfolio -> {
  "symbol": "BTC",
  "current_price": 88458.3,
  "starting_capital": 10000.0,
  "portfolio_value": 10056.92,
  "available_cash": 240.25,
  "total_pnl": 56.92,
  "total_pnl_percent": 0.57,
  "total_fees_paid": 9.75,
  "trades_completed": 3,
  "has_position": true,
  "position": {
    "symbol": "BTC",
    "asset_amount": 0.11097512,
    "entry_price": 87857.53,
    "current_price": 88458.3,
    "position_value": 9816.67,
    "unrealized_pnl": 66.67
  }
}
  -> no action | 1 tools
[llama3.1-8b] (membit) - Portfolio: $10,032.02
    [Tool] get_portfolio({"symbol": "BTC"})
    [Tool] get_portfolio -> {
  "symbol": "BTC",
  "current_price": 88458.3,
  "starting_capital": 10000.0,
  "portfolio_value": 10032.02,
  "available_cash": 1492.95,
  "total_pnl": 32.02,
  "total_pnl_percent": 0.32,
  "total_fees_paid": 8.5,
  "trades_completed": 4,
  "has_position": true,
  "position": {
    "symbol": "BTC",
    "asset_amount": 0.0965321,
    "entry_price": 88038.6,
    "current_price": 88458.3,
    "position_value": 8539.07,
    "unrealized_pnl": 40.51
  }
}
    [Tool] hold({"symbol": "BTC"})
    [Tool] hold -> Holding position. Current BTC: 0.09653210, Unrealized P&L: $+40.51
    [Tool] search_posts({"query": "Bitcoin sentiment", "limit": 10})
    [Membit] post_search('Bitcoin sentiment') raw response: {'posts': [{'id': 906763251, 'uuid': 'ae07a370-adeb-95ef-e1f3-bd5daa39943f', 'author': {'handle': '@TrendingBitcoin', 'name': 'Trending Bitcoin', 'profile_image': ''}, 'content': 'Gold vs #Bitcoin https://t.co/jPhFdEaRpX', 'url': 'https://x.com/TrendingBitcoin/status/2006410773476814965', 'timestamp': '2025-12-31T17:03:00Z', 'engagement': {'likes': 315, 'replies': 5, 'retweets': 67}, 'mentioned': None, 'search_score': 0.509320707507812}, {'id': 901080675, 'uuid': '0fce1d46-ca5b-5f76-fdf0-1b4d2e585728', 'author': {'handle': '@QuintenFrancois', 'name': 'Quinten | 048.eth', 'profile_image': 'https://img.membit.ai/v2/7eb7fc88-12da-e8f7-2451-aedcc519097d.jpeg'}, 'content': 'Everyone who thinks gold or silver is at this price a better opportunity than Bitcoin, is utterly stupid', 'url': 'https://x.com/QuintenFrancois/status/2006036606239592736', 'timestamp': '2025-12-30T16:16:11Z', 'engagement': {'likes': 179, 'replies': 72, 'retweets': 8}, 'mentioned': None, 'search_score': 0.5065945032997861}, {'id': 902578748, 'uuid': '8e431403-faf3-b82e-bbe0-0fdaa7c73a7d', 'author': {'handle': '@lynk0x', 'name': 'lynk', 'profile_image': 'https://img.membit.ai/v2/edea1b17-9ae6-e4be-e553-f2db1e9d5604.jpeg'}, 'content': 'Bitcoin: +5%\n\nAlts: -40%\n\nExplain this.', 'url': 'https://x.com/lynk0x/status/2006155969798275523', 'timestamp': '2025-12-31T00:10:30Z', 'engagement': {'likes': 351, 'replies': 148, 'retweets': 20}, 'mentioned': None, 'search_score': 0.5051875977673677}, {'id': 897239594, 'uuid': '771fc199-c903-6470-ab99-73d231f7aedf', 'author': {'handle': '@IIICapital', 'name': 'Joe Burnett, MSBA', 'profile_image': 'https://img.membit.ai/v2/daaccb54-2f6d-1b2e-a951-d6515614e2ea.jpeg'}, 'content': 'Could bitcoin go lower?\n\nAbsolutely!\n\nIs it worth trying to time the bottom?\n\nAbsolutely not!', 'url': 'https://x.com/IIICapital/status/2005773983547822509', 'timestamp': '2025-12-29T22:52:37Z', 'engagement': {'likes': 196, 'replies': 29, 'retweets': 4}, 'mentioned': None, 'search_score': 0.496402147387518}, {'id': 907806807, 'uuid': '227b61cc-e6c4-871d-d472-3fbe452811e0', 'author': {'handle': '@HerroCrypto', 'name': 'Herro', 'profile_image': 'https://img.membit.ai/v2/e0652487-4112-3c69-97f5-f96099e876ce.jpeg'}, 'content': 'ETH BTC looks good here', 'url': 'https://x.com/HerroCrypto/status/2006484729810530799', 'timestamp': '2025-12-31T21:56:52Z', 'engagement': {'likes': 123, 'replies': 2, 'retweets': 44}, 'mentioned': None, 'search_score': 0.4871491865456009}, {'id': 910067780, 'uuid': '3774ab82-4126-6153-f66d-800bfb6e717c', 'author': {'handle': '@coinvestasi', 'name': 'Coinvestasi', 'profile_image': ''}, 'content': 'Pertama Kalinya Dalam 14 Tahun, Pola Harga Bitcoin Berubah! https://t.co/5ZUDHpKmoi', 'url': 'https://x.com/coinvestasi/status/2006640851699847465', 'timestamp': '2026-01-01T08:17:15Z', 'engagement': {'likes': 242, 'replies': 25, 'retweets': 22}, 'mentioned': None, 'search_score': 0.47971579253596874}, {'id': 903963656, 'uuid': '16f80ae8-cc22-19fb-47bf-50abba457b69', 'author': {'handle': '@Bitcoin_Teddy', 'name': 'Bitcoin Teddy', 'profile_image': ''}, 'content': 'History of #Bitcoin’s Market Price https://t.co/fAuOof4PbF', 'url': 'https://x.com/Bitcoin_Teddy/status/2006245937094570213', 'timestamp': '2025-12-31T06:08:00Z', 'engagement': {'likes': 375, 'replies': 21, 'retweets': 64}, 'mentioned': None, 'search_score': 0.4693554580916959}, {'id': 899230976, 'uuid': 'dd72d459-6985-34f7-b319-3bad034ec4ca', 'author': {'handle': '@DemetriusRO6', 'name': 'Demetrius Remmiegius ', 'profile_image': 'https://img.membit.ai/v2/351d7de3-fe98-cc2c-0eec-12282acf7493.jpeg'}, 'content': 'Buy gold and silver\n\nSell Bitcoin\n\nYou’ll thank me later', 'url': 'https://x.com/DemetriusRO6/status/2005886092717830150', 'timestamp': '2025-12-30T06:18:06Z', 'engagement': {'likes': 435, 'replies': 62, 'retweets': 20}, 'mentioned': None, 'search_score': 0.46909831907299804}, {'id': 907834033, 'uuid': '680a0834-78da-82ee-3caa-188d59388232', 'author': {'handle': '@APompliano', 'name': 'Anthony Pompliano ', 'profile_image': 'https://img.membit.ai/v2/b285642e-9545-3157-ef26-7bb5e90963a0.jpeg'}, 'content': 'For every person who was disappointed by Bitcoin’s performance this year, remember that bitcoin has no top because the dollar has no bottom.', 'url': 'https://x.com/APompliano/status/2006494150921957484', 'timestamp': '2025-12-31T22:34:19Z', 'engagement': {'likes': 2169, 'replies': 243, 'retweets': 159}, 'mentioned': None, 'search_score': 0.46514615367709156}, {'id': 901420894, 'uuid': 'afe1a345-cb7e-6f3a-4c7d-d420135becc3', 'author': {'handle': '@TedPillows', 'name': 'Ted', 'profile_image': 'https://img.membit.ai/v2/81210924-6bdd-1e8f-e5d2-7715287b76eb.jpeg'}, 'content': '$BTC is clearly suppressed.', 'url': 'https://x.com/TedPillows/status/2006064531903070632', 'timestamp': '2025-12-30T18:07:09Z', 'engagement': {'likes': 846, 'replies': 136, 'retweets': 40}, 'mentioned': None, 'search_score': 0.4629480806346351}]}
    [Membit] Found 10 posts
    [Tool] search_posts -> Recent posts:

1. Gold vs #Bitcoin https://t.co/jPhFdEaRpX [2025-12-31T17:03:00Z]
2. Everyone who thinks gold or silver is at this price a better opportunity than Bitcoin, is utterly stupid [2025-12-30T16:16:11Z]
3. Bitcoin: +5%

Alts: -40%

Explain this. [2025-12-31T00:10:30Z]
4. Could bitcoin go lower?

Absolutely!

Is it worth trying to time the bottom?

Absolutely not! [2025-12-29T22:52:37Z]
5. ETH BTC looks good here [2025-12-31T21:56:52Z]
6. Pertama Kalinya Dalam 14 Tahun, Pola Harga Bitcoin Berubah! https://t.co/5ZUDHpKmoi [2026-01-01T08:17:15Z]
7. History of #Bitcoin’s Market Price https://t.co/fAuOof4PbF [2025-12-31T06:08:00Z]
8. Buy gold and silver

Sell Bitcoin

You’ll thank me later [2025-12-30T06:18:06Z]
9. For every person who was disappointed by Bitcoin’s performance this year, remember that bitcoin has no top because the dollar has no bottom. [2025-12-31T22:34:19Z]
10. $BTC is clearly suppressed. [2025-12-30T18:07:09Z]
    [Tool] search_clusters({"query": "Bitcoin sentiment", "limit": 10})
    [Membit] cluster_search('Bitcoin sentiment') raw response: {'clusters': [{'label': 'Bitcoin and Altcoin Price Movements', 'summary': "Bitcoin's price has increased by 5% while altcoins have plummeted by 40%. Some users are discussing the relationship between Bitcoin's price and altcoin prices, with one suggesting that as Bitcoin goes higher, altcoins also increase. Others are expressing frustration and disappointment with their altcoin investments, with one user down 90% on an altcoin. There is also speculation about an incoming bounce in altcoin prices.", 'category': 'Crypto', 'engagement_score': 1248.855512182978, 'search_score': 0.9271980248812705}, {'label': '$BTC Bitfinex Whale Long Accumulation', 'summary': "Bitcoin whales and smart money investors are going long on $BTC, indicating a potential bottom in the market. Historical data and charts suggest that when whales and smart money investors open long positions, it often signals a reversal in the market. Several posts highlight the significance of Bitfinex longs and their correlation with Bitcoin's price movement. The data presented suggests that $BTC may be due for an upward trend.", 'category': 'Crypto', 'engagement_score': 2531.641100915844, 'search_score': 0.8488757194626378}, {'label': 'MicroStrategy $MSTR Bullish Sentiment', 'summary': "MicroStrategy $MSTR investors and supporters express bullish sentiment, sharing their investment strategies and predictions for the stock's future performance, with some referencing Bitcoin $BTC and others mocking bearish forecasts.", 'category': 'Business & Finance', 'engagement_score': 1720.6449986410291, 'search_score': 0.8478217510768171}, {'label': '$BTC vs Gold performance comparison', 'summary': "Bitcoin's performance against gold is being analyzed, with some users noting that Bitcoin may have peaked in December 2024 and has been in a bear market since then. The ratio of Bitcoin to gold is at a crucial support zone, similar to the 2017-2021 cycle, and if this zone holds, liquidity may move from gold into Bitcoin. Historically, gold has rallied during uncertainty, while Bitcoin has followed with a lag, and charts suggest that Bitcoin is poised for a potential surge, with some analysts predicting a significant price increase by 2026, potentially reaching $100,000 or even $140,000.", 'category': 'Crypto', 'engagement_score': 9467.460738744372, 'search_score': 0.8254595146306822}, {'label': 'Bitcoin $BTC vs Gold', 'summary': "Eric Trump believes Bitcoin will replace gold, with one Bitcoin potentially worth over $1 million if it were to match gold's market cap. Other figures, including Vice President JD Vance, express optimism about Bitcoin's future, with Vance predicting 100 million Americans will own Bitcoin soon.", 'category': 'Business & Finance', 'engagement_score': 4041.834601592113, 'search_score': 0.8143960013969458}, {'label': 'Bitcoin $BTC Investment Predictions', 'summary': "Several notable figures have shared their views on Bitcoin. James Lavish describes Bitcoin as incorruptible money in a world of financial corruption. Meanwhile, David Beckham's company, Prenetics, has halted its Bitcoin purchases after buying 510 $BTC. Additionally, there are predictions that Bitcoin will outperform traditional markets and precious metals like gold and silver in 2026.", 'category': 'Business & Finance', 'engagement_score': 1935.6851787438206, 'search_score': 0.8076003969482073}, {'label': 'Crypto Trading Bullish Sentiment', 'summary': 'Users express optimism and bullishness for the new year, particularly in cryptocurrency and personal growth, with positive sentiments towards the crypto market, predicting significant price increases for Bitcoin and other cryptocurrencies, and advising a buy-and-hold strategy. Several financial analysts and commentators are expressing optimistic views about an impending bull market in cryptocurrency, advising to ignore panic and noise, and to prepare for significant growth, with some predicting it will be the greatest bull market in history. Bull markets start when the worst is already priced in, not with euphoria, and smart money is loading as the bottom is in. Crypto enthusiasts are also sharing good morning messages and discussing market trends.', 'category': 'Crypto', 'engagement_score': 61590.68686753519, 'search_score': 0.8018453984856005}, {'label': 'Bank of America $BTC Investment', 'summary': 'Bank of America recommends clients allocate up to 4% of their portfolio to Bitcoin and crypto. BlackRock has deposited $200 million worth of Bitcoin into Coinbase. JPMorgan now accepts Bitcoin as collateral for loans and predicts Bitcoin could reach $170,000.', 'category': 'Business & Finance', 'engagement_score': 8428.201759064606, 'search_score': 0.797742535852735}, {'label': 'Crypto Fear and Greed Index', 'summary': 'The crypto market is experiencing extreme fear, with the Fear & Greed Index showing low scores, indicating a bullish opportunity for some investors. Historically, extreme fear has been a bottom signal for Bitcoin and other cryptocurrencies. The current sentiment is extremely bearish, with many investors cautious or scared. However, some analysts believe that this fear could be a sign of a potential rally or a buying opportunity.', 'category': 'Crypto', 'engagement_score': 4135.074137807861, 'search_score': 0.7962824874607746}, {'label': '$BTC technical analysis and potential price movement', 'summary': 'Bitcoin shows bullish signals with MACD returning to 2022 bear-market bottom levels and forming a clear bullish divergence, with its price fluctuating between $85,000 and $90,000 and potential targets of $100,000, $140,000-$180,000 if key levels are breached. However, analysts predict potential downturns and corrections, with support levels between $73,700 and $76,500 and resistance around $90,000. The current trading range is tight, with support around $84-85K and resistance near $92-94K. Some consider the current situation a good opportunity for long-term investors, while others believe a bear market may be on the horizon, with Bitcoin expected to enter its final cycle phase in 2026 with a potential price target of $133K.', 'category': 'Crypto', 'engagement_score': 14288.534590461553, 'search_score': 0.7939148667341035}]}
    [Membit] Found 10 clusters
    [Tool] search_clusters -> Trending topic clusters:

1. Bitcoin and Altcoin Price Movements: Bitcoin's price has increased by 5% while altcoins have plummeted by 40%. Some users are discussing the relationship between Bitcoin's price and altcoin prices, with one suggesting that as Bitcoin goes higher, altcoins also increase. Others are expressing frustration and disappointment with their altcoin investments, with one user down 90% on an altcoin. There is also speculation about an incoming bounce in altcoin prices.
2. $BTC Bitfinex Whale Long Accumulation: Bitcoin whales and smart money investors are going long on $BTC, indicating a potential bottom in the market. Historical data and charts suggest that when whales and smart money investors open long positions, it often signals a reversal in the market. Several posts highlight the significance of Bitfinex longs and their correlation with Bitcoin's price movement. The data presented suggests that $BTC may be due for an upward trend.
3. MicroStrategy $MSTR Bullish Sentiment: MicroStrategy $MSTR investors and supporters express bullish sentiment, sharing their investment strategies and predictions for the stock's future performance, with some referencing Bitcoin $BTC and others mocking bearish forecasts.
4. $BTC vs Gold performance comparison: Bitcoin's performance against gold is being analyzed, with some users noting that Bitcoin may have peaked in December 2024 and has been in a bear market since then. The ratio of Bitcoin to gold is at a crucial support zone, similar to the 2017-2021 cycle, and if this zone holds, liquidity may move from gold into Bitcoin. Historically, gold has rallied during uncertainty, while Bitcoin has followed with a lag, and charts suggest that Bitcoin is poised for a potential surge, with some analysts predicting a significant price increase by 2026, potentially reaching $100,000 or even $140,000.
5. Bitcoin $BTC vs Gold: Eric Trump believes Bitcoin will replace gold, with one Bitcoin potentially worth over $1 million if it were to match gold's market cap. Other figures, including Vice President JD Vance, express optimism about Bitcoin's future, with Vance predicting 100 million Americans will own Bitcoin soon.
6. Bitcoin $BTC Investment Predictions: Several notable figures have shared their views on Bitcoin. James Lavish describes Bitcoin as incorruptible money in a world of financial corruption. Meanwhile, David Beckham's company, Prenetics, has halted its Bitcoin purchases after buying 510 $BTC. Additionally, there are predictions that Bitcoin will outperform traditional markets and precious metals like gold and silver in 2026.
7. Crypto Trading Bullish Sentiment: Users express optimism and bullishness for the new year, particularly in cryptocurrency and personal growth, with positive sentiments towards the crypto market, predicting significant price increases for Bitcoin and other cryptocurrencies, and advising a buy-and-hold strategy. Several financial analysts and commentators are expressing optimistic views about an impending bull market in cryptocurrency, advising to ignore panic and noise, and to prepare for significant growth, with some predicting it will be the greatest bull market in history. Bull markets start when the worst is already priced in, not with euphoria, and smart money is loading as the bottom is in. Crypto enthusiasts are also sharing good morning messages and discussing market trends.
8. Bank of America $BTC Investment: Bank of America recommends clients allocate up to 4% of their portfolio to Bitcoin and crypto. BlackRock has deposited $200 million worth of Bitcoin into Coinbase. JPMorgan now accepts Bitcoin as collateral for loans and predicts Bitcoin could reach $170,000.
9. Crypto Fear and Greed Index: The crypto market is experiencing extreme fear, with the Fear & Greed Index showing low scores, indicating a bullish opportunity for some investors. Historically, extreme fear has been a bottom signal for Bitcoin and other cryptocurrencies. The current sentiment is extremely bearish, with many investors cautious or scared. However, some analysts believe that this fear could be a sign of a potential rally or a buying opportunity.
10. $BTC technical analysis and potential price movement: Bitcoin shows bullish signals with MACD returning to 2022 bear-market bottom levels and forming a clear bullish divergence, with its price fluctuating between $85,000 and $90,000 and potential targets of $100,000, $140,000-$180,000 if key levels are breached. However, analysts predict potential downturns and corrections, with support levels between $73,700 and $76,500 and resistance around $90,000. The current trading range is tight, with support around $84-85K and resistance near $92-94K. Some consider the current situation a good opportunity for long-term investors, while others believe a bear market may be on the horizon, with Bitcoin expected to enter its final cycle phase in 2026 with a potential price target of $133K.
  -> HOLD | 4 tools
[llama-3.3-70b] (basic) - Portfolio: $10,000.00
    [Tool] get_portfolio({"symbol": "BTC"})
    [Tool] get_portfolio -> {
  "symbol": "BTC",
  "current_price": 88458.3,
  "starting_capital": 10000.0,
  "portfolio_value": 10000.0,
  "available_cash": 10000.0,
  "total_pnl": 0.0,
  "total_pnl_percent": 0.0,
  "total_fees_paid": 0.0,
  "trades_completed": 0,
  "has_position": false
}
  -> ERROR: Error code: 429 - {'message': "We're experiencing high traffic right now! Please try again soon.", 'type': 'too_many_requests_error', 'param': 'queue', 'code': 'queue_exceeded'}
[llama-3.3-70b] (membit) - Portfolio: $10,000.00
    [Tool] get_portfolio({"symbol": "BTC"})
    [Tool] get_portfolio -> {
  "symbol": "BTC",
  "current_price": 88458.3,
  "starting_capital": 10000.0,
  "portfolio_value": 10000.0,
  "available_cash": 10000.0,
  "total_pnl": 0.0,
  "total_pnl_percent": 0.0,
  "total_fees_paid": 0.0,
  "trades_completed": 0,
  "has_position": false
}
  -> ERROR: Error code: 429 - {'message': "We're experiencing high traffic right now! Please try again soon.", 'type': 'too_many_requests_error', 'param': 'queue', 'code': 'queue_exceeded'}
[qwen-3-32b] (basic) - Portfolio: $10,000.00
    [Tool] get_portfolio({"symbol": "BTC"})
    [Tool] get_portfolio -> {
  "symbol": "BTC",
  "current_price": 88458.3,
  "starting_capital": 10000.0,
  "portfolio_value": 10000.0,
  "available_cash": 10000.0,
  "total_pnl": 0.0,
  "total_pnl_percent": 0.0,
  "total_fees_paid": 0.0,
  "trades_completed": 0,
  "has_position": false
}
    [Tool] hold({"symbol": "BTC"})
    [Tool] hold -> Holding position. No position. Cash: $10,000.00
  -> HOLD | 2 tools
[qwen-3-32b] (membit) - Portfolio: $10,002.63
    [Tool] get_portfolio({"symbol": "BTC"})
    [Tool] get_portfolio -> {
  "symbol": "BTC",
  "current_price": 88458.3,
  "starting_capital": 10000.0,
  "portfolio_value": 10002.63,
  "available_cash": 9499.5,
  "total_pnl": 2.63,
  "total_pnl_percent": 0.03,
  "total_fees_paid": 0.5,
  "trades_completed": 1,
  "has_position": true,
  "position": {
    "symbol": "BTC",
    "asset_amount": 0.00568773,
    "entry_price": 87908.49,
    "current_price": 88458.3,
    "position_value": 503.13,
    "unrealized_pnl": 3.13
  }
}
    [Tool] sell({"asset_amount": 0.002843865, "symbol": "BTC"})
    [Tool] sell -> Sold 0.00284387 BTC for $251.31 at $88,458.30 (fee: $0.25). P&L: $+1.56 (+0.63%)
  -> SELL | 2 tools

Saved: run_20260102_060713.json

==============================================================================================================
  RUN SUMMARY - Actions Taken
==============================================================================================================
Model                Mode     Action   Details                                            Fee        Tools 
--------------------------------------------------------------------------------------------------------------
llama3.1-8b          basic    NONE     No trade executed                                  -          1     
llama3.1-8b          membit   HOLD     Holding 0.096532 BTC ($8,539)                      -          4     
llama-3.3-70b        basic    ERROR    Error code: 429 - {'message': "We're experiencin   -          -     
llama-3.3-70b        membit   ERROR    Error code: 429 - {'message': "We're experiencin   -          -     
qwen-3-32b           basic    HOLD     Holding cash: $10,000                              -          2     
qwen-3-32b           membit   SELL     Sold 0.002844 BTC -> $251, remaining: 0.002844     $0.25      2     
==============================================================================================================

============================================================
  LEADERBOARD (BTC)
============================================================
Config                         Value        P&L          Return    
----------------------------------------------------------------
1. llama3.1-8b (basic)          $ 10,056.92 $    +56.92    +0.57%
2. llama3.1-8b (membit)         $ 10,032.02 $    +32.02    +0.32%
3. qwen-3-32b (membit)          $ 10,002.38 $     +2.38    +0.02%
4. llama-3.3-70b (basic)        $ 10,000.00 $     +0.00    +0.00%
5. llama-3.3-70b (membit)       $ 10,000.00 $     +0.00    +0.00%
6. qwen-3-32b (basic)           $ 10,000.00 $     +0.00    +0.00%

  WINNER: llama3.1-8b (basic) with $+56.92 (+0.57%)

Next run at: 2026-01-02T07:07:13
Sleeping for 60 minutes...

############################################################
  RUN #10
############################################################

============================================================
  Trading Simulation Run: 2026-01-02T07:07:13.650134
  Symbol: BTC | Starting Capital: $10,000
============================================================

BTC Price: $88,627.24

[llama3.1-8b] (basic) - Portfolio: $10,075.67
    [Tool] get_portfolio({"symbol": "BTC"})
    [Tool] get_portfolio -> {
  "symbol": "BTC",
  "current_price": 88627.24,
  "starting_capital": 10000.0,
  "portfolio_value": 10075.67,
  "available_cash": 240.25,
  "total_pnl": 75.67,
  "total_pnl_percent": 0.76,
  "total_fees_paid": 9.75,
  "trades_completed": 3,
  "has_position": true,
  "position": {
    "symbol": "BTC",
    "asset_amount": 0.11097512,
    "entry_price": 87857.53,
    "current_price": 88627.24,
    "position_value": 9835.42,
    "unrealized_pnl": 85.42
  }
}
    [Tool] get_portfolio({"symbol": "BTC"})
    [Tool] get_portfolio -> {
  "symbol": "BTC",
  "current_price": 88627.24,
  "starting_capital": 10000.0,
  "portfolio_value": 10075.67,
  "available_cash": 240.25,
  "total_pnl": 75.67,
  "total_pnl_percent": 0.76,
  "total_fees_paid": 9.75,
  "trades_completed": 3,
  "has_position": true,
  "position": {
    "symbol": "BTC",
    "asset_amount": 0.11097512,
    "entry_price": 87857.53,
    "current_price": 88627.24,
    "position_value": 9835.42,
    "unrealized_pnl": 85.42
  }
}
    [Tool] buy({"usd_amount": 2000, "symbol": "BTC"})
    [Tool] buy -> ERROR: Insufficient funds. Available: $240.25, Required (incl. 0.10% fee): $2,002.00
  -> no action | 3 tools
[llama3.1-8b] (membit) - Portfolio: $10,048.32
    [Tool] get_portfolio({"symbol": "BTC"})
    [Tool] get_portfolio -> {
  "symbol": "BTC",
  "current_price": 88627.24,
  "starting_capital": 10000.0,
  "portfolio_value": 10048.32,
  "available_cash": 1492.95,
  "total_pnl": 48.32,
  "total_pnl_percent": 0.48,
  "total_fees_paid": 8.5,
  "trades_completed": 4,
  "has_position": true,
  "position": {
    "symbol": "BTC",
    "asset_amount": 0.0965321,
    "entry_price": 88038.6,
    "current_price": 88627.24,
    "position_value": 8555.37,
    "unrealized_pnl": 56.82
  }
}
    [Tool] get_portfolio({"symbol": "BTC"})
    [Tool] get_portfolio -> {
  "symbol": "BTC",
  "current_price": 88627.24,
  "starting_capital": 10000.0,
  "portfolio_value": 10048.32,
  "available_cash": 1492.95,
  "total_pnl": 48.32,
  "total_pnl_percent": 0.48,
  "total_fees_paid": 8.5,
  "trades_completed": 4,
  "has_position": true,
  "position": {
    "symbol": "BTC",
    "asset_amount": 0.0965321,
    "entry_price": 88038.6,
    "current_price": 88627.24,
    "position_value": 8555.37,
    "unrealized_pnl": 56.82
  }
}
    [Tool] hold({"symbol": "BTC"})
    [Tool] hold -> Holding position. Current BTC: 0.09653210, Unrealized P&L: $+56.82
  -> HOLD | 3 tools
[llama-3.3-70b] (basic) - Portfolio: $10,000.00
    [Tool] get_portfolio({"symbol": "BTC"})
    [Tool] get_portfolio -> {
  "symbol": "BTC",
  "current_price": 88627.24,
  "starting_capital": 10000.0,
  "portfolio_value": 10000.0,
  "available_cash": 10000.0,
  "total_pnl": 0.0,
  "total_pnl_percent": 0.0,
  "total_fees_paid": 0.0,
  "trades_completed": 0,
  "has_position": false
}
    [Tool] hold({"symbol": "BTC"})
    [Tool] hold -> Holding position. No position. Cash: $10,000.00
  -> HOLD | 2 tools
[llama-3.3-70b] (membit) - Portfolio: $10,000.00
    [Tool] get_portfolio({"symbol": "BTC"})
    [Tool] get_portfolio -> {
  "symbol": "BTC",
  "current_price": 88627.24,
  "starting_capital": 10000.0,
  "portfolio_value": 10000.0,
  "available_cash": 10000.0,
  "total_pnl": 0.0,
  "total_pnl_percent": 0.0,
  "total_fees_paid": 0.0,
  "trades_completed": 0,
  "has_position": false
}
    [Tool] hold({"symbol": "BTC"})
    [Tool] hold -> Holding position. No position. Cash: $10,000.00
  -> HOLD | 2 tools
[qwen-3-32b] (basic) - Portfolio: $10,000.00
    [Tool] get_portfolio({"symbol": "BTC"})
    [Tool] get_portfolio -> {
  "symbol": "BTC",
  "current_price": 88627.24,
  "starting_capital": 10000.0,
  "portfolio_value": 10000.0,
  "available_cash": 10000.0,
  "total_pnl": 0.0,
  "total_pnl_percent": 0.0,
  "total_fees_paid": 0.0,
  "trades_completed": 0,
  "has_position": false
}
    [Tool] hold({"symbol": "BTC"})
    [Tool] hold -> Holding position. No position. Cash: $10,000.00
  -> HOLD | 2 tools
[qwen-3-32b] (membit) - Portfolio: $10,002.86
    [Tool] get_portfolio({"symbol": "BTC"})
    [Tool] get_portfolio -> {
  "symbol": "BTC",
  "current_price": 88627.24,
  "starting_capital": 10000.0,
  "portfolio_value": 10002.86,
  "available_cash": 9750.81,
  "total_pnl": 2.86,
  "total_pnl_percent": 0.03,
  "total_fees_paid": 0.75,
  "trades_completed": 2,
  "has_position": true,
  "position": {
    "symbol": "BTC",
    "asset_amount": 0.00284387,
    "entry_price": 87908.49,
    "current_price": 88627.24,
    "position_value": 252.04,
    "unrealized_pnl": 2.04
  }
}
    [Tool] search_posts({"query": "BTC market sentiment", "limit": 5})
    [Membit] post_search('BTC market sentiment') raw response: {'posts': [{'id': 901420894, 'uuid': 'afe1a345-cb7e-6f3a-4c7d-d420135becc3', 'author': {'handle': '@TedPillows', 'name': 'Ted', 'profile_image': 'https://img.membit.ai/v2/81210924-6bdd-1e8f-e5d2-7715287b76eb.jpeg'}, 'content': '$BTC is clearly suppressed.', 'url': 'https://x.com/TedPillows/status/2006064531903070632', 'timestamp': '2025-12-30T18:07:09Z', 'engagement': {'likes': 846, 'replies': 136, 'retweets': 40}, 'mentioned': None, 'search_score': 0.6196707830209299}, {'id': 907806807, 'uuid': '227b61cc-e6c4-871d-d472-3fbe452811e0', 'author': {'handle': '@HerroCrypto', 'name': 'Herro', 'profile_image': 'https://img.membit.ai/v2/e0652487-4112-3c69-97f5-f96099e876ce.jpeg'}, 'content': 'ETH BTC looks good here', 'url': 'https://x.com/HerroCrypto/status/2006484729810530799', 'timestamp': '2025-12-31T21:56:52Z', 'engagement': {'likes': 123, 'replies': 2, 'retweets': 44}, 'mentioned': None, 'search_score': 0.587820725218083}, {'id': 897990719, 'uuid': '1a52b6cd-86d9-f3e1-8d2f-8a6ff246dcb3', 'author': {'handle': '@SolJakey', 'name': 'Jakey', 'profile_image': 'https://img.membit.ai/v2/f6555eee-04f5-19a3-3e1b-475a2f536883.jpeg'}, 'content': 'Creator coins sentiment bottom.', 'url': 'https://x.com/SolJakey/status/2005850136933503314', 'timestamp': '2025-12-30T03:55:14Z', 'engagement': {'likes': 95, 'replies': 75, 'retweets': 8}, 'mentioned': None, 'search_score': 0.501025137580313}, {'id': 900854654, 'uuid': '3f30a51d-4a24-4956-1ecb-d40dc4bb1e67', 'author': {'handle': '@Mr_Derivatives', 'name': 'Heisenberg', 'profile_image': 'https://img.membit.ai/v2/9d30381e-2716-b317-ed6e-97ac7f90f431.jpeg'}, 'content': '$BTC\n\nThe more chop and consolidation here the harder the eventual breakout (or god forbid breakdown).\n\nCoiling to a point the coil needs to uncoil and go coily.\n\nGet ready..', 'url': 'https://x.com/Mr_Derivatives/status/2006025633004945519', 'timestamp': '2025-12-30T15:32:35Z', 'engagement': {'likes': 294, 'replies': 38, 'retweets': 6}, 'mentioned': None, 'search_score': 0.4635128284547798}, {'id': 900880708, 'uuid': 'a794825d-3646-b1b9-065d-46d93b7122e3', 'author': {'handle': '@DonWedge', 'name': 'Don ', 'profile_image': 'https://img.membit.ai/v2/4a8dc8db-9840-4610-7710-b1a69a9754b7.jpeg'}, 'content': '$BTC $89000', 'url': 'https://x.com/DonWedge/status/2006031677089255609', 'timestamp': '2025-12-30T15:56:36Z', 'engagement': {'likes': 188, 'replies': 36, 'retweets': 1}, 'mentioned': None, 'search_score': 0.4518503473676647}]}
    [Membit] Found 5 posts
    [Tool] search_posts -> Recent posts:

1. $BTC is clearly suppressed. [2025-12-30T18:07:09Z]
2. ETH BTC looks good here [2025-12-31T21:56:52Z]
3. Creator coins sentiment bottom. [2025-12-30T03:55:14Z]
4. $BTC

The more chop and consolidation here the harder the eventual breakout (or god forbid breakdown).

Coiling to a point the coil needs to uncoil and go coily.

Get ready.. [2025-12-30T15:32:35Z]
5. $BTC $89000 [2025-12-30T15:56:36Z]
    [Tool] search_clusters({"query": "crypto", "limit": 3})
    [Membit] cluster_search('crypto') raw response: {'clusters': [{'label': '2026 Crypto Optimism', 'summary': 'The new year is starting with significant wins and optimism, with some posts specifically mentioning crypto having a massive year ahead.', 'category': 'Crypto', 'engagement_score': 3756.0790451760295, 'search_score': 0.9261659403509765}, {'label': 'Crypto Community', 'summary': 'Several posts highlight the importance of community in the crypto space, asking which crypto community inspires or is the strongest, and emphasizing community as a key aspect.', 'category': 'Crypto', 'engagement_score': 2226.2308541340226, 'search_score': 0.8679525597506232}, {'label': '2026 New Year Greetings from Crypto and Tech Communities', 'summary': "The posts are New Year's greetings from various crypto and tech communities, reflecting on 2025 and looking forward to 2026 with optimism and hopes for growth and success.", 'category': 'Crypto', 'engagement_score': 1182.8824507652776, 'search_score': 0.7910136868683932}]}
    [Membit] Found 3 clusters
    [Tool] search_clusters -> Trending topic clusters:

1. 2026 Crypto Optimism: The new year is starting with significant wins and optimism, with some posts specifically mentioning crypto having a massive year ahead.
2. Crypto Community: Several posts highlight the importance of community in the crypto space, asking which crypto community inspires or is the strongest, and emphasizing community as a key aspect.
3. 2026 New Year Greetings from Crypto and Tech Communities: The posts are New Year's greetings from various crypto and tech communities, reflecting on 2025 and looking forward to 2026 with optimism and hopes for growth and success.
    [Tool] hold({"symbol": "BTC"})
    [Tool] hold -> Holding position. Current BTC: 0.00284387, Unrealized P&L: $+2.04
  -> HOLD | 4 tools

Saved: run_20260102_070728.json

==============================================================================================================
  RUN SUMMARY - Actions Taken
==============================================================================================================
Model                Mode     Action   Details                                            Fee        Tools 
--------------------------------------------------------------------------------------------------------------
llama3.1-8b          basic    NONE     No trade executed                                  -          3     
llama3.1-8b          membit   HOLD     Holding 0.096532 BTC ($8,555)                      -          3     
llama-3.3-70b        basic    HOLD     Holding cash: $10,000                              -          2     
llama-3.3-70b        membit   HOLD     Holding cash: $10,000                              -          2     
qwen-3-32b           basic    HOLD     Holding cash: $10,000                              -          2     
qwen-3-32b           membit   HOLD     Holding 0.002844 BTC ($252)                        -          4     
==============================================================================================================

============================================================
  LEADERBOARD (BTC)
============================================================
Config                         Value        P&L          Return    
----------------------------------------------------------------
1. llama3.1-8b (basic)          $ 10,075.67 $    +75.67    +0.76%
2. llama3.1-8b (membit)         $ 10,048.32 $    +48.32    +0.48%
3. qwen-3-32b (membit)          $ 10,002.86 $     +2.86    +0.03%
4. llama-3.3-70b (basic)        $ 10,000.00 $     +0.00    +0.00%
5. llama-3.3-70b (membit)       $ 10,000.00 $     +0.00    +0.00%
6. qwen-3-32b (basic)           $ 10,000.00 $     +0.00    +0.00%

  WINNER: llama3.1-8b (basic) with $+75.67 (+0.76%)

Next run at: 2026-01-02T08:07:28
Sleeping for 60 minutes...

############################################################
  RUN #11
############################################################

============================================================
  Trading Simulation Run: 2026-01-02T08:07:28.874718
  Symbol: BTC | Starting Capital: $10,000
============================================================

BTC Price: $88,699.23

[llama3.1-8b] (basic) - Portfolio: $10,083.66
    [Tool] get_portfolio({"symbol": "BTC"})
    [Tool] get_portfolio -> {
  "symbol": "BTC",
  "current_price": 88699.23,
  "starting_capital": 10000.0,
  "portfolio_value": 10083.66,
  "available_cash": 240.25,
  "total_pnl": 83.66,
  "total_pnl_percent": 0.84,
  "total_fees_paid": 9.75,
  "trades_completed": 3,
  "has_position": true,
  "position": {
    "symbol": "BTC",
    "asset_amount": 0.11097512,
    "entry_price": 87857.53,
    "current_price": 88699.23,
    "position_value": 9843.41,
    "unrealized_pnl": 93.41
  }
}
    [Tool] hold({"symbol": "BTC"})
    [Tool] hold -> Holding position. Current BTC: 0.11097512, Unrealized P&L: $+93.41
  -> HOLD | 2 tools
[llama3.1-8b] (membit) - Portfolio: $10,055.27
    [Tool] get_portfolio({"symbol": "BTC"})
    [Tool] get_portfolio -> {
  "symbol": "BTC",
  "current_price": 88699.23,
  "starting_capital": 10000.0,
  "portfolio_value": 10055.27,
  "available_cash": 1492.95,
  "total_pnl": 55.27,
  "total_pnl_percent": 0.55,
  "total_fees_paid": 8.5,
  "trades_completed": 4,
  "has_position": true,
  "position": {
    "symbol": "BTC",
    "asset_amount": 0.0965321,
    "entry_price": 88038.6,
    "current_price": 88699.23,
    "position_value": 8562.32,
    "unrealized_pnl": 63.77
  }
}
  -> no action | 1 tools
[llama-3.3-70b] (basic) - Portfolio: $10,000.00
    [Tool] get_portfolio({"symbol": "BTC"})
    [Tool] get_portfolio -> {
  "symbol": "BTC",
  "current_price": 88699.23,
  "starting_capital": 10000.0,
  "portfolio_value": 10000.0,
  "available_cash": 10000.0,
  "total_pnl": 0.0,
  "total_pnl_percent": 0.0,
  "total_fees_paid": 0.0,
  "trades_completed": 0,
  "has_position": false
}
  -> no action | 1 tools
[llama-3.3-70b] (membit) - Portfolio: $10,000.00
    [Tool] get_portfolio({"symbol": "BTC"})
    [Tool] get_portfolio -> {
  "symbol": "BTC",
  "current_price": 88699.23,
  "starting_capital": 10000.0,
  "portfolio_value": 10000.0,
  "available_cash": 10000.0,
  "total_pnl": 0.0,
  "total_pnl_percent": 0.0,
  "total_fees_paid": 0.0,
  "trades_completed": 0,
  "has_position": false
}
    [Tool] hold({"symbol": "BTC"})
    [Tool] hold -> Holding position. No position. Cash: $10,000.00
  -> HOLD | 2 tools
[qwen-3-32b] (basic) - Portfolio: $10,000.00
    [Tool] get_portfolio({"symbol": "BTC"})
    [Tool] get_portfolio -> {
  "symbol": "BTC",
  "current_price": 88699.23,
  "starting_capital": 10000.0,
  "portfolio_value": 10000.0,
  "available_cash": 10000.0,
  "total_pnl": 0.0,
  "total_pnl_percent": 0.0,
  "total_fees_paid": 0.0,
  "trades_completed": 0,
  "has_position": false
}
  -> no action | 1 tools
[qwen-3-32b] (membit) - Portfolio: $10,003.06
    [Tool] get_portfolio({"symbol": "BTC"})
    [Tool] get_portfolio -> {
  "symbol": "BTC",
  "current_price": 88699.23,
  "starting_capital": 10000.0,
  "portfolio_value": 10003.06,
  "available_cash": 9750.81,
  "total_pnl": 3.06,
  "total_pnl_percent": 0.03,
  "total_fees_paid": 0.75,
  "trades_completed": 2,
  "has_position": true,
  "position": {
    "symbol": "BTC",
    "asset_amount": 0.00284387,
    "entry_price": 87908.49,
    "current_price": 88699.23,
    "position_value": 252.25,
    "unrealized_pnl": 2.25
  }
}
  -> no action | 1 tools

Saved: run_20260102_080738.json

==============================================================================================================
  RUN SUMMARY - Actions Taken
==============================================================================================================
Model                Mode     Action   Details                                            Fee        Tools 
--------------------------------------------------------------------------------------------------------------
llama3.1-8b          basic    HOLD     Holding 0.110975 BTC ($9,843)                      -          2     
llama3.1-8b          membit   NONE     No trade executed                                  -          1     
llama-3.3-70b        basic    NONE     No trade executed                                  -          1     
llama-3.3-70b        membit   HOLD     Holding cash: $10,000                              -          2     
qwen-3-32b           basic    NONE     No trade executed                                  -          1     
qwen-3-32b           membit   NONE     No trade executed                                  -          1     
==============================================================================================================

============================================================
  LEADERBOARD (BTC)
============================================================
Config                         Value        P&L          Return    
----------------------------------------------------------------
1. llama3.1-8b (basic)          $ 10,083.66 $    +83.66    +0.84%
2. llama3.1-8b (membit)         $ 10,055.27 $    +55.27    +0.55%
3. qwen-3-32b (membit)          $ 10,003.06 $     +3.06    +0.03%
4. llama-3.3-70b (basic)        $ 10,000.00 $     +0.00    +0.00%
5. llama-3.3-70b (membit)       $ 10,000.00 $     +0.00    +0.00%
6. qwen-3-32b (basic)           $ 10,000.00 $     +0.00    +0.00%

  WINNER: llama3.1-8b (basic) with $+83.66 (+0.84%)

Next run at: 2026-01-02T09:07:38
Sleeping for 60 minutes...

############################################################
  RUN #12
############################################################

============================================================
  Trading Simulation Run: 2026-01-02T09:07:38.312264
  Symbol: BTC | Starting Capital: $10,000
============================================================

BTC Price: $88,431.00

[llama3.1-8b] (basic) - Portfolio: $10,053.89
    [Tool] get_portfolio({"symbol": "BTC"})
    [Tool] get_portfolio -> {
  "symbol": "BTC",
  "current_price": 88431.0,
  "starting_capital": 10000.0,
  "portfolio_value": 10053.89,
  "available_cash": 240.25,
  "total_pnl": 53.89,
  "total_pnl_percent": 0.54,
  "total_fees_paid": 9.75,
  "trades_completed": 3,
  "has_position": true,
  "position": {
    "symbol": "BTC",
    "asset_amount": 0.11097512,
    "entry_price": 87857.53,
    "current_price": 88431.0,
    "position_value": 9813.64,
    "unrealized_pnl": 63.64
  }
}
    [Tool] get_portfolio({"symbol": "BTC"})
    [Tool] get_portfolio -> {
  "symbol": "BTC",
  "current_price": 88431.0,
  "starting_capital": 10000.0,
  "portfolio_value": 10053.89,
  "available_cash": 240.25,
  "total_pnl": 53.89,
  "total_pnl_percent": 0.54,
  "total_fees_paid": 9.75,
  "trades_completed": 3,
  "has_position": true,
  "position": {
    "symbol": "BTC",
    "asset_amount": 0.11097512,
    "entry_price": 87857.53,
    "current_price": 88431.0,
    "position_value": 9813.64,
    "unrealized_pnl": 63.64
  }
}
    [Tool] hold({"symbol": "BTC"})
    [Tool] hold -> Holding position. Current BTC: 0.11097512, Unrealized P&L: $+63.64
  -> HOLD | 3 tools
[llama3.1-8b] (membit) - Portfolio: $10,029.38
    [Tool] get_portfolio({"symbol": "BTC"})
    [Tool] get_portfolio -> {
  "symbol": "BTC",
  "current_price": 88431.0,
  "starting_capital": 10000.0,
  "portfolio_value": 10029.38,
  "available_cash": 1492.95,
  "total_pnl": 29.38,
  "total_pnl_percent": 0.29,
  "total_fees_paid": 8.5,
  "trades_completed": 4,
  "has_position": true,
  "position": {
    "symbol": "BTC",
    "asset_amount": 0.0965321,
    "entry_price": 88038.6,
    "current_price": 88431.0,
    "position_value": 8536.43,
    "unrealized_pnl": 37.88
  }
}
    [Tool] hold({"symbol": "BTC"})
    [Tool] hold -> Holding position. Current BTC: 0.09653210, Unrealized P&L: $+37.88
  -> HOLD | 2 tools
[llama-3.3-70b] (basic) - Portfolio: $10,000.00
    [Tool] get_portfolio({"symbol": "BTC"})
    [Tool] get_portfolio -> {
  "symbol": "BTC",
  "current_price": 88431.0,
  "starting_capital": 10000.0,
  "portfolio_value": 10000.0,
  "available_cash": 10000.0,
  "total_pnl": 0.0,
  "total_pnl_percent": 0.0,
  "total_fees_paid": 0.0,
  "trades_completed": 0,
  "has_position": false
}
    [Tool] hold({"symbol": "BTC"})
    [Tool] hold -> Holding position. No position. Cash: $10,000.00
  -> HOLD | 2 tools
[llama-3.3-70b] (membit) - Portfolio: $10,000.00
    [Tool] get_portfolio({"symbol": "BTC"})
    [Tool] get_portfolio -> {
  "symbol": "BTC",
  "current_price": 88431.0,
  "starting_capital": 10000.0,
  "portfolio_value": 10000.0,
  "available_cash": 10000.0,
  "total_pnl": 0.0,
  "total_pnl_percent": 0.0,
  "total_fees_paid": 0.0,
  "trades_completed": 0,
  "has_position": false
}
    [Tool] hold({"symbol": "BTC"})
    [Tool] hold -> Holding position. No position. Cash: $10,000.00
  -> HOLD | 2 tools
[qwen-3-32b] (basic) - Portfolio: $10,000.00
    [Tool] get_portfolio({"symbol": "BTC"})
    [Tool] get_portfolio -> {
  "symbol": "BTC",
  "current_price": 88431.0,
  "starting_capital": 10000.0,
  "portfolio_value": 10000.0,
  "available_cash": 10000.0,
  "total_pnl": 0.0,
  "total_pnl_percent": 0.0,
  "total_fees_paid": 0.0,
  "trades_completed": 0,
  "has_position": false
}
    [Tool] hold({"symbol": "BTC"})
    [Tool] hold -> Holding position. No position. Cash: $10,000.00
  -> HOLD | 2 tools
[qwen-3-32b] (membit) - Portfolio: $10,002.30
    [Tool] get_portfolio({"symbol": "BTC"})
    [Tool] get_portfolio -> {
  "symbol": "BTC",
  "current_price": 88431.0,
  "starting_capital": 10000.0,
  "portfolio_value": 10002.3,
  "available_cash": 9750.81,
  "total_pnl": 2.3,
  "total_pnl_percent": 0.02,
  "total_fees_paid": 0.75,
  "trades_completed": 2,
  "has_position": true,
  "position": {
    "symbol": "BTC",
    "asset_amount": 0.00284387,
    "entry_price": 87908.49,
    "current_price": 88431.0,
    "position_value": 251.49,
    "unrealized_pnl": 1.49
  }
}
    [Tool] search_posts({"query": "BTC", "limit": 5})
    [Membit] post_search('BTC') raw response: {'posts': [{'id': 902688900, 'uuid': 'd6466dc6-20ad-afef-5f7c-5cb9fdda0298', 'author': {'handle': '@arianafeeds', 'name': 'ariana feeds', 'profile_image': 'https://img.membit.ai/v2/96d1a4f5-ff9d-5fbe-cfd3-f69d246e97eb.jpeg'}, 'content': '♡', 'url': 'https://x.com/arianafeeds/status/2006164655287173445', 'timestamp': '2025-12-31T00:45:01Z', 'engagement': {'likes': 3746, 'replies': 2, 'retweets': 446}, 'mentioned': None, 'search_score': 0.9117192602302875}, {'id': 913837869, 'uuid': 'df77a4cb-d050-f5e4-8376-ea84a29301cf', 'author': {'handle': '@elonmusk', 'name': 'Elon Musk', 'profile_image': 'https://img.membit.ai/v2/9d1aa8ee-8a8f-b3e7-fad9-1fc69956f2b9.jpeg'}, 'content': 'Yes', 'url': 'https://x.com/elonmusk/status/2006865284616040726', 'timestamp': '2026-01-01T23:09:04Z', 'engagement': {'likes': 3099, 'replies': 287, 'retweets': 153}, 'mentioned': None, 'search_score': 0.8930440678280899}, {'id': 912956082, 'uuid': '2d4c8690-7e16-c84a-4afb-46a4fbc71843', 'author': {'handle': '@elonmusk', 'name': 'Elon Musk', 'profile_image': 'https://img.membit.ai/v2/9d1aa8ee-8a8f-b3e7-fad9-1fc69956f2b9.jpeg'}, 'content': 'Yes', 'url': 'https://x.com/elonmusk/status/2006803578447606231', 'timestamp': '2026-01-01T19:03:52Z', 'engagement': {'likes': 2282, 'replies': 246, 'retweets': 117}, 'mentioned': None, 'search_score': 0.8909931967908353}, {'id': 901344861, 'uuid': '80eaf66d-c50e-0247-0666-6d29ff8447ff', 'author': {'handle': '@AltCryptoGems', 'name': 'Sjuul | AltCryptoGems', 'profile_image': ''}, 'content': '👀👀', 'url': 'https://x.com/AltCryptoGems/status/2006060013396136143', 'timestamp': '2025-12-30T17:49:12Z', 'engagement': {'likes': 624, 'replies': 7, 'retweets': 4}, 'mentioned': None, 'search_score': 0.8633914474044243}, {'id': 913035231, 'uuid': 'af0b5c93-365d-1710-a1a5-e5e1ef42bf0a', 'author': {'handle': '@pandaa', 'name': 'panda', 'profile_image': 'https://img.membit.ai/v2/84dffd5f-fa64-e133-ed1b-dd8ee09252b2.jpeg'}, 'content': 'Yo', 'url': 'https://x.com/pandaa/status/2006808392803737665', 'timestamp': '2026-01-01T19:23:00Z', 'engagement': {'likes': 244, 'replies': 238, 'retweets': 38}, 'mentioned': None, 'search_score': 0.8623706395351375}]}
    [Membit] Found 5 posts
    [Tool] search_posts -> Recent posts:

1. ♡ [2025-12-31T00:45:01Z]
2. Yes [2026-01-01T23:09:04Z]
3. Yes [2026-01-01T19:03:52Z]
4. 👀👀 [2025-12-30T17:49:12Z]
5. Yo [2026-01-01T19:23:00Z]
  -> no action | 2 tools

Saved: run_20260102_090751.json

==============================================================================================================
  RUN SUMMARY - Actions Taken
==============================================================================================================
Model                Mode     Action   Details                                            Fee        Tools 
--------------------------------------------------------------------------------------------------------------
llama3.1-8b          basic    HOLD     Holding 0.110975 BTC ($9,814)                      -          3     
llama3.1-8b          membit   HOLD     Holding 0.096532 BTC ($8,536)                      -          2     
llama-3.3-70b        basic    HOLD     Holding cash: $10,000                              -          2     
llama-3.3-70b        membit   HOLD     Holding cash: $10,000                              -          2     
qwen-3-32b           basic    HOLD     Holding cash: $10,000                              -          2     
qwen-3-32b           membit   NONE     No trade executed                                  -          2     
==============================================================================================================

============================================================
  LEADERBOARD (BTC)
============================================================
Config                         Value        P&L          Return    
----------------------------------------------------------------
1. llama3.1-8b (basic)          $ 10,053.89 $    +53.89    +0.54%
2. llama3.1-8b (membit)         $ 10,029.38 $    +29.38    +0.29%
3. qwen-3-32b (membit)          $ 10,002.30 $     +2.30    +0.02%
4. llama-3.3-70b (basic)        $ 10,000.00 $     +0.00    +0.00%
5. llama-3.3-70b (membit)       $ 10,000.00 $     +0.00    +0.00%
6. qwen-3-32b (basic)           $ 10,000.00 $     +0.00    +0.00%

  WINNER: llama3.1-8b (basic) with $+53.89 (+0.54%)

Next run at: 2026-01-02T10:07:51
Sleeping for 60 minutes...

############################################################
  RUN #13
############################################################

============================================================
  Trading Simulation Run: 2026-01-02T10:07:50.986634
  Symbol: BTC | Starting Capital: $10,000
============================================================

BTC Price: $88,550.03

[llama3.1-8b] (basic) - Portfolio: $10,067.10
    [Tool] get_portfolio({"symbol": "BTC"})
    [Tool] get_portfolio -> {
  "symbol": "BTC",
  "current_price": 88550.03,
  "starting_capital": 10000.0,
  "portfolio_value": 10067.1,
  "available_cash": 240.25,
  "total_pnl": 67.1,
  "total_pnl_percent": 0.67,
  "total_fees_paid": 9.75,
  "trades_completed": 3,
  "has_position": true,
  "position": {
    "symbol": "BTC",
    "asset_amount": 0.11097512,
    "entry_price": 87857.53,
    "current_price": 88550.03,
    "position_value": 9826.85,
    "unrealized_pnl": 76.85
  }
}
    [Tool] get_portfolio({"symbol": "BTC"})
    [Tool] get_portfolio -> {
  "symbol": "BTC",
  "current_price": 88550.03,
  "starting_capital": 10000.0,
  "portfolio_value": 10067.1,
  "available_cash": 240.25,
  "total_pnl": 67.1,
  "total_pnl_percent": 0.67,
  "total_fees_paid": 9.75,
  "trades_completed": 3,
  "has_position": true,
  "position": {
    "symbol": "BTC",
    "asset_amount": 0.11097512,
    "entry_price": 87857.53,
    "current_price": 88550.03,
    "position_value": 9826.85,
    "unrealized_pnl": 76.85
  }
}
    [Tool] get_portfolio({"symbol": "BTC"})
    [Tool] get_portfolio -> {
  "symbol": "BTC",
  "current_price": 88550.03,
  "starting_capital": 10000.0,
  "portfolio_value": 10067.1,
  "available_cash": 240.25,
  "total_pnl": 67.1,
  "total_pnl_percent": 0.67,
  "total_fees_paid": 9.75,
  "trades_completed": 3,
  "has_position": true,
  "position": {
    "symbol": "BTC",
    "asset_amount": 0.11097512,
    "entry_price": 87857.53,
    "current_price": 88550.03,
    "position_value": 9826.85,
    "unrealized_pnl": 76.85
  }
}
    [Tool] buy({"usd_amount": 24.06, "symbol": "BTC"})
    [Tool] buy -> Bought 0.00027171 BTC for $24.06 at $88,550.03 (fee: $0.02)
  -> BUY | 4 tools
[llama3.1-8b] (membit) - Portfolio: $10,040.87
    [Tool] get_portfolio({"symbol": "BTC"})
    [Tool] get_portfolio -> {
  "symbol": "BTC",
  "current_price": 88550.03,
  "starting_capital": 10000.0,
  "portfolio_value": 10040.87,
  "available_cash": 1492.95,
  "total_pnl": 40.87,
  "total_pnl_percent": 0.41,
  "total_fees_paid": 8.5,
  "trades_completed": 4,
  "has_position": true,
  "position": {
    "symbol": "BTC",
    "asset_amount": 0.0965321,
    "entry_price": 88038.6,
    "current_price": 88550.03,
    "position_value": 8547.92,
    "unrealized_pnl": 49.37
  }
}
    [Tool] hold({"symbol": "BTC"})
    [Tool] hold -> Holding position. Current BTC: 0.09653210, Unrealized P&L: $+49.37
  -> HOLD | 2 tools
[llama-3.3-70b] (basic) - Portfolio: $10,000.00
    [Tool] get_portfolio({"symbol": "BTC"})
    [Tool] get_portfolio -> {
  "symbol": "BTC",
  "current_price": 88550.03,
  "starting_capital": 10000.0,
  "portfolio_value": 10000.0,
  "available_cash": 10000.0,
  "total_pnl": 0.0,
  "total_pnl_percent": 0.0,
  "total_fees_paid": 0.0,
  "trades_completed": 0,
  "has_position": false
}
    [Tool] buy({"usd_amount": 2000, "symbol": "BTC"})
    [Tool] buy -> Bought 0.02258610 BTC for $2,000.00 at $88,550.03 (fee: $2.00)
  -> BUY | 2 tools
[llama-3.3-70b] (membit) - Portfolio: $10,000.00
    [Tool] get_portfolio({"symbol": "BTC"})
    [Tool] get_portfolio -> {
  "symbol": "BTC",
  "current_price": 88550.03,
  "starting_capital": 10000.0,
  "portfolio_value": 10000.0,
  "available_cash": 10000.0,
  "total_pnl": 0.0,
  "total_pnl_percent": 0.0,
  "total_fees_paid": 0.0,
  "trades_completed": 0,
  "has_position": false
}
    [Tool] search_posts({"query": "BTC market sentiment", "limit": 10})
    [Membit] post_search('BTC market sentiment') raw response: {'posts': [{'id': 897990719, 'uuid': '1a52b6cd-86d9-f3e1-8d2f-8a6ff246dcb3', 'author': {'handle': '@SolJakey', 'name': 'Jakey', 'profile_image': 'https://img.membit.ai/v2/f6555eee-04f5-19a3-3e1b-475a2f536883.jpeg'}, 'content': 'Creator coins sentiment bottom.', 'url': 'https://x.com/SolJakey/status/2005850136933503314', 'timestamp': '2025-12-30T03:55:14Z', 'engagement': {'likes': 95, 'replies': 75, 'retweets': 8}, 'mentioned': None, 'search_score': 0.501025137580313}, {'id': 900854654, 'uuid': '3f30a51d-4a24-4956-1ecb-d40dc4bb1e67', 'author': {'handle': '@Mr_Derivatives', 'name': 'Heisenberg', 'profile_image': 'https://img.membit.ai/v2/9d30381e-2716-b317-ed6e-97ac7f90f431.jpeg'}, 'content': '$BTC\n\nThe more chop and consolidation here the harder the eventual breakout (or god forbid breakdown).\n\nCoiling to a point the coil needs to uncoil and go coily.\n\nGet ready..', 'url': 'https://x.com/Mr_Derivatives/status/2006025633004945519', 'timestamp': '2025-12-30T15:32:35Z', 'engagement': {'likes': 294, 'replies': 38, 'retweets': 6}, 'mentioned': None, 'search_score': 0.4635128284547798}, {'id': 900880708, 'uuid': 'a794825d-3646-b1b9-065d-46d93b7122e3', 'author': {'handle': '@DonWedge', 'name': 'Don ', 'profile_image': 'https://img.membit.ai/v2/4a8dc8db-9840-4610-7710-b1a69a9754b7.jpeg'}, 'content': '$BTC $89000', 'url': 'https://x.com/DonWedge/status/2006031677089255609', 'timestamp': '2025-12-30T15:56:36Z', 'engagement': {'likes': 188, 'replies': 36, 'retweets': 1}, 'mentioned': None, 'search_score': 0.4518503473676647}, {'id': 911840758, 'uuid': '8ff969b6-b59a-d3af-d6b5-8e6ace9dc9d7', 'author': {'handle': '@CGAPromotes', 'name': 'CGAA ', 'profile_image': 'https://img.membit.ai/v2/4b97b5ea-100b-20d8-da49-6fff3639f7f3.jpeg'}, 'content': '$BTC at $87,600.01', 'url': 'https://x.com/CGAPromotes/status/2006740902950383870', 'timestamp': '2026-01-01T14:54:49Z', 'engagement': {'likes': 61, 'replies': 20, 'retweets': 5}, 'mentioned': None, 'search_score': 0.45090595242739306}, {'id': 908132132, 'uuid': '0bbfe82f-d6eb-1772-1e3f-90693c6ea6a1', 'author': {'handle': '@CryptoZachLA', 'name': 'Zach', 'profile_image': 'https://img.membit.ai/v2/3fc414a3-fd09-4927-03b3-4e99b8129f0d.jpeg'}, 'content': '2026 Yearly $BTC Open - $87,600', 'url': 'https://x.com/CryptoZachLA/status/2006515907598893149', 'timestamp': '2026-01-01T00:00:46Z', 'engagement': {'likes': 92, 'replies': 35, 'retweets': 11}, 'mentioned': None, 'search_score': 0.44194480326990526}, {'id': 905560542, 'uuid': '2029ebb6-53ae-9e23-1e65-85dac21dc814', 'author': {'handle': '@cryptogems555', 'name': 'Crypto GEMs ', 'profile_image': 'https://img.membit.ai/v2/db5fd3ea-353b-3cb5-aac7-f39b5a6e02aa.jpeg'}, 'content': 'I am feeling bullish', 'url': 'https://x.com/cryptogems555/status/2006346251823087772', 'timestamp': '2025-12-31T12:46:37Z', 'engagement': {'likes': 256, 'replies': 118, 'retweets': 44}, 'mentioned': None, 'search_score': 0.43832857463886965}, {'id': 912802912, 'uuid': '1cb31f55-4f20-2905-b8ca-29b4570b7e4f', 'author': {'handle': '@TrendingBitcoin', 'name': 'Trending Bitcoin', 'profile_image': ''}, 'content': '#Bitcoin is going to $1,000,000 whether you like it or not 🚀 https://t.co/IRjRTM9LGL', 'url': 'https://x.com/TrendingBitcoin/status/2006789015526150157', 'timestamp': '2026-01-01T18:06:00Z', 'engagement': {'likes': 751, 'replies': 23, 'retweets': 98}, 'mentioned': None, 'search_score': 0.4357127742693119}, {'id': 910988149, 'uuid': 'f6bd9879-3a14-c2bb-5317-edd5a656c8ed', 'author': {'handle': '@TedPillows', 'name': 'Ted', 'profile_image': 'https://img.membit.ai/v2/81210924-6bdd-1e8f-e5d2-7715287b76eb.jpeg'}, 'content': 'Are you bullish?', 'url': 'https://x.com/TedPillows/status/2006695389618151672', 'timestamp': '2026-01-01T11:53:58Z', 'engagement': {'likes': 613, 'replies': 327, 'retweets': 25}, 'mentioned': None, 'search_score': 0.4311486870867971}, {'id': 898016051, 'uuid': 'c4286471-cb97-c2c5-baf6-90cdcf05b05c', 'author': {'handle': '@Bitcoin_Teddy', 'name': 'Bitcoin Teddy', 'profile_image': ''}, 'content': "You can't stop #Bitcoin https://t.co/JAIXd3PJLj", 'url': 'https://x.com/Bitcoin_Teddy/status/2005852091735286048', 'timestamp': '2025-12-30T04:03:00Z', 'engagement': {'likes': 389, 'replies': 46, 'retweets': 53}, 'mentioned': None, 'search_score': 0.4287900733316916}, {'id': 900470592, 'uuid': '273188ee-8d3e-20f3-8da2-a45e2933988a', 'author': {'handle': '@vainxyz', 'name': 'vain', 'profile_image': ''}, 'content': 'How it feels to be bullish on crypto rn https://t.co/WLnEVGsqlG', 'url': 'https://x.com/vainxyz/status/2006002333289783658', 'timestamp': '2025-12-30T14:00:00Z', 'engagement': {'likes': 731, 'replies': 183, 'retweets': 67}, 'mentioned': None, 'search_score': 0.42721044407131303}]}
    [Membit] Found 10 posts
    [Tool] search_posts -> Recent posts:

1. Creator coins sentiment bottom. [2025-12-30T03:55:14Z]
2. $BTC

The more chop and consolidation here the harder the eventual breakout (or god forbid breakdown).

Coiling to a point the coil needs to uncoil and go coily.

Get ready.. [2025-12-30T15:32:35Z]
3. $BTC $89000 [2025-12-30T15:56:36Z]
4. $BTC at $87,600.01 [2026-01-01T14:54:49Z]
5. 2026 Yearly $BTC Open - $87,600 [2026-01-01T00:00:46Z]
6. I am feeling bullish [2025-12-31T12:46:37Z]
7. #Bitcoin is going to $1,000,000 whether you like it or not 🚀 https://t.co/IRjRTM9LGL [2026-01-01T18:06:00Z]
8. Are you bullish? [2026-01-01T11:53:58Z]
9. You can't stop #Bitcoin https://t.co/JAIXd3PJLj [2025-12-30T04:03:00Z]
10. How it feels to be bullish on crypto rn https://t.co/WLnEVGsqlG [2025-12-30T14:00:00Z]
    [Tool] buy({"usd_amount": 1000, "symbol": "BTC"})
    [Tool] buy -> Bought 0.01129305 BTC for $1,000.00 at $88,550.03 (fee: $1.00)
  -> BUY | 3 tools
[qwen-3-32b] (basic) - Portfolio: $10,000.00
    [Tool] get_portfolio({"symbol": "BTC"})
    [Tool] get_portfolio -> {
  "symbol": "BTC",
  "current_price": 88550.03,
  "starting_capital": 10000.0,
  "portfolio_value": 10000.0,
  "available_cash": 10000.0,
  "total_pnl": 0.0,
  "total_pnl_percent": 0.0,
  "total_fees_paid": 0.0,
  "trades_completed": 0,
  "has_position": false
}
    [Tool] hold({"symbol": "BTC"})
    [Tool] hold -> Holding position. No position. Cash: $10,000.00
  -> HOLD | 2 tools
[qwen-3-32b] (membit) - Portfolio: $10,002.64
    [Tool] get_portfolio({"symbol": "BTC"})
    [Tool] get_portfolio -> {
  "symbol": "BTC",
  "current_price": 88550.03,
  "starting_capital": 10000.0,
  "portfolio_value": 10002.64,
  "available_cash": 9750.81,
  "total_pnl": 2.64,
  "total_pnl_percent": 0.03,
  "total_fees_paid": 0.75,
  "trades_completed": 2,
  "has_position": true,
  "position": {
    "symbol": "BTC",
    "asset_amount": 0.00284387,
    "entry_price": 87908.49,
    "current_price": 88550.03,
    "position_value": 251.82,
    "unrealized_pnl": 1.82
  }
}
  -> no action | 1 tools

Saved: run_20260102_100804.json

==============================================================================================================
  RUN SUMMARY - Actions Taken
==============================================================================================================
Model                Mode     Action   Details                                            Fee        Tools 
--------------------------------------------------------------------------------------------------------------
llama3.1-8b          basic    BUY      $24 @ $88,550 -> 0.000272 BTC                      $0.02      4     
llama3.1-8b          membit   HOLD     Holding 0.096532 BTC ($8,548)                      -          2     
llama-3.3-70b        basic    BUY      $2,000 @ $88,550 -> 0.022586 BTC                   $2.00      2     
llama-3.3-70b        membit   BUY      $1,000 @ $88,550 -> 0.011293 BTC                   $1.00      3     
qwen-3-32b           basic    HOLD     Holding cash: $10,000                              -          2     
qwen-3-32b           membit   NONE     No trade executed                                  -          1     
==============================================================================================================

============================================================
  LEADERBOARD (BTC)
============================================================
Config                         Value        P&L          Return    
----------------------------------------------------------------
1. llama3.1-8b (basic)          $ 10,067.08 $    +67.08    +0.67%
2. llama3.1-8b (membit)         $ 10,040.87 $    +40.87    +0.41%
3. qwen-3-32b (membit)          $ 10,002.64 $     +2.64    +0.03%
4. qwen-3-32b (basic)           $ 10,000.00 $     +0.00    +0.00%
5. llama-3.3-70b (membit)       $  9,999.00 $     -1.00    -0.01%
6. llama-3.3-70b (basic)        $  9,998.00 $     -2.00    -0.02%

  WINNER: llama3.1-8b (basic) with $+67.08 (+0.67%)

Next run at: 2026-01-02T11:08:04
Sleeping for 60 minutes...

############################################################
  RUN #14
############################################################

============================================================
  Trading Simulation Run: 2026-01-02T11:08:04.376524
  Symbol: BTC | Starting Capital: $10,000
============================================================

BTC Price: $88,810.45

[llama3.1-8b] (basic) - Portfolio: $10,096.05
    [Tool] get_portfolio({"symbol": "BTC"})
    [Tool] get_portfolio -> {
  "symbol": "BTC",
  "current_price": 88810.45,
  "starting_capital": 10000.0,
  "portfolio_value": 10096.05,
  "available_cash": 216.17,
  "total_pnl": 96.05,
  "total_pnl_percent": 0.96,
  "total_fees_paid": 9.77,
  "trades_completed": 4,
  "has_position": true,
  "position": {
    "symbol": "BTC",
    "asset_amount": 0.11124683,
    "entry_price": 87859.22,
    "current_price": 88810.45,
    "position_value": 9879.88,
    "unrealized_pnl": 105.82
  }
}
    [Tool] sell({"asset_amount": 0.05212341, "symbol": "BTC"})
    [Tool] sell -> Sold 0.05212341 BTC for $4,624.47 at $88,810.45 (fee: $4.63). P&L: $+49.58 (+1.08%)
  -> SELL | 2 tools
[llama3.1-8b] (membit) - Portfolio: $10,066.01
    [Tool] get_portfolio({"symbol": "BTC"})
    [Tool] get_portfolio -> {
  "symbol": "BTC",
  "current_price": 88810.45,
  "starting_capital": 10000.0,
  "portfolio_value": 10066.01,
  "available_cash": 1492.95,
  "total_pnl": 66.01,
  "total_pnl_percent": 0.66,
  "total_fees_paid": 8.5,
  "trades_completed": 4,
  "has_position": true,
  "position": {
    "symbol": "BTC",
    "asset_amount": 0.0965321,
    "entry_price": 88038.6,
    "current_price": 88810.45,
    "position_value": 8573.06,
    "unrealized_pnl": 74.51
  }
}
    [Tool] get_portfolio({"symbol": "BTC"})
    [Tool] get_portfolio -> {
  "symbol": "BTC",
  "current_price": 88810.45,
  "starting_capital": 10000.0,
  "portfolio_value": 10066.01,
  "available_cash": 1492.95,
  "total_pnl": 66.01,
  "total_pnl_percent": 0.66,
  "total_fees_paid": 8.5,
  "trades_completed": 4,
  "has_position": true,
  "position": {
    "symbol": "BTC",
    "asset_amount": 0.0965321,
    "entry_price": 88038.6,
    "current_price": 88810.45,
    "position_value": 8573.06,
    "unrealized_pnl": 74.51
  }
}
    [Tool] search_posts({"query": "BTC analysis", "limit": 5})
    [Membit] post_search('BTC analysis') raw response: {'posts': [{'id': 901420894, 'uuid': 'afe1a345-cb7e-6f3a-4c7d-d420135becc3', 'author': {'handle': '@TedPillows', 'name': 'Ted', 'profile_image': 'https://img.membit.ai/v2/81210924-6bdd-1e8f-e5d2-7715287b76eb.jpeg'}, 'content': '$BTC is clearly suppressed.', 'url': 'https://x.com/TedPillows/status/2006064531903070632', 'timestamp': '2025-12-30T18:07:09Z', 'engagement': {'likes': 846, 'replies': 136, 'retweets': 40}, 'mentioned': None, 'search_score': 0.6420342869416003}, {'id': 907806807, 'uuid': '227b61cc-e6c4-871d-d472-3fbe452811e0', 'author': {'handle': '@HerroCrypto', 'name': 'Herro', 'profile_image': 'https://img.membit.ai/v2/e0652487-4112-3c69-97f5-f96099e876ce.jpeg'}, 'content': 'ETH BTC looks good here', 'url': 'https://x.com/HerroCrypto/status/2006484729810530799', 'timestamp': '2025-12-31T21:56:52Z', 'engagement': {'likes': 123, 'replies': 2, 'retweets': 44}, 'mentioned': None, 'search_score': 0.6239909471893046}, {'id': 900854654, 'uuid': '3f30a51d-4a24-4956-1ecb-d40dc4bb1e67', 'author': {'handle': '@Mr_Derivatives', 'name': 'Heisenberg', 'profile_image': 'https://img.membit.ai/v2/9d30381e-2716-b317-ed6e-97ac7f90f431.jpeg'}, 'content': '$BTC\n\nThe more chop and consolidation here the harder the eventual breakout (or god forbid breakdown).\n\nCoiling to a point the coil needs to uncoil and go coily.\n\nGet ready..', 'url': 'https://x.com/Mr_Derivatives/status/2006025633004945519', 'timestamp': '2025-12-30T15:32:35Z', 'engagement': {'likes': 294, 'replies': 38, 'retweets': 6}, 'mentioned': None, 'search_score': 0.5283339846414208}, {'id': 903963656, 'uuid': '16f80ae8-cc22-19fb-47bf-50abba457b69', 'author': {'handle': '@Bitcoin_Teddy', 'name': 'Bitcoin Teddy', 'profile_image': ''}, 'content': 'History of #Bitcoin’s Market Price https://t.co/fAuOof4PbF', 'url': 'https://x.com/Bitcoin_Teddy/status/2006245937094570213', 'timestamp': '2025-12-31T06:08:00Z', 'engagement': {'likes': 375, 'replies': 21, 'retweets': 64}, 'mentioned': None, 'search_score': 0.5016313347066242}, {'id': 909025999, 'uuid': '87117076-0094-5e1f-34bf-1dc6817f9abc', 'author': {'handle': '@Bitcoin', 'name': 'Bitcoin', 'profile_image': 'https://img.membit.ai/v2/8d2e38bb-de91-88b3-0b54-de92dcb95adf.jpeg'}, 'content': '$87,480.11\n\n#Bitcoin  #BTC  $BTC $USD', 'url': 'https://x.com/Bitcoin/status/2006581079432442092', 'timestamp': '2026-01-01T04:19:44Z', 'engagement': {'likes': 401, 'replies': 104, 'retweets': 79}, 'mentioned': None, 'search_score': 0.4995261899202572}]}
    [Membit] Found 5 posts
    [Tool] search_posts -> Recent posts:

1. $BTC is clearly suppressed. [2025-12-30T18:07:09Z]
2. ETH BTC looks good here [2025-12-31T21:56:52Z]
3. $BTC

The more chop and consolidation here the harder the eventual breakout (or god forbid breakdown).

Coiling to a point the coil needs to uncoil and go coily.

Get ready.. [2025-12-30T15:32:35Z]
4. History of #Bitcoin’s Market Price https://t.co/fAuOof4PbF [2025-12-31T06:08:00Z]
5. $87,480.11

#Bitcoin  #BTC  $BTC $USD [2026-01-01T04:19:44Z]
    [Tool] search_clusters({"query": "BTC market news", "limit": 5})
    [Membit] cluster_search('BTC market news') raw response: {'clusters': [{'label': 'Binance Wintermute $BTC market manipulation', 'summary': "Wintermute is allegedly manipulating the $BTC market by dumping millions of dollars' worth of $BTC during low-liquidity hours on New Year's Eve, specifically on Binance. This is claimed to be a strategic liquidation event aimed at manipulating the market. The transactions involve large sums of $BTC being sold in rapid succession, contributing to significant price movements.", 'category': 'Crypto', 'engagement_score': 3177.8847756202117, 'search_score': 0.8981767389004136}, {'label': '$BTC price movement and USD1/BTC trading volume', 'summary': "The posts discuss the current state of the Bitcoin market, with many featuring charts and data from Binance. Some users are commenting on the price movement, with one predicting a short-term target of $94K. Others are highlighting the increasing trading volume of USD1/BTC on Binance, with some noting that it has surpassed USDT/BTC. There are also mentions of market makers and the potential for a 'pump and dump' scenario.", 'category': 'Crypto', 'engagement_score': 2144.383275210322, 'search_score': 0.8970571092313733}, {'label': '$BTC retail accumulation', 'summary': 'Bitcoin retail wallets have accumulated 3.31% more BTC since July, while whale wallets have only added 0.36%, reversing the typical bull market accumulation pattern.', 'category': 'Crypto', 'engagement_score': 1205.1202090237052, 'search_score': 0.8609940640225009}, {'label': 'Mezo Network $BTC DeFi Solutions', 'summary': "Mezo Network provides a Bitcoin-based DeFi solution offering lending, borrowing, and yield-earning services through a dual-token system. Users can lock BTC to earn rewards, access loans, and use Bitcoin as collateral. The platform has reached $73 million in TVL with 300% growth in one month, aiming to make Bitcoin a usable financial infrastructure for everyday transactions. Mezo's approach strengthens Bitcoin's economic relevance by utilizing BTC throughout their network, allowing users to hold BTC without selling it and unlocking liquidity. The platform's BTC yield product, Mezo Earn, offers a 4% APY on BTC with extra incentives for early users. Mezo Network is focused on building a lasting narrative for 2026, aiming to unlock the banking experience for Bitcoin and lead it into its next chapter as productive capital.", 'category': 'Crypto', 'engagement_score': 8342.951364059647, 'search_score': 0.8224775173701587}, {'label': 'Bitcoin $BTC vs Gold', 'summary': "Eric Trump believes Bitcoin will replace gold, with one Bitcoin potentially worth over $1 million if it were to match gold's market cap. Other figures, including Vice President JD Vance, express optimism about Bitcoin's future, with Vance predicting 100 million Americans will own Bitcoin soon.", 'category': 'Business & Finance', 'engagement_score': 4144.61233706101, 'search_score': 0.8059089415433311}]}
    [Membit] Found 5 clusters
    [Tool] search_clusters -> Trending topic clusters:

1. Binance Wintermute $BTC market manipulation: Wintermute is allegedly manipulating the $BTC market by dumping millions of dollars' worth of $BTC during low-liquidity hours on New Year's Eve, specifically on Binance. This is claimed to be a strategic liquidation event aimed at manipulating the market. The transactions involve large sums of $BTC being sold in rapid succession, contributing to significant price movements.
2. $BTC price movement and USD1/BTC trading volume: The posts discuss the current state of the Bitcoin market, with many featuring charts and data from Binance. Some users are commenting on the price movement, with one predicting a short-term target of $94K. Others are highlighting the increasing trading volume of USD1/BTC on Binance, with some noting that it has surpassed USDT/BTC. There are also mentions of market makers and the potential for a 'pump and dump' scenario.
3. $BTC retail accumulation: Bitcoin retail wallets have accumulated 3.31% more BTC since July, while whale wallets have only added 0.36%, reversing the typical bull market accumulation pattern.
4. Mezo Network $BTC DeFi Solutions: Mezo Network provides a Bitcoin-based DeFi solution offering lending, borrowing, and yield-earning services through a dual-token system. Users can lock BTC to earn rewards, access loans, and use Bitcoin as collateral. The platform has reached $73 million in TVL with 300% growth in one month, aiming to make Bitcoin a usable financial infrastructure for everyday transactions. Mezo's approach strengthens Bitcoin's economic relevance by utilizing BTC throughout their network, allowing users to hold BTC without selling it and unlocking liquidity. The platform's BTC yield product, Mezo Earn, offers a 4% APY on BTC with extra incentives for early users. Mezo Network is focused on building a lasting narrative for 2026, aiming to unlock the banking experience for Bitcoin and lead it into its next chapter as productive capital.
5. Bitcoin $BTC vs Gold: Eric Trump believes Bitcoin will replace gold, with one Bitcoin potentially worth over $1 million if it were to match gold's market cap. Other figures, including Vice President JD Vance, express optimism about Bitcoin's future, with Vance predicting 100 million Americans will own Bitcoin soon.
  -> no action | 4 tools
[llama-3.3-70b] (basic) - Portfolio: $10,003.88
    [Tool] get_portfolio({"symbol": "BTC"})
    [Tool] get_portfolio -> {
  "symbol": "BTC",
  "current_price": 88810.45,
  "starting_capital": 10000.0,
  "portfolio_value": 10003.88,
  "available_cash": 7998.0,
  "total_pnl": 3.88,
  "total_pnl_percent": 0.04,
  "total_fees_paid": 2.0,
  "trades_completed": 1,
  "has_position": true,
  "position": {
    "symbol": "BTC",
    "asset_amount": 0.0225861,
    "entry_price": 88550.03,
    "current_price": 88810.45,
    "position_value": 2005.88,
    "unrealized_pnl": 5.88
  }
}
  -> no action | 1 tools
[llama-3.3-70b] (membit) - Portfolio: $10,001.94
    [Tool] get_portfolio({"symbol": "BTC"})
    [Tool] get_portfolio -> {
  "symbol": "BTC",
  "current_price": 88810.45,
  "starting_capital": 10000.0,
  "portfolio_value": 10001.94,
  "available_cash": 8999.0,
  "total_pnl": 1.94,
  "total_pnl_percent": 0.02,
  "total_fees_paid": 1.0,
  "trades_completed": 1,
  "has_position": true,
  "position": {
    "symbol": "BTC",
    "asset_amount": 0.01129305,
    "entry_price": 88550.03,
    "current_price": 88810.45,
    "position_value": 1002.94,
    "unrealized_pnl": 2.94
  }
}
  -> no action | 1 tools
[qwen-3-32b] (basic) - Portfolio: $10,000.00
    [Tool] get_portfolio({"symbol": "BTC"})
    [Tool] get_portfolio -> {
  "symbol": "BTC",
  "current_price": 88810.45,
  "starting_capital": 10000.0,
  "portfolio_value": 10000.0,
  "available_cash": 10000.0,
  "total_pnl": 0.0,
  "total_pnl_percent": 0.0,
  "total_fees_paid": 0.0,
  "trades_completed": 0,
  "has_position": false
}
    [Tool] get_portfolio({"symbol": "BTC"})
    [Tool] get_portfolio -> {
  "symbol": "BTC",
  "current_price": 88810.45,
  "starting_capital": 10000.0,
  "portfolio_value": 10000.0,
  "available_cash": 10000.0,
  "total_pnl": 0.0,
  "total_pnl_percent": 0.0,
  "total_fees_paid": 0.0,
  "trades_completed": 0,
  "has_position": false
}
    [Tool] buy({"usd_amount": 2500, "symbol": "BTC"})
    [Tool] buy -> Bought 0.02814984 BTC for $2,500.00 at $88,810.45 (fee: $2.50)
  -> BUY | 3 tools
[qwen-3-32b] (membit) - Portfolio: $10,003.38
    [Tool] get_portfolio({"symbol": "BTC"})
    [Tool] get_portfolio -> {
  "symbol": "BTC",
  "current_price": 88810.45,
  "starting_capital": 10000.0,
  "portfolio_value": 10003.38,
  "available_cash": 9750.81,
  "total_pnl": 3.38,
  "total_pnl_percent": 0.03,
  "total_fees_paid": 0.75,
  "trades_completed": 2,
  "has_position": true,
  "position": {
    "symbol": "BTC",
    "asset_amount": 0.00284387,
    "entry_price": 87908.49,
    "current_price": 88810.45,
    "position_value": 252.57,
    "unrealized_pnl": 2.57
  }
}
    [Tool] hold({"symbol": "BTC"})
    [Tool] hold -> Holding position. Current BTC: 0.00284387, Unrealized P&L: $+2.57
  -> HOLD | 2 tools

Saved: run_20260102_110818.json

==============================================================================================================
  RUN SUMMARY - Actions Taken
==============================================================================================================
Model                Mode     Action   Details                                            Fee        Tools 
--------------------------------------------------------------------------------------------------------------
llama3.1-8b          basic    SELL     Sold 0.052123 BTC -> $4,624, remaining: 0.059123   $4.63      2     
llama3.1-8b          membit   NONE     No trade executed                                  -          4     
llama-3.3-70b        basic    NONE     No trade executed                                  -          1     
llama-3.3-70b        membit   NONE     No trade executed                                  -          1     
qwen-3-32b           basic    BUY      $2,500 @ $88,810 -> 0.028150 BTC                   $2.50      3     
qwen-3-32b           membit   HOLD     Holding 0.002844 BTC ($253)                        -          2     
==============================================================================================================

============================================================
  LEADERBOARD (BTC)
============================================================
Config                         Value        P&L          Return    
----------------------------------------------------------------
1. llama3.1-8b (basic)          $ 10,091.42 $    +91.42    +0.91%
2. llama3.1-8b (membit)         $ 10,066.01 $    +66.01    +0.66%
3. llama-3.3-70b (basic)        $ 10,003.88 $     +3.88    +0.04%
4. qwen-3-32b (membit)          $ 10,003.38 $     +3.38    +0.03%
5. llama-3.3-70b (membit)       $ 10,001.94 $     +1.94    +0.02%
6. qwen-3-32b (basic)           $  9,997.50 $     -2.50    -0.03%

  WINNER: llama3.1-8b (basic) with $+91.42 (+0.91%)

Next run at: 2026-01-02T12:08:18
Sleeping for 60 minutes...

############################################################
  RUN #15
############################################################

============================================================
  Trading Simulation Run: 2026-01-02T12:08:17.957956
  Symbol: BTC | Starting Capital: $10,000
============================================================

BTC Price: $88,584.63

[llama3.1-8b] (basic) - Portfolio: $10,078.07
    [Tool] get_portfolio({"symbol": "BTC"})
    [Tool] get_portfolio -> {
  "symbol": "BTC",
  "current_price": 88584.63,
  "starting_capital": 10000.0,
  "portfolio_value": 10078.07,
  "available_cash": 4840.64,
  "total_pnl": 78.07,
  "total_pnl_percent": 0.78,
  "total_fees_paid": 14.4,
  "trades_completed": 5,
  "has_position": true,
  "position": {
    "symbol": "BTC",
    "asset_amount": 0.05912342,
    "entry_price": 87859.22,
    "current_price": 88584.63,
    "position_value": 5237.43,
    "unrealized_pnl": 42.89
  }
}
  -> no action | 1 tools
[llama3.1-8b] (membit) - Portfolio: $10,044.21
    [Tool] get_portfolio({"symbol": "BTC"})
    [Tool] get_portfolio -> {
  "symbol": "BTC",
  "current_price": 88584.63,
  "starting_capital": 10000.0,
  "portfolio_value": 10044.21,
  "available_cash": 1492.95,
  "total_pnl": 44.21,
  "total_pnl_percent": 0.44,
  "total_fees_paid": 8.5,
  "trades_completed": 4,
  "has_position": true,
  "position": {
    "symbol": "BTC",
    "asset_amount": 0.0965321,
    "entry_price": 88038.6,
    "current_price": 88584.63,
    "position_value": 8551.26,
    "unrealized_pnl": 52.71
  }
}
  -> no action | 1 tools
[llama-3.3-70b] (basic) - Portfolio: $9,998.78
    [Tool] get_portfolio({"symbol": "BTC"})
    [Tool] get_portfolio -> {
  "symbol": "BTC",
  "current_price": 88584.63,
  "starting_capital": 10000.0,
  "portfolio_value": 9998.78,
  "available_cash": 7998.0,
  "total_pnl": -1.22,
  "total_pnl_percent": -0.01,
  "total_fees_paid": 2.0,
  "trades_completed": 1,
  "has_position": true,
  "position": {
    "symbol": "BTC",
    "asset_amount": 0.0225861,
    "entry_price": 88550.03,
    "current_price": 88584.63,
    "position_value": 2000.78,
    "unrealized_pnl": 0.78
  }
}
    [Tool] hold({"symbol": "BTC"})
    [Tool] hold -> Holding position. Current BTC: 0.02258610, Unrealized P&L: $+0.78
  -> HOLD | 2 tools
[llama-3.3-70b] (membit) - Portfolio: $9,999.39
    [Tool] get_portfolio({"symbol": "BTC"})
    [Tool] get_portfolio -> {
  "symbol": "BTC",
  "current_price": 88584.63,
  "starting_capital": 10000.0,
  "portfolio_value": 9999.39,
  "available_cash": 8999.0,
  "total_pnl": -0.61,
  "total_pnl_percent": -0.01,
  "total_fees_paid": 1.0,
  "trades_completed": 1,
  "has_position": true,
  "position": {
    "symbol": "BTC",
    "asset_amount": 0.01129305,
    "entry_price": 88550.03,
    "current_price": 88584.63,
    "position_value": 1000.39,
    "unrealized_pnl": 0.39
  }
}
  -> no action | 1 tools
[qwen-3-32b] (basic) - Portfolio: $9,991.14
    [Tool] get_portfolio({"symbol": "BTC"})
    [Tool] get_portfolio -> {
  "symbol": "BTC",
  "current_price": 88584.63,
  "starting_capital": 10000.0,
  "portfolio_value": 9991.14,
  "available_cash": 7497.5,
  "total_pnl": -8.86,
  "total_pnl_percent": -0.09,
  "total_fees_paid": 2.5,
  "trades_completed": 1,
  "has_position": true,
  "position": {
    "symbol": "BTC",
    "asset_amount": 0.02814984,
    "entry_price": 88810.45,
    "current_price": 88584.63,
    "position_value": 2493.64,
    "unrealized_pnl": -6.36
  }
}
    [Tool] hold({"symbol": "BTC"})
    [Tool] hold -> Holding position. Current BTC: 0.02814984, Unrealized P&L: $-6.36
  -> HOLD | 2 tools
[qwen-3-32b] (membit) - Portfolio: $10,002.73
    [Tool] get_portfolio({"symbol": "BTC"})
    [Tool] get_portfolio -> {
  "symbol": "BTC",
  "current_price": 88584.63,
  "starting_capital": 10000.0,
  "portfolio_value": 10002.73,
  "available_cash": 9750.81,
  "total_pnl": 2.73,
  "total_pnl_percent": 0.03,
  "total_fees_paid": 0.75,
  "trades_completed": 2,
  "has_position": true,
  "position": {
    "symbol": "BTC",
    "asset_amount": 0.00284387,
    "entry_price": 87908.49,
    "current_price": 88584.63,
    "position_value": 251.92,
    "unrealized_pnl": 1.92
  }
}
    [Tool] hold({"symbol": "BTC"})
    [Tool] hold -> Holding position. Current BTC: 0.00284387, Unrealized P&L: $+1.92
  -> HOLD | 2 tools

Saved: run_20260102_120828.json

==============================================================================================================
  RUN SUMMARY - Actions Taken
==============================================================================================================
Model                Mode     Action   Details                                            Fee        Tools 
--------------------------------------------------------------------------------------------------------------
llama3.1-8b          basic    NONE     No trade executed                                  -          1     
llama3.1-8b          membit   NONE     No trade executed                                  -          1     
llama-3.3-70b        basic    HOLD     Holding 0.022586 BTC ($2,001)                      -          2     
llama-3.3-70b        membit   NONE     No trade executed                                  -          1     
qwen-3-32b           basic    HOLD     Holding 0.028150 BTC ($2,494)                      -          2     
qwen-3-32b           membit   HOLD     Holding 0.002844 BTC ($252)                        -          2     
==============================================================================================================

============================================================
  LEADERBOARD (BTC)
============================================================
Config                         Value        P&L          Return    
----------------------------------------------------------------
1. llama3.1-8b (basic)          $ 10,078.07 $    +78.07    +0.78%
2. llama3.1-8b (membit)         $ 10,044.21 $    +44.21    +0.44%
3. qwen-3-32b (membit)          $ 10,002.73 $     +2.73    +0.03%
4. llama-3.3-70b (membit)       $  9,999.39 $     -0.61    -0.01%
5. llama-3.3-70b (basic)        $  9,998.78 $     -1.22    -0.01%
6. qwen-3-32b (basic)           $  9,991.14 $     -8.86    -0.09%

  WINNER: llama3.1-8b (basic) with $+78.07 (+0.78%)

Next run at: 2026-01-02T13:08:28
Sleeping for 60 minutes...

############################################################
  RUN #16
############################################################

============================================================
  Trading Simulation Run: 2026-01-02T13:08:28.419181
  Symbol: BTC | Starting Capital: $10,000
============================================================

BTC Price: $88,657.20

[llama3.1-8b] (basic) - Portfolio: $10,082.36
    [Tool] get_portfolio({"symbol": "BTC"})
    [Tool] get_portfolio -> {
  "symbol": "BTC",
  "current_price": 88657.2,
  "starting_capital": 10000.0,
  "portfolio_value": 10082.36,
  "available_cash": 4840.64,
  "total_pnl": 82.36,
  "total_pnl_percent": 0.82,
  "total_fees_paid": 14.4,
  "trades_completed": 5,
  "has_position": true,
  "position": {
    "symbol": "BTC",
    "asset_amount": 0.05912342,
    "entry_price": 87859.22,
    "current_price": 88657.2,
    "position_value": 5241.72,
    "unrealized_pnl": 47.18
  }
}
    [Tool] sell({"asset_amount": 0.05912342, "symbol": "BTC"})
    [Tool] sell -> Sold 0.05912342 BTC for $5,236.48 at $88,657.20 (fee: $5.24). P&L: $+47.18 (+0.91%)
    [Tool] buy({"usd_amount": 1000, "symbol": "BTC"})
    [Tool] buy -> Bought 0.01127940 BTC for $1,000.00 at $88,657.20 (fee: $1.00)
  -> BUY | 3 tools
[llama3.1-8b] (membit) - Portfolio: $10,051.22
    [Tool] get_portfolio({"symbol": "BTC"})
    [Tool] get_portfolio -> {
  "symbol": "BTC",
  "current_price": 88657.2,
  "starting_capital": 10000.0,
  "portfolio_value": 10051.22,
  "available_cash": 1492.95,
  "total_pnl": 51.22,
  "total_pnl_percent": 0.51,
  "total_fees_paid": 8.5,
  "trades_completed": 4,
  "has_position": true,
  "position": {
    "symbol": "BTC",
    "asset_amount": 0.0965321,
    "entry_price": 88038.6,
    "current_price": 88657.2,
    "position_value": 8558.27,
    "unrealized_pnl": 59.71
  }
}
  -> no action | 1 tools
[llama-3.3-70b] (basic) - Portfolio: $10,000.42
    [Tool] get_portfolio({"symbol": "BTC"})
    [Tool] get_portfolio -> {
  "symbol": "BTC",
  "current_price": 88657.2,
  "starting_capital": 10000.0,
  "portfolio_value": 10000.42,
  "available_cash": 7998.0,
  "total_pnl": 0.42,
  "total_pnl_percent": 0.0,
  "total_fees_paid": 2.0,
  "trades_completed": 1,
  "has_position": true,
  "position": {
    "symbol": "BTC",
    "asset_amount": 0.0225861,
    "entry_price": 88550.03,
    "current_price": 88657.2,
    "position_value": 2002.42,
    "unrealized_pnl": 2.42
  }
}
    [Tool] hold({"symbol": "BTC"})
    [Tool] hold -> Holding position. Current BTC: 0.02258610, Unrealized P&L: $+2.42
  -> HOLD | 2 tools
[llama-3.3-70b] (membit) - Portfolio: $10,000.21
    [Tool] get_portfolio({"symbol": "BTC"})
    [Tool] get_portfolio -> {
  "symbol": "BTC",
  "current_price": 88657.2,
  "starting_capital": 10000.0,
  "portfolio_value": 10000.21,
  "available_cash": 8999.0,
  "total_pnl": 0.21,
  "total_pnl_percent": 0.0,
  "total_fees_paid": 1.0,
  "trades_completed": 1,
  "has_position": true,
  "position": {
    "symbol": "BTC",
    "asset_amount": 0.01129305,
    "entry_price": 88550.03,
    "current_price": 88657.2,
    "position_value": 1001.21,
    "unrealized_pnl": 1.21
  }
}
    [Tool] hold({"symbol": "BTC"})
    [Tool] hold -> Holding position. Current BTC: 0.01129305, Unrealized P&L: $+1.21
  -> HOLD | 2 tools
[qwen-3-32b] (basic) - Portfolio: $9,993.19
    [Tool] get_portfolio({"symbol": "BTC"})
    [Tool] get_portfolio -> {
  "symbol": "BTC",
  "current_price": 88657.2,
  "starting_capital": 10000.0,
  "portfolio_value": 9993.19,
  "available_cash": 7497.5,
  "total_pnl": -6.81,
  "total_pnl_percent": -0.07,
  "total_fees_paid": 2.5,
  "trades_completed": 1,
  "has_position": true,
  "position": {
    "symbol": "BTC",
    "asset_amount": 0.02814984,
    "entry_price": 88810.45,
    "current_price": 88657.2,
    "position_value": 2495.69,
    "unrealized_pnl": -4.31
  }
}
  -> no action | 1 tools
[qwen-3-32b] (membit) - Portfolio: $10,002.94
    [Tool] get_portfolio({"symbol": "BTC"})
    [Tool] get_portfolio -> {
  "symbol": "BTC",
  "current_price": 88657.2,
  "starting_capital": 10000.0,
  "portfolio_value": 10002.94,
  "available_cash": 9750.81,
  "total_pnl": 2.94,
  "total_pnl_percent": 0.03,
  "total_fees_paid": 0.75,
  "trades_completed": 2,
  "has_position": true,
  "position": {
    "symbol": "BTC",
    "asset_amount": 0.00284387,
    "entry_price": 87908.49,
    "current_price": 88657.2,
    "position_value": 252.13,
    "unrealized_pnl": 2.13
  }
}
    [Tool] get_portfolio({"symbol": "BTC"})
    [Tool] get_portfolio -> {
  "symbol": "BTC",
  "current_price": 88657.2,
  "starting_capital": 10000.0,
  "portfolio_value": 10002.94,
  "available_cash": 9750.81,
  "total_pnl": 2.94,
  "total_pnl_percent": 0.03,
  "total_fees_paid": 0.75,
  "trades_completed": 2,
  "has_position": true,
  "position": {
    "symbol": "BTC",
    "asset_amount": 0.00284387,
    "entry_price": 87908.49,
    "current_price": 88657.2,
    "position_value": 252.13,
    "unrealized_pnl": 2.13
  }
}
    [Tool] search_clusters({"query": "BTC", "limit": 3})
    [Membit] cluster_search('BTC') raw response: {'clusters': [{'label': 'Mezo Network $BTC DeFi Solutions', 'summary': "Mezo Network offers a Bitcoin-based DeFi solution with lending, borrowing, and yield-earning services through a dual-token system. Users can lock BTC to earn rewards, access loans, and use Bitcoin as collateral. The platform has reached $73 million in TVL with 300% growth in one month. Mezo's approach strengthens Bitcoin's economic relevance by utilizing BTC throughout their network, allowing users to hold BTC without selling it and unlocking liquidity. The platform's BTC yield product, Mezo Earn, offers a 4% APY on BTC with extra incentives for early users.", 'category': 'Crypto', 'engagement_score': 11227.437870287346, 'search_score': 0.8711789483325}, {'label': 'Tether $BTC Investment', 'summary': "Tether purchased 8,888 Bitcoin worth $779 million in Q4 2025, bringing its total holdings above 96,000 BTC and making its Bitcoin wallet the fifth-largest in existence. The acquisition was announced by CEO Paolo Ardoino. Tether's total holdings are 96,370 BTC worth approximately $8.5 billion.", 'category': 'Crypto', 'engagement_score': 20998.895831958253, 'search_score': 0.6517100450316817}, {'label': 'Starknet BTCFi 2025 Growth', 'summary': 'The posts discuss the progress and future plans of Starknet, a blockchain platform, particularly in the areas of BTCFi, privacy, and token alignment. In 2025, Starknet focused on building its base, and 2026 is expected to be the year it expands and grows. The platform aims to improve native BTC liquidity, make privacy more accessible, and evolve into a comprehensive ecosystem.', 'category': 'Crypto', 'engagement_score': 2174.2986718989755, 'search_score': 0.5043373773973524}]}
    [Membit] Found 3 clusters
    [Tool] search_clusters -> Trending topic clusters:

1. Mezo Network $BTC DeFi Solutions: Mezo Network offers a Bitcoin-based DeFi solution with lending, borrowing, and yield-earning services through a dual-token system. Users can lock BTC to earn rewards, access loans, and use Bitcoin as collateral. The platform has reached $73 million in TVL with 300% growth in one month. Mezo's approach strengthens Bitcoin's economic relevance by utilizing BTC throughout their network, allowing users to hold BTC without selling it and unlocking liquidity. The platform's BTC yield product, Mezo Earn, offers a 4% APY on BTC with extra incentives for early users.
2. Tether $BTC Investment: Tether purchased 8,888 Bitcoin worth $779 million in Q4 2025, bringing its total holdings above 96,000 BTC and making its Bitcoin wallet the fifth-largest in existence. The acquisition was announced by CEO Paolo Ardoino. Tether's total holdings are 96,370 BTC worth approximately $8.5 billion.
3. Starknet BTCFi 2025 Growth: The posts discuss the progress and future plans of Starknet, a blockchain platform, particularly in the areas of BTCFi, privacy, and token alignment. In 2025, Starknet focused on building its base, and 2026 is expected to be the year it expands and grows. The platform aims to improve native BTC liquidity, make privacy more accessible, and evolve into a comprehensive ecosystem.
    [Tool] hold({"symbol": "BTC"})
    [Tool] hold -> Holding position. Current BTC: 0.00284387, Unrealized P&L: $+2.13
  -> HOLD | 4 tools

Saved: run_20260102_130844.json

==============================================================================================================
  RUN SUMMARY - Actions Taken
==============================================================================================================
Model                Mode     Action   Details                                            Fee        Tools 
--------------------------------------------------------------------------------------------------------------
llama3.1-8b          basic    BUY      $1,000 @ $88,657 -> 0.011279 BTC                   $1.00      3     
llama3.1-8b          membit   NONE     No trade executed                                  -          1     
llama-3.3-70b        basic    HOLD     Holding 0.022586 BTC ($2,002)                      -          2     
llama-3.3-70b        membit   HOLD     Holding 0.011293 BTC ($1,001)                      -          2     
qwen-3-32b           basic    NONE     No trade executed                                  -          1     
qwen-3-32b           membit   HOLD     Holding 0.002844 BTC ($252)                        -          4     
==============================================================================================================

============================================================
  LEADERBOARD (BTC)
============================================================
Config                         Value        P&L          Return    
----------------------------------------------------------------
1. llama3.1-8b (basic)          $ 10,076.12 $    +76.12    +0.76%
2. llama3.1-8b (membit)         $ 10,051.22 $    +51.22    +0.51%
3. qwen-3-32b (membit)          $ 10,002.94 $     +2.94    +0.03%
4. llama-3.3-70b (basic)        $ 10,000.42 $     +0.42    +0.00%
5. llama-3.3-70b (membit)       $ 10,000.21 $     +0.21    +0.00%
6. qwen-3-32b (basic)           $  9,993.19 $     -6.81    -0.07%

  WINNER: llama3.1-8b (basic) with $+76.12 (+0.76%)

Next run at: 2026-01-02T14:08:44
Sleeping for 60 minutes...

############################################################
  RUN #17
############################################################

============================================================
  Trading Simulation Run: 2026-01-02T14:20:32.678140
  Symbol: BTC | Starting Capital: $10,000
============================================================

BTC Price: $88,898.60

[llama3.1-8b] (basic) - Portfolio: $10,078.84
    [Tool] get_portfolio({"symbol": "BTC"})
    [Tool] get_portfolio -> {
  "symbol": "BTC",
  "current_price": 88898.6,
  "starting_capital": 10000.0,
  "portfolio_value": 10078.84,
  "available_cash": 9076.12,
  "total_pnl": 78.84,
  "total_pnl_percent": 0.79,
  "total_fees_paid": 20.64,
  "trades_completed": 7,
  "has_position": true,
  "position": {
    "symbol": "BTC",
    "asset_amount": 0.0112794,
    "entry_price": 88657.2,
    "current_price": 88898.6,
    "position_value": 1002.72,
    "unrealized_pnl": 2.72
  }
}
    [Tool] hold({"symbol": "BTC"})
    [Tool] hold -> Holding position. Current BTC: 0.01127940, Unrealized P&L: $+2.72
  -> HOLD | 2 tools
[llama3.1-8b] (membit) - Portfolio: $10,074.52
    [Tool] get_portfolio({"symbol": "BTC"})
    [Tool] get_portfolio -> {
  "symbol": "BTC",
  "current_price": 88898.6,
  "starting_capital": 10000.0,
  "portfolio_value": 10074.52,
  "available_cash": 1492.95,
  "total_pnl": 74.52,
  "total_pnl_percent": 0.75,
  "total_fees_paid": 8.5,
  "trades_completed": 4,
  "has_position": true,
  "position": {
    "symbol": "BTC",
    "asset_amount": 0.0965321,
    "entry_price": 88038.6,
    "current_price": 88898.6,
    "position_value": 8581.57,
    "unrealized_pnl": 83.02
  }
}
  -> no action | 1 tools
[llama-3.3-70b] (basic) - Portfolio: $10,005.87
    [Tool] get_portfolio({"symbol": "BTC"})
    [Tool] get_portfolio -> {
  "symbol": "BTC",
  "current_price": 88898.6,
  "starting_capital": 10000.0,
  "portfolio_value": 10005.87,
  "available_cash": 7998.0,
  "total_pnl": 5.87,
  "total_pnl_percent": 0.06,
  "total_fees_paid": 2.0,
  "trades_completed": 1,
  "has_position": true,
  "position": {
    "symbol": "BTC",
    "asset_amount": 0.0225861,
    "entry_price": 88550.03,
    "current_price": 88898.6,
    "position_value": 2007.87,
    "unrealized_pnl": 7.87
  }
}
    [Tool] hold({"symbol": "BTC"})
    [Tool] hold -> Holding position. Current BTC: 0.02258610, Unrealized P&L: $+7.87
  -> HOLD | 2 tools
[llama-3.3-70b] (membit) - Portfolio: $10,002.94
    [Tool] get_portfolio({"symbol": "BTC"})
    [Tool] get_portfolio -> {
  "symbol": "BTC",
  "current_price": 88898.6,
  "starting_capital": 10000.0,
  "portfolio_value": 10002.94,
  "available_cash": 8999.0,
  "total_pnl": 2.94,
  "total_pnl_percent": 0.03,
  "total_fees_paid": 1.0,
  "trades_completed": 1,
  "has_position": true,
  "position": {
    "symbol": "BTC",
    "asset_amount": 0.01129305,
    "entry_price": 88550.03,
    "current_price": 88898.6,
    "position_value": 1003.94,
    "unrealized_pnl": 3.94
  }
}
    [Tool] hold({"symbol": "BTC"})
    [Tool] hold -> Holding position. Current BTC: 0.01129305, Unrealized P&L: $+3.94
  -> HOLD | 2 tools
[qwen-3-32b] (basic) - Portfolio: $9,999.98
    [Tool] get_portfolio({"symbol": "BTC"})
    [Tool] get_portfolio -> {
  "symbol": "BTC",
  "current_price": 88898.6,
  "starting_capital": 10000.0,
  "portfolio_value": 9999.98,
  "available_cash": 7497.5,
  "total_pnl": -0.02,
  "total_pnl_percent": -0.0,
  "total_fees_paid": 2.5,
  "trades_completed": 1,
  "has_position": true,
  "position": {
    "symbol": "BTC",
    "asset_amount": 0.02814984,
    "entry_price": 88810.45,
    "current_price": 88898.6,
    "position_value": 2502.48,
    "unrealized_pnl": 2.48
  }
}
  -> no action | 1 tools
[qwen-3-32b] (membit) - Portfolio: $10,003.63
    [Tool] get_portfolio({"symbol": "BTC"})
    [Tool] get_portfolio -> {
  "symbol": "BTC",
  "current_price": 88898.6,
  "starting_capital": 10000.0,
  "portfolio_value": 10003.63,
  "available_cash": 9750.81,
  "total_pnl": 3.63,
  "total_pnl_percent": 0.04,
  "total_fees_paid": 0.75,
  "trades_completed": 2,
  "has_position": true,
  "position": {
    "symbol": "BTC",
    "asset_amount": 0.00284387,
    "entry_price": 87908.49,
    "current_price": 88898.6,
    "position_value": 252.82,
    "unrealized_pnl": 2.82
  }
}
    [Tool] hold({"symbol": "BTC"})
    [Tool] hold -> Holding position. Current BTC: 0.00284387, Unrealized P&L: $+2.82
  -> HOLD | 2 tools

Saved: run_20260102_142043.json

==============================================================================================================
  RUN SUMMARY - Actions Taken
==============================================================================================================
Model                Mode     Action   Details                                            Fee        Tools 
--------------------------------------------------------------------------------------------------------------
llama3.1-8b          basic    HOLD     Holding 0.011279 BTC ($1,003)                      -          2     
llama3.1-8b          membit   NONE     No trade executed                                  -          1     
llama-3.3-70b        basic    HOLD     Holding 0.022586 BTC ($2,008)                      -          2     
llama-3.3-70b        membit   HOLD     Holding 0.011293 BTC ($1,004)                      -          2     
qwen-3-32b           basic    NONE     No trade executed                                  -          1     
qwen-3-32b           membit   HOLD     Holding 0.002844 BTC ($253)                        -          2     
==============================================================================================================

============================================================
  LEADERBOARD (BTC)
============================================================
Config                         Value        P&L          Return    
----------------------------------------------------------------
1. llama3.1-8b (basic)          $ 10,078.84 $    +78.84    +0.79%
2. llama3.1-8b (membit)         $ 10,074.52 $    +74.52    +0.75%
3. llama-3.3-70b (basic)        $ 10,005.87 $     +5.87    +0.06%
4. qwen-3-32b (membit)          $ 10,003.63 $     +3.63    +0.04%
5. llama-3.3-70b (membit)       $ 10,002.94 $     +2.94    +0.03%
6. qwen-3-32b (basic)           $  9,999.98 $     -0.02    -0.00%

  WINNER: llama3.1-8b (basic) with $+78.84 (+0.79%)

Next run at: 2026-01-02T15:20:43
Sleeping for 60 minutes...

############################################################
  RUN #18
############################################################

============================================================
  Trading Simulation Run: 2026-01-02T15:20:43.765679
  Symbol: BTC | Starting Capital: $10,000
============================================================

BTC Price: $88,924.83

[llama3.1-8b] (basic) - Portfolio: $10,079.13
    [Tool] get_portfolio({"symbol": "BTC"})
    [Tool] get_portfolio -> {
  "symbol": "BTC",
  "current_price": 88924.83,
  "starting_capital": 10000.0,
  "portfolio_value": 10079.13,
  "available_cash": 9076.12,
  "total_pnl": 79.13,
  "total_pnl_percent": 0.79,
  "total_fees_paid": 20.64,
  "trades_completed": 7,
  "has_position": true,
  "position": {
    "symbol": "BTC",
    "asset_amount": 0.0112794,
    "entry_price": 88657.2,
    "current_price": 88924.83,
    "position_value": 1003.02,
    "unrealized_pnl": 3.02
  }
}
    [Tool] get_portfolio({"symbol": "BTC"})
    [Tool] get_portfolio -> {
  "symbol": "BTC",
  "current_price": 88924.83,
  "starting_capital": 10000.0,
  "portfolio_value": 10079.13,
  "available_cash": 9076.12,
  "total_pnl": 79.13,
  "total_pnl_percent": 0.79,
  "total_fees_paid": 20.64,
  "trades_completed": 7,
  "has_position": true,
  "position": {
    "symbol": "BTC",
    "asset_amount": 0.0112794,
    "entry_price": 88657.2,
    "current_price": 88924.83,
    "position_value": 1003.02,
    "unrealized_pnl": 3.02
  }
}
    [Tool] hold({"symbol": "BTC"})
    [Tool] hold -> Holding position. Current BTC: 0.01127940, Unrealized P&L: $+3.02
  -> HOLD | 3 tools
[llama3.1-8b] (membit) - Portfolio: $10,077.05
    [Tool] get_portfolio({"symbol": "BTC"})
    [Tool] get_portfolio -> {
  "symbol": "BTC",
  "current_price": 88924.83,
  "starting_capital": 10000.0,
  "portfolio_value": 10077.05,
  "available_cash": 1492.95,
  "total_pnl": 77.05,
  "total_pnl_percent": 0.77,
  "total_fees_paid": 8.5,
  "trades_completed": 4,
  "has_position": true,
  "position": {
    "symbol": "BTC",
    "asset_amount": 0.0965321,
    "entry_price": 88038.6,
    "current_price": 88924.83,
    "position_value": 8584.1,
    "unrealized_pnl": 85.55
  }
}
  -> no action | 1 tools
[llama-3.3-70b] (basic) - Portfolio: $10,006.47
    [Tool] get_portfolio({"symbol": "BTC"})
    [Tool] get_portfolio -> {
  "symbol": "BTC",
  "current_price": 88924.83,
  "starting_capital": 10000.0,
  "portfolio_value": 10006.47,
  "available_cash": 7998.0,
  "total_pnl": 6.47,
  "total_pnl_percent": 0.06,
  "total_fees_paid": 2.0,
  "trades_completed": 1,
  "has_position": true,
  "position": {
    "symbol": "BTC",
    "asset_amount": 0.0225861,
    "entry_price": 88550.03,
    "current_price": 88924.83,
    "position_value": 2008.47,
    "unrealized_pnl": 8.47
  }
}
    [Tool] hold({"symbol": "BTC"})
    [Tool] hold -> Holding position. Current BTC: 0.02258610, Unrealized P&L: $+8.47
  -> HOLD | 2 tools
[llama-3.3-70b] (membit) - Portfolio: $10,003.23
    [Tool] get_portfolio({"symbol": "BTC"})
    [Tool] get_portfolio -> {
  "symbol": "BTC",
  "current_price": 88924.83,
  "starting_capital": 10000.0,
  "portfolio_value": 10003.23,
  "available_cash": 8999.0,
  "total_pnl": 3.23,
  "total_pnl_percent": 0.03,
  "total_fees_paid": 1.0,
  "trades_completed": 1,
  "has_position": true,
  "position": {
    "symbol": "BTC",
    "asset_amount": 0.01129305,
    "entry_price": 88550.03,
    "current_price": 88924.83,
    "position_value": 1004.23,
    "unrealized_pnl": 4.23
  }
}
    [Tool] hold({"symbol": "BTC"})
    [Tool] hold -> Holding position. Current BTC: 0.01129305, Unrealized P&L: $+4.23
  -> HOLD | 2 tools
[qwen-3-32b] (basic) - Portfolio: $10,000.72
    [Tool] get_portfolio({"symbol": "BTC"})
    [Tool] get_portfolio -> {
  "symbol": "BTC",
  "current_price": 88924.83,
  "starting_capital": 10000.0,
  "portfolio_value": 10000.72,
  "available_cash": 7497.5,
  "total_pnl": 0.72,
  "total_pnl_percent": 0.01,
  "total_fees_paid": 2.5,
  "trades_completed": 1,
  "has_position": true,
  "position": {
    "symbol": "BTC",
    "asset_amount": 0.02814984,
    "entry_price": 88810.45,
    "current_price": 88924.83,
    "position_value": 2503.22,
    "unrealized_pnl": 3.22
  }
}
    [Tool] hold({"symbol": "BTC"})
    [Tool] hold -> Holding position. Current BTC: 0.02814984, Unrealized P&L: $+3.22
  -> HOLD | 2 tools
[qwen-3-32b] (membit) - Portfolio: $10,003.70
    [Tool] get_portfolio({"symbol": "BTC"})
    [Tool] get_portfolio -> {
  "symbol": "BTC",
  "current_price": 88924.83,
  "starting_capital": 10000.0,
  "portfolio_value": 10003.7,
  "available_cash": 9750.81,
  "total_pnl": 3.7,
  "total_pnl_percent": 0.04,
  "total_fees_paid": 0.75,
  "trades_completed": 2,
  "has_position": true,
  "position": {
    "symbol": "BTC",
    "asset_amount": 0.00284387,
    "entry_price": 87908.49,
    "current_price": 88924.83,
    "position_value": 252.89,
    "unrealized_pnl": 2.89
  }
}
  -> no action | 1 tools

Saved: run_20260102_152053.json

==============================================================================================================
  RUN SUMMARY - Actions Taken
==============================================================================================================
Model                Mode     Action   Details                                            Fee        Tools 
--------------------------------------------------------------------------------------------------------------
llama3.1-8b          basic    HOLD     Holding 0.011279 BTC ($1,003)                      -          3     
llama3.1-8b          membit   NONE     No trade executed                                  -          1     
llama-3.3-70b        basic    HOLD     Holding 0.022586 BTC ($2,008)                      -          2     
llama-3.3-70b        membit   HOLD     Holding 0.011293 BTC ($1,004)                      -          2     
qwen-3-32b           basic    HOLD     Holding 0.028150 BTC ($2,503)                      -          2     
qwen-3-32b           membit   NONE     No trade executed                                  -          1     
==============================================================================================================

============================================================
  LEADERBOARD (BTC)
============================================================
Config                         Value        P&L          Return    
----------------------------------------------------------------
1. llama3.1-8b (basic)          $ 10,079.13 $    +79.13    +0.79%
2. llama3.1-8b (membit)         $ 10,077.05 $    +77.05    +0.77%
3. llama-3.3-70b (basic)        $ 10,006.47 $     +6.47    +0.06%
4. qwen-3-32b (membit)          $ 10,003.70 $     +3.70    +0.04%
5. llama-3.3-70b (membit)       $ 10,003.23 $     +3.23    +0.03%
6. qwen-3-32b (basic)           $ 10,000.72 $     +0.72    +0.01%

  WINNER: llama3.1-8b (basic) with $+79.13 (+0.79%)

Next run at: 2026-01-02T16:20:53
Sleeping for 60 minutes...

############################################################
  RUN #19
############################################################

============================================================
  Trading Simulation Run: 2026-01-02T16:20:54.066244
  Symbol: BTC | Starting Capital: $10,000
============================================================

BTC Price: $89,066.73

[llama3.1-8b] (basic) - Portfolio: $10,080.73
    [Tool] get_portfolio({"symbol": "BTC"})
    [Tool] get_portfolio -> {
  "symbol": "BTC",
  "current_price": 89066.73,
  "starting_capital": 10000.0,
  "portfolio_value": 10080.73,
  "available_cash": 9076.12,
  "total_pnl": 80.73,
  "total_pnl_percent": 0.81,
  "total_fees_paid": 20.64,
  "trades_completed": 7,
  "has_position": true,
  "position": {
    "symbol": "BTC",
    "asset_amount": 0.0112794,
    "entry_price": 88657.2,
    "current_price": 89066.73,
    "position_value": 1004.62,
    "unrealized_pnl": 4.62
  }
}
  -> no action | 1 tools
[llama3.1-8b] (membit) - Portfolio: $10,090.75
    [Tool] get_portfolio({"symbol": "BTC"})
    [Tool] get_portfolio -> {
  "symbol": "BTC",
  "current_price": 89066.73,
  "starting_capital": 10000.0,
  "portfolio_value": 10090.75,
  "available_cash": 1492.95,
  "total_pnl": 90.75,
  "total_pnl_percent": 0.91,
  "total_fees_paid": 8.5,
  "trades_completed": 4,
  "has_position": true,
  "position": {
    "symbol": "BTC",
    "asset_amount": 0.0965321,
    "entry_price": 88038.6,
    "current_price": 89066.73,
    "position_value": 8597.8,
    "unrealized_pnl": 99.25
  }
}
  -> no action | 1 tools
[llama-3.3-70b] (basic) - Portfolio: $10,009.67
    [Tool] get_portfolio({"symbol": "BTC"})
    [Tool] get_portfolio -> {
  "symbol": "BTC",
  "current_price": 89066.73,
  "starting_capital": 10000.0,
  "portfolio_value": 10009.67,
  "available_cash": 7998.0,
  "total_pnl": 9.67,
  "total_pnl_percent": 0.1,
  "total_fees_paid": 2.0,
  "trades_completed": 1,
  "has_position": true,
  "position": {
    "symbol": "BTC",
    "asset_amount": 0.0225861,
    "entry_price": 88550.03,
    "current_price": 89066.73,
    "position_value": 2011.67,
    "unrealized_pnl": 11.67
  }
}
    [Tool] hold({"symbol": "BTC"})
    [Tool] hold -> Holding position. Current BTC: 0.02258610, Unrealized P&L: $+11.67
  -> HOLD | 2 tools
[llama-3.3-70b] (membit) - Portfolio: $10,004.84
    [Tool] get_portfolio({"symbol": "BTC"})
    [Tool] get_portfolio -> {
  "symbol": "BTC",
  "current_price": 89066.73,
  "starting_capital": 10000.0,
  "portfolio_value": 10004.84,
  "available_cash": 8999.0,
  "total_pnl": 4.84,
  "total_pnl_percent": 0.05,
  "total_fees_paid": 1.0,
  "trades_completed": 1,
  "has_position": true,
  "position": {
    "symbol": "BTC",
    "asset_amount": 0.01129305,
    "entry_price": 88550.03,
    "current_price": 89066.73,
    "position_value": 1005.84,
    "unrealized_pnl": 5.84
  }
}
    [Tool] hold({"symbol": "BTC"})
    [Tool] hold -> Holding position. Current BTC: 0.01129305, Unrealized P&L: $+5.84
  -> HOLD | 2 tools
[qwen-3-32b] (basic) - Portfolio: $10,004.71
    [Tool] get_portfolio({"symbol": "BTC"})
    [Tool] get_portfolio -> {
  "symbol": "BTC",
  "current_price": 89066.73,
  "starting_capital": 10000.0,
  "portfolio_value": 10004.71,
  "available_cash": 7497.5,
  "total_pnl": 4.71,
  "total_pnl_percent": 0.05,
  "total_fees_paid": 2.5,
  "trades_completed": 1,
  "has_position": true,
  "position": {
    "symbol": "BTC",
    "asset_amount": 0.02814984,
    "entry_price": 88810.45,
    "current_price": 89066.73,
    "position_value": 2507.21,
    "unrealized_pnl": 7.21
  }
}
    [Tool] hold({"symbol": "BTC"})
    [Tool] hold -> Holding position. Current BTC: 0.02814984, Unrealized P&L: $+7.21
  -> HOLD | 2 tools
[qwen-3-32b] (membit) - Portfolio: $10,004.11
    [Tool] get_portfolio({"symbol": "BTC"})
    [Tool] get_portfolio -> {
  "symbol": "BTC",
  "current_price": 89066.73,
  "starting_capital": 10000.0,
  "portfolio_value": 10004.11,
  "available_cash": 9750.81,
  "total_pnl": 4.11,
  "total_pnl_percent": 0.04,
  "total_fees_paid": 0.75,
  "trades_completed": 2,
  "has_position": true,
  "position": {
    "symbol": "BTC",
    "asset_amount": 0.00284387,
    "entry_price": 87908.49,
    "current_price": 89066.73,
    "position_value": 253.29,
    "unrealized_pnl": 3.29
  }
}
    [Tool] search_posts({"query": "BTC", "limit": 5})
    [Membit] post_search('BTC') raw response: {'posts': [{'id': 912421627, 'uuid': 'bc2052e3-5aaf-0f63-157b-ac31d41e36d1', 'author': {'handle': '@GeckoTerminal', 'name': 'GeckoTerminal', 'profile_image': 'https://img.membit.ai/v2/d7e4ce7b-c5b5-439a-99a8-2cbc2d3dea72.jpeg'}, 'content': 'GM', 'url': 'https://x.com/GeckoTerminal/status/2006768527173366197', 'timestamp': '2026-01-01T16:44:35Z', 'engagement': {'likes': 141, 'replies': 107, 'retweets': 9}, 'mentioned': None, 'search_score': 0.9330287326950143}, {'id': 904536286, 'uuid': 'bae96cc3-b18c-db94-414e-6888f18f5126', 'author': {'handle': '@Paradoxcalls', 'name': 'Paradox', 'profile_image': 'https://img.membit.ai/v2/f3f2bc44-50d0-1a23-fca4-99999bc7d840.jpeg'}, 'content': 'GM', 'url': 'https://x.com/Paradoxcalls/status/2006280662823694760', 'timestamp': '2025-12-31T08:25:59Z', 'engagement': {'likes': 201, 'replies': 201, 'retweets': 16}, 'mentioned': None, 'search_score': 0.9330287326950143}, {'id': 902688900, 'uuid': 'd6466dc6-20ad-afef-5f7c-5cb9fdda0298', 'author': {'handle': '@arianafeeds', 'name': 'ariana feeds', 'profile_image': 'https://img.membit.ai/v2/96d1a4f5-ff9d-5fbe-cfd3-f69d246e97eb.jpeg'}, 'content': '♡', 'url': 'https://x.com/arianafeeds/status/2006164655287173445', 'timestamp': '2025-12-31T00:45:01Z', 'engagement': {'likes': 3746, 'replies': 2, 'retweets': 446}, 'mentioned': None, 'search_score': 0.9117192602302875}, {'id': 914879419, 'uuid': '1e566227-8b2d-35c8-b691-3e4d3bc3f6d3', 'author': {'handle': '@celtics', 'name': 'Boston Celtics', 'profile_image': 'https://img.membit.ai/v2/47e52c44-69e9-8408-7f23-047866b0d3a4.jpeg'}, 'content': 'Splash', 'url': 'https://x.com/celtics/status/2006931304097472995', 'timestamp': '2026-01-02T03:31:24Z', 'engagement': {'likes': 269, 'replies': 11, 'retweets': 35}, 'mentioned': None, 'search_score': 0.9037595256073605}, {'id': 913837869, 'uuid': 'df77a4cb-d050-f5e4-8376-ea84a29301cf', 'author': {'handle': '@elonmusk', 'name': 'Elon Musk', 'profile_image': 'https://img.membit.ai/v2/9d1aa8ee-8a8f-b3e7-fad9-1fc69956f2b9.jpeg'}, 'content': 'Yes', 'url': 'https://x.com/elonmusk/status/2006865284616040726', 'timestamp': '2026-01-01T23:09:04Z', 'engagement': {'likes': 4971, 'replies': 377, 'retweets': 220}, 'mentioned': None, 'search_score': 0.8930440678280899}]}
    [Membit] Found 5 posts
    [Tool] search_posts -> Recent posts:

1. GM [2026-01-01T16:44:35Z]
2. GM [2025-12-31T08:25:59Z]
3. ♡ [2025-12-31T00:45:01Z]
4. Splash [2026-01-02T03:31:24Z]
5. Yes [2026-01-01T23:09:04Z]
  -> no action | 2 tools

Saved: run_20260102_162107.json

==============================================================================================================
  RUN SUMMARY - Actions Taken
==============================================================================================================
Model                Mode     Action   Details                                            Fee        Tools 
--------------------------------------------------------------------------------------------------------------
llama3.1-8b          basic    NONE     No trade executed                                  -          1     
llama3.1-8b          membit   NONE     No trade executed                                  -          1     
llama-3.3-70b        basic    HOLD     Holding 0.022586 BTC ($2,012)                      -          2     
llama-3.3-70b        membit   HOLD     Holding 0.011293 BTC ($1,006)                      -          2     
qwen-3-32b           basic    HOLD     Holding 0.028150 BTC ($2,507)                      -          2     
qwen-3-32b           membit   NONE     No trade executed                                  -          2     
==============================================================================================================

============================================================
  LEADERBOARD (BTC)
============================================================
Config                         Value        P&L          Return    
----------------------------------------------------------------
1. llama3.1-8b (membit)         $ 10,090.75 $    +90.75    +0.91%
2. llama3.1-8b (basic)          $ 10,080.73 $    +80.73    +0.81%
3. llama-3.3-70b (basic)        $ 10,009.67 $     +9.67    +0.10%
4. llama-3.3-70b (membit)       $ 10,004.84 $     +4.84    +0.05%
5. qwen-3-32b (basic)           $ 10,004.71 $     +4.71    +0.05%
6. qwen-3-32b (membit)          $ 10,004.11 $     +4.11    +0.04%

  WINNER: llama3.1-8b (membit) with $+90.75 (+0.91%)

Next run at: 2026-01-02T17:21:07
Sleeping for 60 minutes...

############################################################
  RUN #20
############################################################

============================================================
  Trading Simulation Run: 2026-01-02T17:21:07.835103
  Symbol: BTC | Starting Capital: $10,000
============================================================

BTC Price: $89,772.89

[llama3.1-8b] (basic) - Portfolio: $10,088.70
    [Tool] get_portfolio({"symbol": "BTC"})
    [Tool] get_portfolio -> {
  "symbol": "BTC",
  "current_price": 89772.89,
  "starting_capital": 10000.0,
  "portfolio_value": 10088.7,
  "available_cash": 9076.12,
  "total_pnl": 88.7,
  "total_pnl_percent": 0.89,
  "total_fees_paid": 20.64,
  "trades_completed": 7,
  "has_position": true,
  "position": {
    "symbol": "BTC",
    "asset_amount": 0.0112794,
    "entry_price": 88657.2,
    "current_price": 89772.89,
    "position_value": 1012.58,
    "unrealized_pnl": 12.58
  }
}
    [Tool] sell({"asset_amount": 0.0051397, "symbol": "BTC"})
    [Tool] sell -> Sold 0.00513970 BTC for $460.94 at $89,772.89 (fee: $0.46). P&L: $+5.73 (+1.26%)
    [Tool] sell({"asset_amount": 0.0051397, "symbol": "BTC"})
    [Tool] sell -> Sold 0.00513970 BTC for $460.94 at $89,772.89 (fee: $0.46). P&L: $+5.73 (+1.26%)
  -> SELL | 3 tools
[llama3.1-8b] (membit) - Portfolio: $10,158.92
    [Tool] get_portfolio({"symbol": "BTC"})
    [Tool] get_portfolio -> {
  "symbol": "BTC",
  "current_price": 89772.89,
  "starting_capital": 10000.0,
  "portfolio_value": 10158.92,
  "available_cash": 1492.95,
  "total_pnl": 158.92,
  "total_pnl_percent": 1.59,
  "total_fees_paid": 8.5,
  "trades_completed": 4,
  "has_position": true,
  "position": {
    "symbol": "BTC",
    "asset_amount": 0.0965321,
    "entry_price": 88038.6,
    "current_price": 89772.89,
    "position_value": 8665.97,
    "unrealized_pnl": 167.41
  }
}
  -> no action | 1 tools
[llama-3.3-70b] (basic) - Portfolio: $10,025.62
    [Tool] get_portfolio({"symbol": "BTC"})
    [Tool] get_portfolio -> {
  "symbol": "BTC",
  "current_price": 89772.89,
  "starting_capital": 10000.0,
  "portfolio_value": 10025.62,
  "available_cash": 7998.0,
  "total_pnl": 25.62,
  "total_pnl_percent": 0.26,
  "total_fees_paid": 2.0,
  "trades_completed": 1,
  "has_position": true,
  "position": {
    "symbol": "BTC",
    "asset_amount": 0.0225861,
    "entry_price": 88550.03,
    "current_price": 89772.89,
    "position_value": 2027.62,
    "unrealized_pnl": 27.62
  }
}
    [Tool] hold({"symbol": "BTC"})
    [Tool] hold -> Holding position. Current BTC: 0.02258610, Unrealized P&L: $+27.62
  -> HOLD | 2 tools
[llama-3.3-70b] (membit) - Portfolio: $10,012.81
    [Tool] get_portfolio({"symbol": "BTC"})
    [Tool] get_portfolio -> {
  "symbol": "BTC",
  "current_price": 89772.89,
  "starting_capital": 10000.0,
  "portfolio_value": 10012.81,
  "available_cash": 8999.0,
  "total_pnl": 12.81,
  "total_pnl_percent": 0.13,
  "total_fees_paid": 1.0,
  "trades_completed": 1,
  "has_position": true,
  "position": {
    "symbol": "BTC",
    "asset_amount": 0.01129305,
    "entry_price": 88550.03,
    "current_price": 89772.89,
    "position_value": 1013.81,
    "unrealized_pnl": 13.81
  }
}
    [Tool] search_posts({"query": "BTC market analysis", "limit": 10})
    [Membit] post_search('BTC market analysis') raw response: {'posts': [{'id': 900854654, 'uuid': '3f30a51d-4a24-4956-1ecb-d40dc4bb1e67', 'author': {'handle': '@Mr_Derivatives', 'name': 'Heisenberg', 'profile_image': 'https://img.membit.ai/v2/9d30381e-2716-b317-ed6e-97ac7f90f431.jpeg'}, 'content': '$BTC\n\nThe more chop and consolidation here the harder the eventual breakout (or god forbid breakdown).\n\nCoiling to a point the coil needs to uncoil and go coily.\n\nGet ready..', 'url': 'https://x.com/Mr_Derivatives/status/2006025633004945519', 'timestamp': '2025-12-30T15:32:35Z', 'engagement': {'likes': 294, 'replies': 38, 'retweets': 6}, 'mentioned': None, 'search_score': 0.534355423197998}, {'id': 900880708, 'uuid': 'a794825d-3646-b1b9-065d-46d93b7122e3', 'author': {'handle': '@DonWedge', 'name': 'Don ', 'profile_image': 'https://img.membit.ai/v2/4a8dc8db-9840-4610-7710-b1a69a9754b7.jpeg'}, 'content': '$BTC $89000', 'url': 'https://x.com/DonWedge/status/2006031677089255609', 'timestamp': '2025-12-30T15:56:36Z', 'engagement': {'likes': 188, 'replies': 36, 'retweets': 1}, 'mentioned': None, 'search_score': 0.5132205193452657}, {'id': 904955252, 'uuid': '83b47586-f141-c447-0ad9-8544c906cc9b', 'author': {'handle': '@czbinanceprd', 'name': 'CZ  BNB - Parody', 'profile_image': 'https://img.membit.ai/v2/90835927-4001-bb60-ef96-1b5b62772980.jpeg'}, 'content': '$BTC will hit NEW ATH in 2026.\n\nBookmark this.', 'url': 'https://x.com/czbinanceprd/status/2006306170890559826', 'timestamp': '2025-12-31T10:07:21Z', 'engagement': {'likes': 1196, 'replies': 101, 'retweets': 121}, 'mentioned': None, 'search_score': 0.49770848670456247}, {'id': 913753693, 'uuid': 'c39ebe6d-9622-899a-a35b-454860341aff', 'author': {'handle': '@Bitcoin', 'name': 'Bitcoin', 'profile_image': 'https://img.membit.ai/v2/8d2e38bb-de91-88b3-0b54-de92dcb95adf.jpeg'}, 'content': '$88,206.52\n\n#Bitcoin  #BTC  $BTC $USD', 'url': 'https://x.com/Bitcoin/status/2006858361480912975', 'timestamp': '2026-01-01T22:41:33Z', 'engagement': {'likes': 406, 'replies': 107, 'retweets': 69}, 'mentioned': None, 'search_score': 0.4973232061970664}, {'id': 904968048, 'uuid': '8633cd55-e908-d9d0-7bda-8bf05fb34af1', 'author': {'handle': '@Bitcoin', 'name': 'Bitcoin', 'profile_image': 'https://img.membit.ai/v2/8d2e38bb-de91-88b3-0b54-de92dcb95adf.jpeg'}, 'content': '$88,539.77\n\n#Bitcoin  #BTC  $BTC $USD', 'url': 'https://x.com/Bitcoin/status/2006309903728615536', 'timestamp': '2025-12-31T10:22:11Z', 'engagement': {'likes': 471, 'replies': 122, 'retweets': 94}, 'mentioned': None, 'search_score': 0.4955971104915873}, {'id': 909025999, 'uuid': '87117076-0094-5e1f-34bf-1dc6817f9abc', 'author': {'handle': '@Bitcoin', 'name': 'Bitcoin', 'profile_image': 'https://img.membit.ai/v2/8d2e38bb-de91-88b3-0b54-de92dcb95adf.jpeg'}, 'content': '$87,480.11\n\n#Bitcoin  #BTC  $BTC $USD', 'url': 'https://x.com/Bitcoin/status/2006581079432442092', 'timestamp': '2026-01-01T04:19:44Z', 'engagement': {'likes': 409, 'replies': 105, 'retweets': 82}, 'mentioned': None, 'search_score': 0.49541524683790583}, {'id': 903037266, 'uuid': '384554f5-5a54-0422-40ed-4d7083533546', 'author': {'handle': '@KillaXBT', 'name': 'Killa', 'profile_image': 'https://img.membit.ai/v2/0b7da4c9-9695-bdd2-780e-8d743950ec2f.jpeg'}, 'content': 'Its been a while since we have seen price action this slow on $BTC. \n\nWe should get some very big volatility soon.', 'url': 'https://x.com/KillaXBT/status/2006187070180454866', 'timestamp': '2025-12-31T02:14:05Z', 'engagement': {'likes': 264, 'replies': 19, 'retweets': 11}, 'mentioned': None, 'search_score': 0.4918427793447391}, {'id': 903963656, 'uuid': '16f80ae8-cc22-19fb-47bf-50abba457b69', 'author': {'handle': '@Bitcoin_Teddy', 'name': 'Bitcoin Teddy', 'profile_image': ''}, 'content': 'History of #Bitcoin’s Market Price https://t.co/fAuOof4PbF', 'url': 'https://x.com/Bitcoin_Teddy/status/2006245937094570213', 'timestamp': '2025-12-31T06:08:00Z', 'engagement': {'likes': 381, 'replies': 21, 'retweets': 64}, 'mentioned': None, 'search_score': 0.4828746704414909}, {'id': 906763251, 'uuid': 'ae07a370-adeb-95ef-e1f3-bd5daa39943f', 'author': {'handle': '@TrendingBitcoin', 'name': 'Trending Bitcoin', 'profile_image': ''}, 'content': 'Gold vs #Bitcoin https://t.co/jPhFdEaRpX', 'url': 'https://x.com/TrendingBitcoin/status/2006410773476814965', 'timestamp': '2025-12-31T17:03:00Z', 'engagement': {'likes': 315, 'replies': 5, 'retweets': 67}, 'mentioned': None, 'search_score': 0.47775505816055086}, {'id': 910067780, 'uuid': '3774ab82-4126-6153-f66d-800bfb6e717c', 'author': {'handle': '@coinvestasi', 'name': 'Coinvestasi', 'profile_image': ''}, 'content': 'Pertama Kalinya Dalam 14 Tahun, Pola Harga Bitcoin Berubah! https://t.co/5ZUDHpKmoi', 'url': 'https://x.com/coinvestasi/status/2006640851699847465', 'timestamp': '2026-01-01T08:17:15Z', 'engagement': {'likes': 304, 'replies': 26, 'retweets': 26}, 'mentioned': None, 'search_score': 0.468486365731705}]}
    [Membit] Found 10 posts
    [Tool] search_posts -> Recent posts:

1. $BTC

The more chop and consolidation here the harder the eventual breakout (or god forbid breakdown).

Coiling to a point the coil needs to uncoil and go coily.

Get ready.. [2025-12-30T15:32:35Z]
2. $BTC $89000 [2025-12-30T15:56:36Z]
3. $BTC will hit NEW ATH in 2026.

Bookmark this. [2025-12-31T10:07:21Z]
4. $88,206.52

#Bitcoin  #BTC  $BTC $USD [2026-01-01T22:41:33Z]
5. $88,539.77

#Bitcoin  #BTC  $BTC $USD [2025-12-31T10:22:11Z]
6. $87,480.11

#Bitcoin  #BTC  $BTC $USD [2026-01-01T04:19:44Z]
7. Its been a while since we have seen price action this slow on $BTC. 

We should get some very big volatility soon. [2025-12-31T02:14:05Z]
8. History of #Bitcoin’s Market Price https://t.co/fAuOof4PbF [2025-12-31T06:08:00Z]
9. Gold vs #Bitcoin https://t.co/jPhFdEaRpX [2025-12-31T17:03:00Z]
10. Pertama Kalinya Dalam 14 Tahun, Pola Harga Bitcoin Berubah! https://t.co/5ZUDHpKmoi [2026-01-01T08:17:15Z]
    [Tool] hold({"symbol": "BTC"})
    [Tool] hold -> Holding position. Current BTC: 0.01129305, Unrealized P&L: $+13.81
  -> HOLD | 3 tools
[qwen-3-32b] (basic) - Portfolio: $10,024.59
    [Tool] get_portfolio({"symbol": "BTC"})
    [Tool] get_portfolio -> {
  "symbol": "BTC",
  "current_price": 89772.89,
  "starting_capital": 10000.0,
  "portfolio_value": 10024.59,
  "available_cash": 7497.5,
  "total_pnl": 24.59,
  "total_pnl_percent": 0.25,
  "total_fees_paid": 2.5,
  "trades_completed": 1,
  "has_position": true,
  "position": {
    "symbol": "BTC",
    "asset_amount": 0.02814984,
    "entry_price": 88810.45,
    "current_price": 89772.89,
    "position_value": 2527.09,
    "unrealized_pnl": 27.09
  }
}
  -> no action | 1 tools
[qwen-3-32b] (membit) - Portfolio: $10,006.11
    [Tool] get_portfolio({"symbol": "BTC"})
    [Tool] get_portfolio -> {
  "symbol": "BTC",
  "current_price": 89772.89,
  "starting_capital": 10000.0,
  "portfolio_value": 10006.11,
  "available_cash": 9750.81,
  "total_pnl": 6.11,
  "total_pnl_percent": 0.06,
  "total_fees_paid": 0.75,
  "trades_completed": 2,
  "has_position": true,
  "position": {
    "symbol": "BTC",
    "asset_amount": 0.00284387,
    "entry_price": 87908.49,
    "current_price": 89772.89,
    "position_value": 255.3,
    "unrealized_pnl": 5.3
  }
}
  -> no action | 1 tools

Saved: run_20260102_172120.json

==============================================================================================================
  RUN SUMMARY - Actions Taken
==============================================================================================================
Model                Mode     Action   Details                                            Fee        Tools 
--------------------------------------------------------------------------------------------------------------
llama3.1-8b          basic    SELL     Sold 0.005140 BTC -> $461, remaining: 0.001000     $0.46      3     
llama3.1-8b          membit   NONE     No trade executed                                  -          1     
llama-3.3-70b        basic    HOLD     Holding 0.022586 BTC ($2,028)                      -          2     
llama-3.3-70b        membit   HOLD     Holding 0.011293 BTC ($1,014)                      -          3     
qwen-3-32b           basic    NONE     No trade executed                                  -          1     
qwen-3-32b           membit   NONE     No trade executed                                  -          1     
==============================================================================================================

============================================================
  LEADERBOARD (BTC)
============================================================
Config                         Value        P&L          Return    
----------------------------------------------------------------
1. llama3.1-8b (membit)         $ 10,158.92 $   +158.92    +1.59%
2. llama3.1-8b (basic)          $ 10,087.78 $    +87.78    +0.88%
3. llama-3.3-70b (basic)        $ 10,025.62 $    +25.62    +0.26%
4. qwen-3-32b (basic)           $ 10,024.59 $    +24.59    +0.25%
5. llama-3.3-70b (membit)       $ 10,012.81 $    +12.81    +0.13%
6. qwen-3-32b (membit)          $ 10,006.11 $     +6.11    +0.06%

  WINNER: llama3.1-8b (membit) with $+158.92 (+1.59%)

Next run at: 2026-01-02T18:21:20
Sleeping for 60 minutes...

############################################################
  RUN #21
############################################################

============================================================
  Trading Simulation Run: 2026-01-02T22:08:53.610287
  Symbol: BTC | Starting Capital: $10,000
============================================================

BTC Price: $89,252.16

[llama3.1-8b] (basic) - Portfolio: $10,087.26
    [Tool] get_portfolio({"symbol": "BTC"})
    [Tool] get_portfolio -> {
  "symbol": "BTC",
  "current_price": 89252.16,
  "starting_capital": 10000.0,
  "portfolio_value": 10087.26,
  "available_cash": 9998.0,
  "total_pnl": 87.26,
  "total_pnl_percent": 0.87,
  "total_fees_paid": 21.57,
  "trades_completed": 9,
  "has_position": true,
  "position": {
    "symbol": "BTC",
    "asset_amount": 0.001,
    "entry_price": 88657.2,
    "current_price": 89252.16,
    "position_value": 89.25,
    "unrealized_pnl": 0.59
  }
}
  -> no action | 1 tools
[llama3.1-8b] (membit) - Portfolio: $10,108.65
    [Tool] get_portfolio({"symbol": "BTC"})
    [Tool] get_portfolio -> {
  "symbol": "BTC",
  "current_price": 89252.16,
  "starting_capital": 10000.0,
  "portfolio_value": 10108.65,
  "available_cash": 1492.95,
  "total_pnl": 108.65,
  "total_pnl_percent": 1.09,
  "total_fees_paid": 8.5,
  "trades_completed": 4,
  "has_position": true,
  "position": {
    "symbol": "BTC",
    "asset_amount": 0.0965321,
    "entry_price": 88038.6,
    "current_price": 89252.16,
    "position_value": 8615.7,
    "unrealized_pnl": 117.15
  }
}
    [Tool] search_posts({"query": "Bitcoin analysis", "limit": 10})
    [Membit] post_search('Bitcoin analysis') raw response: {'posts': [{'id': 903963656, 'uuid': '16f80ae8-cc22-19fb-47bf-50abba457b69', 'author': {'handle': '@Bitcoin_Teddy', 'name': 'Bitcoin Teddy', 'profile_image': ''}, 'content': 'History of #Bitcoin’s Market Price https://t.co/fAuOof4PbF', 'url': 'https://x.com/Bitcoin_Teddy/status/2006245937094570213', 'timestamp': '2025-12-31T06:08:00Z', 'engagement': {'likes': 381, 'replies': 21, 'retweets': 64}, 'mentioned': None, 'search_score': 0.566514217157066}, {'id': 906763251, 'uuid': 'ae07a370-adeb-95ef-e1f3-bd5daa39943f', 'author': {'handle': '@TrendingBitcoin', 'name': 'Trending Bitcoin', 'profile_image': ''}, 'content': 'Gold vs #Bitcoin https://t.co/jPhFdEaRpX', 'url': 'https://x.com/TrendingBitcoin/status/2006410773476814965', 'timestamp': '2025-12-31T17:03:00Z', 'engagement': {'likes': 393, 'replies': 5, 'retweets': 83}, 'mentioned': None, 'search_score': 0.5581486429588565}, {'id': 902578748, 'uuid': '8e431403-faf3-b82e-bbe0-0fdaa7c73a7d', 'author': {'handle': '@lynk0x', 'name': 'lynk', 'profile_image': 'https://img.membit.ai/v2/edea1b17-9ae6-e4be-e553-f2db1e9d5604.jpeg'}, 'content': 'Bitcoin: +5%\n\nAlts: -40%\n\nExplain this.', 'url': 'https://x.com/lynk0x/status/2006155969798275523', 'timestamp': '2025-12-31T00:10:30Z', 'engagement': {'likes': 351, 'replies': 148, 'retweets': 20}, 'mentioned': None, 'search_score': 0.5359141840219499}, {'id': 910067780, 'uuid': '3774ab82-4126-6153-f66d-800bfb6e717c', 'author': {'handle': '@coinvestasi', 'name': 'Coinvestasi', 'profile_image': ''}, 'content': 'Pertama Kalinya Dalam 14 Tahun, Pola Harga Bitcoin Berubah! https://t.co/5ZUDHpKmoi', 'url': 'https://x.com/coinvestasi/status/2006640851699847465', 'timestamp': '2026-01-01T08:17:15Z', 'engagement': {'likes': 325, 'replies': 28, 'retweets': 28}, 'mentioned': None, 'search_score': 0.5334756085253651}, {'id': 914650053, 'uuid': 'd3224994-9117-ead7-3f54-8ca8a3367f19', 'author': {'handle': '@naiivememe', 'name': 'naiive', 'profile_image': 'https://pbs.twimg.com/profile_images/1712169020424933376/Y_KdDb2A_normal.jpg'}, 'content': 'Bitcoin meth https://t.co/IdRpvB7tTR', 'url': 'https://x.com/naiivememe/status/2006917086942212398', 'timestamp': '2026-01-02T02:34:54Z', 'engagement': {'likes': 73, 'replies': 17, 'retweets': 6}, 'mentioned': None, 'search_score': 0.5263232784223978}, {'id': 915064457, 'uuid': '8e79c41e-adbd-2d5f-b232-286cb3dd5153', 'author': {'handle': '@martypartymusic', 'name': 'MartyParty', 'profile_image': 'https://img.membit.ai/v2/351ac471-4424-f296-f66c-1b75cfb2035c.jpeg'}, 'content': 'Bitcoin $89000', 'url': 'https://x.com/martypartymusic/status/2006933833393029156', 'timestamp': '2026-01-02T03:41:27Z', 'engagement': {'likes': 158, 'replies': 21, 'retweets': 8}, 'mentioned': None, 'search_score': 0.5235690365145127}, {'id': 915088507, 'uuid': 'a665945f-34c9-c431-2372-2e565f161bc4', 'author': {'handle': '@XForceGlobal', 'name': 'XForceGlobal', 'profile_image': ''}, 'content': "$BTC\n\nZooming in, #Bitcoin is heavily range-bound and is a flip of a coin at this point; however, I think there is still a higher chance that this is going to resolve to the upside.\n\nThe bearish idea exists, but it's getting way too long in time to fit it neatly on the macro. https://t.co/hOAPVWku1c", 'url': 'https://x.com/XForceGlobal/status/2006935549970731413', 'timestamp': '2026-01-02T03:48:16Z', 'engagement': {'likes': 103, 'replies': 17, 'retweets': 9}, 'mentioned': None, 'search_score': 0.5159911216270809}, {'id': 913092615, 'uuid': 'c8c688b7-20ba-8bd5-e7b8-cf22fb29a341', 'author': {'handle': '@martypartymusic', 'name': 'MartyParty', 'profile_image': 'https://img.membit.ai/v2/351ac471-4424-f296-f66c-1b75cfb2035c.jpeg'}, 'content': '#Bitcoin $88400', 'url': 'https://x.com/martypartymusic/status/2006782421300293673', 'timestamp': '2026-01-01T17:39:48Z', 'engagement': {'likes': 146, 'replies': 14, 'retweets': 5}, 'mentioned': None, 'search_score': 0.49925057917233917}, {'id': 912061089, 'uuid': '272e2e5a-d4d8-aa4b-8ddb-e97b98df424b', 'author': {'handle': '@civilianweb3', 'name': 'Civilian', 'profile_image': 'https://img.membit.ai/v2/6163d984-6120-1dd4-e26d-fb9f76fa9735.jpeg'}, 'content': 'Bitcoin is oversold. \n\nGold is overbought.\n\nYou know what’s happening next.', 'url': 'https://x.com/civilianweb3/status/2006742277763510484', 'timestamp': '2026-01-01T15:00:17Z', 'engagement': {'likes': 63, 'replies': 63, 'retweets': 11}, 'mentioned': None, 'search_score': 0.49831961653781354}, {'id': 901080675, 'uuid': '0fce1d46-ca5b-5f76-fdf0-1b4d2e585728', 'author': {'handle': '@QuintenFrancois', 'name': 'Quinten | 048.eth', 'profile_image': 'https://img.membit.ai/v2/7eb7fc88-12da-e8f7-2451-aedcc519097d.jpeg'}, 'content': 'Everyone who thinks gold or silver is at this price a better opportunity than Bitcoin, is utterly stupid', 'url': 'https://x.com/QuintenFrancois/status/2006036606239592736', 'timestamp': '2025-12-30T16:16:11Z', 'engagement': {'likes': 180, 'replies': 72, 'retweets': 9}, 'mentioned': None, 'search_score': 0.49575300872806016}]}
    [Membit] Found 10 posts
    [Tool] search_posts -> Recent posts:

1. History of #Bitcoin’s Market Price https://t.co/fAuOof4PbF [2025-12-31T06:08:00Z]
2. Gold vs #Bitcoin https://t.co/jPhFdEaRpX [2025-12-31T17:03:00Z]
3. Bitcoin: +5%

Alts: -40%

Explain this. [2025-12-31T00:10:30Z]
4. Pertama Kalinya Dalam 14 Tahun, Pola Harga Bitcoin Berubah! https://t.co/5ZUDHpKmoi [2026-01-01T08:17:15Z]
5. Bitcoin meth https://t.co/IdRpvB7tTR [2026-01-02T02:34:54Z]
6. Bitcoin $89000 [2026-01-02T03:41:27Z]
7. $BTC

Zooming in, #Bitcoin is heavily range-bound and is a flip of a coin at this point; however, I think there is still a higher chance that this is going to resolve to the upside.

The bearish idea exists, but it's getting way too long in time to fit it neatly on the macro. https://t.co/hOAPVWku1c [2026-01-02T03:48:16Z]
8. #Bitcoin $88400 [2026-01-01T17:39:48Z]
9. Bitcoin is oversold. 

Gold is overbought.

You know what’s happening next. [2026-01-01T15:00:17Z]
10. Everyone who thinks gold or silver is at this price a better opportunity than Bitcoin, is utterly stupid [2025-12-30T16:16:11Z]
    [Tool] hold({"symbol": "BTC"})
    [Tool] hold -> Holding position. Current BTC: 0.09653210, Unrealized P&L: $+117.15
  -> HOLD | 3 tools
[llama-3.3-70b] (basic) - Portfolio: $10,013.86
    [Tool] get_portfolio({"symbol": "BTC"})
    [Tool] get_portfolio -> {
  "symbol": "BTC",
  "current_price": 89252.16,
  "starting_capital": 10000.0,
  "portfolio_value": 10013.86,
  "available_cash": 7998.0,
  "total_pnl": 13.86,
  "total_pnl_percent": 0.14,
  "total_fees_paid": 2.0,
  "trades_completed": 1,
  "has_position": true,
  "position": {
    "symbol": "BTC",
    "asset_amount": 0.0225861,
    "entry_price": 88550.03,
    "current_price": 89252.16,
    "position_value": 2015.86,
    "unrealized_pnl": 15.86
  }
}
    [Tool] hold({"symbol": "BTC"})
    [Tool] hold -> Holding position. Current BTC: 0.02258610, Unrealized P&L: $+15.86
  -> HOLD | 2 tools
[llama-3.3-70b] (membit) - Portfolio: $10,006.93
    [Tool] get_portfolio({"symbol": "BTC"})
    [Tool] get_portfolio -> {
  "symbol": "BTC",
  "current_price": 89252.16,
  "starting_capital": 10000.0,
  "portfolio_value": 10006.93,
  "available_cash": 8999.0,
  "total_pnl": 6.93,
  "total_pnl_percent": 0.07,
  "total_fees_paid": 1.0,
  "trades_completed": 1,
  "has_position": true,
  "position": {
    "symbol": "BTC",
    "asset_amount": 0.01129305,
    "entry_price": 88550.03,
    "current_price": 89252.16,
    "position_value": 1007.93,
    "unrealized_pnl": 7.93
  }
}
  -> no action | 1 tools
[qwen-3-32b] (basic) - Portfolio: $10,009.93
    [Tool] get_portfolio({"symbol": "BTC"})
    [Tool] get_portfolio -> {
  "symbol": "BTC",
  "current_price": 89252.16,
  "starting_capital": 10000.0,
  "portfolio_value": 10009.93,
  "available_cash": 7497.5,
  "total_pnl": 9.93,
  "total_pnl_percent": 0.1,
  "total_fees_paid": 2.5,
  "trades_completed": 1,
  "has_position": true,
  "position": {
    "symbol": "BTC",
    "asset_amount": 0.02814984,
    "entry_price": 88810.45,
    "current_price": 89252.16,
    "position_value": 2512.43,
    "unrealized_pnl": 12.43
  }
}
  -> no action | 1 tools
[qwen-3-32b] (membit) - Portfolio: $10,004.63
    [Tool] get_portfolio({"symbol": "BTC"})
    [Tool] get_portfolio -> {
  "symbol": "BTC",
  "current_price": 89252.16,
  "starting_capital": 10000.0,
  "portfolio_value": 10004.63,
  "available_cash": 9750.81,
  "total_pnl": 4.63,
  "total_pnl_percent": 0.05,
  "total_fees_paid": 0.75,
  "trades_completed": 2,
  "has_position": true,
  "position": {
    "symbol": "BTC",
    "asset_amount": 0.00284387,
    "entry_price": 87908.49,
    "current_price": 89252.16,
    "position_value": 253.82,
    "unrealized_pnl": 3.82
  }
}
    [Tool] hold({"symbol": "BTC"})
    [Tool] hold -> Holding position. Current BTC: 0.00284387, Unrealized P&L: $+3.82
  -> HOLD | 2 tools

Saved: run_20260102_220906.json

==============================================================================================================
  RUN SUMMARY - Actions Taken
==============================================================================================================
Model                Mode     Action   Details                                            Fee        Tools 
--------------------------------------------------------------------------------------------------------------
llama3.1-8b          basic    NONE     No trade executed                                  -          1     
llama3.1-8b          membit   HOLD     Holding 0.096532 BTC ($8,616)                      -          3     
llama-3.3-70b        basic    HOLD     Holding 0.022586 BTC ($2,016)                      -          2     
llama-3.3-70b        membit   NONE     No trade executed                                  -          1     
qwen-3-32b           basic    NONE     No trade executed                                  -          1     
qwen-3-32b           membit   HOLD     Holding 0.002844 BTC ($254)                        -          2     
==============================================================================================================

============================================================
  LEADERBOARD (BTC)
============================================================
Config                         Value        P&L          Return    
----------------------------------------------------------------
1. llama3.1-8b (membit)         $ 10,108.65 $   +108.65    +1.09%
2. llama3.1-8b (basic)          $ 10,087.26 $    +87.26    +0.87%
3. llama-3.3-70b (basic)        $ 10,013.86 $    +13.86    +0.14%
4. qwen-3-32b (basic)           $ 10,009.93 $     +9.93    +0.10%
5. llama-3.3-70b (membit)       $ 10,006.93 $     +6.93    +0.07%
6. qwen-3-32b (membit)          $ 10,004.63 $     +4.63    +0.05%

  WINNER: llama3.1-8b (membit) with $+108.65 (+1.09%)

Next run at: 2026-01-02T23:09:06
Sleeping for 60 minutes...

############################################################
  RUN #22
############################################################

============================================================
  Trading Simulation Run: 2026-01-03T04:11:00.997767
  Symbol: BTC | Starting Capital: $10,000
============================================================

BTC Price: $89,758.17

[llama3.1-8b] (basic) - Portfolio: $10,087.76
    [Tool] get_portfolio({"symbol": "BTC"})
    [Tool] get_portfolio -> {
  "symbol": "BTC",
  "current_price": 89758.17,
  "starting_capital": 10000.0,
  "portfolio_value": 10087.76,
  "available_cash": 9998.0,
  "total_pnl": 87.76,
  "total_pnl_percent": 0.88,
  "total_fees_paid": 21.57,
  "trades_completed": 9,
  "has_position": true,
  "position": {
    "symbol": "BTC",
    "asset_amount": 0.001,
    "entry_price": 88657.2,
    "current_price": 89758.17,
    "position_value": 89.76,
    "unrealized_pnl": 1.1
  }
}
    [Tool] get_portfolio({"symbol": "BTC"})
    [Tool] get_portfolio -> {
  "symbol": "BTC",
  "current_price": 89758.17,
  "starting_capital": 10000.0,
  "portfolio_value": 10087.76,
  "available_cash": 9998.0,
  "total_pnl": 87.76,
  "total_pnl_percent": 0.88,
  "total_fees_paid": 21.57,
  "trades_completed": 9,
  "has_position": true,
  "position": {
    "symbol": "BTC",
    "asset_amount": 0.001,
    "entry_price": 88657.2,
    "current_price": 89758.17,
    "position_value": 89.76,
    "unrealized_pnl": 1.1
  }
}
    [Tool] buy({"usd_amount": 1000, "symbol": "BTC"})
    [Tool] buy -> Bought 0.01114105 BTC for $1,000.00 at $89,758.17 (fee: $1.00)
  -> BUY | 3 tools
[llama3.1-8b] (membit) - Portfolio: $10,157.50
    [Tool] get_portfolio({"symbol": "BTC"})
    [Tool] get_portfolio -> {
  "symbol": "BTC",
  "current_price": 89758.17,
  "starting_capital": 10000.0,
  "portfolio_value": 10157.5,
  "available_cash": 1492.95,
  "total_pnl": 157.5,
  "total_pnl_percent": 1.57,
  "total_fees_paid": 8.5,
  "trades_completed": 4,
  "has_position": true,
  "position": {
    "symbol": "BTC",
    "asset_amount": 0.0965321,
    "entry_price": 88038.6,
    "current_price": 89758.17,
    "position_value": 8664.54,
    "unrealized_pnl": 165.99
  }
}
    [Tool] search_posts({"symbol": "BTC", "limit": 5})
    [Membit] post_search('BTC') raw response: {'posts': [{'id': 915822769, 'uuid': '75021455-a492-d105-47c8-ce1ccb22fd5f', 'author': {'handle': '@cutedreamvibes', 'name': 'only cute things', 'profile_image': 'https://pbs.twimg.com/profile_images/1893467133624864769/icQ2gNAK_normal.jpg'}, 'content': 'https://t.co/90kYCmCPVO', 'url': 'https://x.com/cutedreamvibes/status/2006983799683391795', 'timestamp': '2026-01-02T07:00:00Z', 'engagement': {'likes': 11679, 'replies': 5, 'retweets': 759}, 'mentioned': None, 'search_score': 0.4029824349502369}, {'id': 907011778, 'uuid': '598bf21a-0392-df40-dc91-df153974eb51', 'author': {'handle': '@1coinonsolana', 'name': '1 coin', 'profile_image': 'https://img.membit.ai/v2/d65c2166-af92-55e2-0d7b-e086d5fc24ec.jpeg'}, 'content': 'Happy New Year!\n\n![image](https://img.membit.ai/v2/c2f9c1e3-c2e5-0f8c-aa04-623c231f7200.jpeg)', 'url': 'https://x.com/1coinonsolana/status/2006422330579497468', 'timestamp': '2025-12-31T17:48:55Z', 'engagement': {'likes': 254, 'replies': 57, 'retweets': 52}, 'mentioned': None, 'search_score': 0.3997581751416852}, {'id': 914569021, 'uuid': 'ce2dbb89-9aba-0dab-32c1-5ec0131bdaba', 'author': {'handle': '@Hunter_Eagleman', 'name': 'Hunter Eagleman™', 'profile_image': 'https://img.membit.ai/v2/74146763-58f3-4223-199d-7321bcd08a2e.jpeg'}, 'content': 'Merica! \n\n![image](https://img.membit.ai/v2/444e978a-94bd-750e-647f-6e8ac911af57.jpeg)', 'url': 'https://x.com/Hunter_Eagleman/status/2006910296867119458', 'timestamp': '2026-01-02T02:07:56Z', 'engagement': {'likes': 442, 'replies': 36, 'retweets': 56}, 'mentioned': None, 'search_score': 0.398067764746016}, {'id': 914533806, 'uuid': '9d61d0e6-72ef-f5d9-27be-12fbe30e3d7b', 'author': {'handle': '@nocontextmemes', 'name': 'no context memes', 'profile_image': 'https://pbs.twimg.com/profile_images/1694331764091564032/My5iC3pg_normal.jpg'}, 'content': 'https://t.co/mfsUlCc2qV', 'url': 'https://x.com/nocontextmemes/status/2006901026155004263', 'timestamp': '2026-01-02T01:31:05Z', 'engagement': {'likes': 11612, 'replies': 20, 'retweets': 526}, 'mentioned': None, 'search_score': 0.39235253929375424}, {'id': 917552079, 'uuid': 'ae753797-7be3-cd00-f2d6-5e87019808d2', 'author': {'handle': '@worldclick56', 'name': 'World Click', 'profile_image': 'https://pbs.twimg.com/profile_images/1815059536861958146/d6792lyi_normal.jpg'}, 'content': 'https://t.co/zAPlWZ0bYD', 'url': 'https://x.com/worldclick56/status/2007068875083694218', 'timestamp': '2026-01-02T12:38:04Z', 'engagement': {'likes': 177, 'replies': 1, 'retweets': 88}, 'mentioned': None, 'search_score': 0.39233518251296995}]}
    [Membit] Found 5 posts
    [Tool] search_posts -> Recent posts:

1. https://t.co/90kYCmCPVO [2026-01-02T07:00:00Z]
2. Happy New Year!

![image](https://img.membit.ai/v2/c2f9c1e3-c2e5-0f8c-aa04-623c231f7200.jpeg) [2025-12-31T17:48:55Z]
3. Merica! 

![image](https://img.membit.ai/v2/444e978a-94bd-750e-647f-6e8ac911af57.jpeg) [2026-01-02T02:07:56Z]
4. https://t.co/mfsUlCc2qV [2026-01-02T01:31:05Z]
5. https://t.co/zAPlWZ0bYD [2026-01-02T12:38:04Z]
    [Tool] search_posts({"query": "BTC", "limit": 5})
    [Membit] post_search('BTC') raw response: {'posts': [{'id': 915822769, 'uuid': '75021455-a492-d105-47c8-ce1ccb22fd5f', 'author': {'handle': '@cutedreamvibes', 'name': 'only cute things', 'profile_image': 'https://pbs.twimg.com/profile_images/1893467133624864769/icQ2gNAK_normal.jpg'}, 'content': 'https://t.co/90kYCmCPVO', 'url': 'https://x.com/cutedreamvibes/status/2006983799683391795', 'timestamp': '2026-01-02T07:00:00Z', 'engagement': {'likes': 11679, 'replies': 5, 'retweets': 759}, 'mentioned': None, 'search_score': 0.4029824349502369}, {'id': 907011778, 'uuid': '598bf21a-0392-df40-dc91-df153974eb51', 'author': {'handle': '@1coinonsolana', 'name': '1 coin', 'profile_image': 'https://img.membit.ai/v2/d65c2166-af92-55e2-0d7b-e086d5fc24ec.jpeg'}, 'content': 'Happy New Year!\n\n![image](https://img.membit.ai/v2/c2f9c1e3-c2e5-0f8c-aa04-623c231f7200.jpeg)', 'url': 'https://x.com/1coinonsolana/status/2006422330579497468', 'timestamp': '2025-12-31T17:48:55Z', 'engagement': {'likes': 254, 'replies': 57, 'retweets': 52}, 'mentioned': None, 'search_score': 0.3997581751416852}, {'id': 914569021, 'uuid': 'ce2dbb89-9aba-0dab-32c1-5ec0131bdaba', 'author': {'handle': '@Hunter_Eagleman', 'name': 'Hunter Eagleman™', 'profile_image': 'https://img.membit.ai/v2/74146763-58f3-4223-199d-7321bcd08a2e.jpeg'}, 'content': 'Merica! \n\n![image](https://img.membit.ai/v2/444e978a-94bd-750e-647f-6e8ac911af57.jpeg)', 'url': 'https://x.com/Hunter_Eagleman/status/2006910296867119458', 'timestamp': '2026-01-02T02:07:56Z', 'engagement': {'likes': 442, 'replies': 36, 'retweets': 56}, 'mentioned': None, 'search_score': 0.398067764746016}, {'id': 914533806, 'uuid': '9d61d0e6-72ef-f5d9-27be-12fbe30e3d7b', 'author': {'handle': '@nocontextmemes', 'name': 'no context memes', 'profile_image': 'https://pbs.twimg.com/profile_images/1694331764091564032/My5iC3pg_normal.jpg'}, 'content': 'https://t.co/mfsUlCc2qV', 'url': 'https://x.com/nocontextmemes/status/2006901026155004263', 'timestamp': '2026-01-02T01:31:05Z', 'engagement': {'likes': 11612, 'replies': 20, 'retweets': 526}, 'mentioned': None, 'search_score': 0.39235253929375424}, {'id': 917552079, 'uuid': 'ae753797-7be3-cd00-f2d6-5e87019808d2', 'author': {'handle': '@worldclick56', 'name': 'World Click', 'profile_image': 'https://pbs.twimg.com/profile_images/1815059536861958146/d6792lyi_normal.jpg'}, 'content': 'https://t.co/zAPlWZ0bYD', 'url': 'https://x.com/worldclick56/status/2007068875083694218', 'timestamp': '2026-01-02T12:38:04Z', 'engagement': {'likes': 177, 'replies': 1, 'retweets': 88}, 'mentioned': None, 'search_score': 0.39233518251296995}]}
    [Membit] Found 5 posts
    [Tool] search_posts -> Recent posts:

1. https://t.co/90kYCmCPVO [2026-01-02T07:00:00Z]
2. Happy New Year!

![image](https://img.membit.ai/v2/c2f9c1e3-c2e5-0f8c-aa04-623c231f7200.jpeg) [2025-12-31T17:48:55Z]
3. Merica! 

![image](https://img.membit.ai/v2/444e978a-94bd-750e-647f-6e8ac911af57.jpeg) [2026-01-02T02:07:56Z]
4. https://t.co/mfsUlCc2qV [2026-01-02T01:31:05Z]
5. https://t.co/zAPlWZ0bYD [2026-01-02T12:38:04Z]
  -> no action | 3 tools
[llama-3.3-70b] (basic) - Portfolio: $10,025.29
    [Tool] get_portfolio({"symbol": "BTC"})
    [Tool] get_portfolio -> {
  "symbol": "BTC",
  "current_price": 89758.17,
  "starting_capital": 10000.0,
  "portfolio_value": 10025.29,
  "available_cash": 7998.0,
  "total_pnl": 25.29,
  "total_pnl_percent": 0.25,
  "total_fees_paid": 2.0,
  "trades_completed": 1,
  "has_position": true,
  "position": {
    "symbol": "BTC",
    "asset_amount": 0.0225861,
    "entry_price": 88550.03,
    "current_price": 89758.17,
    "position_value": 2027.29,
    "unrealized_pnl": 27.29
  }
}
    [Tool] hold({"symbol": "BTC"})
    [Tool] hold -> Holding position. Current BTC: 0.02258610, Unrealized P&L: $+27.29
  -> HOLD | 2 tools
[llama-3.3-70b] (membit) - Portfolio: $10,012.64
    [Tool] get_portfolio({"symbol": "BTC"})
    [Tool] get_portfolio -> {
  "symbol": "BTC",
  "current_price": 89758.17,
  "starting_capital": 10000.0,
  "portfolio_value": 10012.64,
  "available_cash": 8999.0,
  "total_pnl": 12.64,
  "total_pnl_percent": 0.13,
  "total_fees_paid": 1.0,
  "trades_completed": 1,
  "has_position": true,
  "position": {
    "symbol": "BTC",
    "asset_amount": 0.01129305,
    "entry_price": 88550.03,
    "current_price": 89758.17,
    "position_value": 1013.64,
    "unrealized_pnl": 13.64
  }
}
    [Tool] hold({"symbol": "BTC"})
    [Tool] hold -> Holding position. Current BTC: 0.01129305, Unrealized P&L: $+13.64
  -> HOLD | 2 tools
[qwen-3-32b] (basic) - Portfolio: $10,024.18
    [Tool] get_portfolio({"symbol": "BTC"})
    [Tool] get_portfolio -> {
  "symbol": "BTC",
  "current_price": 89758.17,
  "starting_capital": 10000.0,
  "portfolio_value": 10024.18,
  "available_cash": 7497.5,
  "total_pnl": 24.18,
  "total_pnl_percent": 0.24,
  "total_fees_paid": 2.5,
  "trades_completed": 1,
  "has_position": true,
  "position": {
    "symbol": "BTC",
    "asset_amount": 0.02814984,
    "entry_price": 88810.45,
    "current_price": 89758.17,
    "position_value": 2526.68,
    "unrealized_pnl": 26.68
  }
}
    [Tool] hold({"symbol": "BTC"})
    [Tool] hold -> Holding position. Current BTC: 0.02814984, Unrealized P&L: $+26.68
  -> HOLD | 2 tools
[qwen-3-32b] (membit) - Portfolio: $10,006.07
    [Tool] get_portfolio({"symbol": "BTC"})
    [Tool] get_portfolio -> {
  "symbol": "BTC",
  "current_price": 89758.17,
  "starting_capital": 10000.0,
  "portfolio_value": 10006.07,
  "available_cash": 9750.81,
  "total_pnl": 6.07,
  "total_pnl_percent": 0.06,
  "total_fees_paid": 0.75,
  "trades_completed": 2,
  "has_position": true,
  "position": {
    "symbol": "BTC",
    "asset_amount": 0.00284387,
    "entry_price": 87908.49,
    "current_price": 89758.17,
    "position_value": 255.26,
    "unrealized_pnl": 5.26
  }
}
    [Tool] sell({"asset_amount": 0.001, "symbol": "BTC"})
    [Tool] sell -> Sold 0.00100000 BTC for $89.67 at $89,758.17 (fee: $0.09). P&L: $+1.85 (+2.10%)
  -> SELL | 2 tools

Saved: run_20260103_041123.json

==============================================================================================================
  RUN SUMMARY - Actions Taken
==============================================================================================================
Model                Mode     Action   Details                                            Fee        Tools 
--------------------------------------------------------------------------------------------------------------
llama3.1-8b          basic    BUY      $1,000 @ $89,758 -> 0.011141 BTC                   $1.00      3     
llama3.1-8b          membit   NONE     No trade executed                                  -          3     
llama-3.3-70b        basic    HOLD     Holding 0.022586 BTC ($2,027)                      -          2     
llama-3.3-70b        membit   HOLD     Holding 0.011293 BTC ($1,014)                      -          2     
qwen-3-32b           basic    HOLD     Holding 0.028150 BTC ($2,527)                      -          2     
qwen-3-32b           membit   SELL     Sold 0.001000 BTC -> $90, remaining: 0.001844      $0.09      2     
==============================================================================================================

============================================================
  LEADERBOARD (BTC)
============================================================
Config                         Value        P&L          Return    
----------------------------------------------------------------
1. llama3.1-8b (membit)         $ 10,157.50 $   +157.50    +1.57%
2. llama3.1-8b (basic)          $ 10,086.76 $    +86.76    +0.87%
3. llama-3.3-70b (basic)        $ 10,025.29 $    +25.29    +0.25%
4. qwen-3-32b (basic)           $ 10,024.18 $    +24.18    +0.24%
5. llama-3.3-70b (membit)       $ 10,012.64 $    +12.64    +0.13%
6. qwen-3-32b (membit)          $ 10,005.98 $     +5.98    +0.06%

  WINNER: llama3.1-8b (membit) with $+157.50 (+1.57%)

Next run at: 2026-01-03T05:11:23
Sleeping for 60 minutes...

############################################################
  RUN #23
############################################################

============================================================
  Trading Simulation Run: 2026-01-03T10:03:55.361107
  Symbol: BTC | Starting Capital: $10,000
============================================================

BTC Price: $90,279.09

[llama3.1-8b] (basic) - Portfolio: $10,093.09
    [Tool] get_portfolio({"symbol": "BTC"})
    [Tool] get_portfolio -> {
  "symbol": "BTC",
  "current_price": 90279.09,
  "starting_capital": 10000.0,
  "portfolio_value": 10093.09,
  "available_cash": 8997.0,
  "total_pnl": 93.09,
  "total_pnl_percent": 0.93,
  "total_fees_paid": 22.57,
  "trades_completed": 10,
  "has_position": true,
  "position": {
    "symbol": "BTC",
    "asset_amount": 0.01214105,
    "entry_price": 89667.49,
    "current_price": 90279.09,
    "position_value": 1096.08,
    "unrealized_pnl": 7.43
  }
}
  -> no action | 1 tools
[llama3.1-8b] (membit) - Portfolio: $10,207.78
    [Tool] get_portfolio({"symbol": "BTC"})
    [Tool] get_portfolio -> {
  "symbol": "BTC",
  "current_price": 90279.09,
  "starting_capital": 10000.0,
  "portfolio_value": 10207.78,
  "available_cash": 1492.95,
  "total_pnl": 207.78,
  "total_pnl_percent": 2.08,
  "total_fees_paid": 8.5,
  "trades_completed": 4,
  "has_position": true,
  "position": {
    "symbol": "BTC",
    "asset_amount": 0.0965321,
    "entry_price": 88038.6,
    "current_price": 90279.09,
    "position_value": 8714.83,
    "unrealized_pnl": 216.28
  }
}
  -> no action | 1 tools
[llama-3.3-70b] (basic) - Portfolio: $10,037.05
    [Tool] get_portfolio({"symbol": "BTC"})
    [Tool] get_portfolio -> {
  "symbol": "BTC",
  "current_price": 90279.09,
  "starting_capital": 10000.0,
  "portfolio_value": 10037.05,
  "available_cash": 7998.0,
  "total_pnl": 37.05,
  "total_pnl_percent": 0.37,
  "total_fees_paid": 2.0,
  "trades_completed": 1,
  "has_position": true,
  "position": {
    "symbol": "BTC",
    "asset_amount": 0.0225861,
    "entry_price": 88550.03,
    "current_price": 90279.09,
    "position_value": 2039.05,
    "unrealized_pnl": 39.05
  }
}
    [Tool] hold({"symbol": "BTC"})
    [Tool] hold -> Holding position. Current BTC: 0.02258610, Unrealized P&L: $+39.05
  -> HOLD | 2 tools
[llama-3.3-70b] (membit) - Portfolio: $10,018.53
    [Tool] get_portfolio({"symbol": "BTC"})
    [Tool] get_portfolio -> {
  "symbol": "BTC",
  "current_price": 90279.09,
  "starting_capital": 10000.0,
  "portfolio_value": 10018.53,
  "available_cash": 8999.0,
  "total_pnl": 18.53,
  "total_pnl_percent": 0.19,
  "total_fees_paid": 1.0,
  "trades_completed": 1,
  "has_position": true,
  "position": {
    "symbol": "BTC",
    "asset_amount": 0.01129305,
    "entry_price": 88550.03,
    "current_price": 90279.09,
    "position_value": 1019.53,
    "unrealized_pnl": 19.53
  }
}
    [Tool] hold({"symbol": "BTC"})
    [Tool] hold -> Holding position. Current BTC: 0.01129305, Unrealized P&L: $+19.53
  -> HOLD | 2 tools
[qwen-3-32b] (basic) - Portfolio: $10,038.84
    [Tool] get_portfolio({"symbol": "BTC"})
    [Tool] get_portfolio -> {
  "symbol": "BTC",
  "current_price": 90279.09,
  "starting_capital": 10000.0,
  "portfolio_value": 10038.84,
  "available_cash": 7497.5,
  "total_pnl": 38.84,
  "total_pnl_percent": 0.39,
  "total_fees_paid": 2.5,
  "trades_completed": 1,
  "has_position": true,
  "position": {
    "symbol": "BTC",
    "asset_amount": 0.02814984,
    "entry_price": 88810.45,
    "current_price": 90279.09,
    "position_value": 2541.34,
    "unrealized_pnl": 41.34
  }
}
  -> no action | 1 tools
[qwen-3-32b] (membit) - Portfolio: $10,006.94
    [Tool] get_portfolio({"symbol": "BTC"})
    [Tool] get_portfolio -> {
  "symbol": "BTC",
  "current_price": 90279.09,
  "starting_capital": 10000.0,
  "portfolio_value": 10006.94,
  "available_cash": 9840.48,
  "total_pnl": 6.94,
  "total_pnl_percent": 0.07,
  "total_fees_paid": 0.84,
  "trades_completed": 3,
  "has_position": true,
  "position": {
    "symbol": "BTC",
    "asset_amount": 0.00184387,
    "entry_price": 87908.49,
    "current_price": 90279.09,
    "position_value": 166.46,
    "unrealized_pnl": 4.37
  }
}
    [Tool] get_portfolio({"symbol": "BTC"})
    [Tool] get_portfolio -> {
  "symbol": "BTC",
  "current_price": 90279.09,
  "starting_capital": 10000.0,
  "portfolio_value": 10006.94,
  "available_cash": 9840.48,
  "total_pnl": 6.94,
  "total_pnl_percent": 0.07,
  "total_fees_paid": 0.84,
  "trades_completed": 3,
  "has_position": true,
  "position": {
    "symbol": "BTC",
    "asset_amount": 0.00184387,
    "entry_price": 87908.49,
    "current_price": 90279.09,
    "position_value": 166.46,
    "unrealized_pnl": 4.37
  }
}
    [Tool] hold({"symbol": "BTC"})
    [Tool] hold -> Holding position. Current BTC: 0.00184387, Unrealized P&L: $+4.37
  -> HOLD | 3 tools

Saved: run_20260103_100408.json

==============================================================================================================
  RUN SUMMARY - Actions Taken
==============================================================================================================
Model                Mode     Action   Details                                            Fee        Tools 
--------------------------------------------------------------------------------------------------------------
llama3.1-8b          basic    NONE     No trade executed                                  -          1     
llama3.1-8b          membit   NONE     No trade executed                                  -          1     
llama-3.3-70b        basic    HOLD     Holding 0.022586 BTC ($2,039)                      -          2     
llama-3.3-70b        membit   HOLD     Holding 0.011293 BTC ($1,020)                      -          2     
qwen-3-32b           basic    NONE     No trade executed                                  -          1     
qwen-3-32b           membit   HOLD     Holding 0.001844 BTC ($166)                        -          3     
==============================================================================================================

============================================================
  LEADERBOARD (BTC)
============================================================
Config                         Value        P&L          Return    
----------------------------------------------------------------
1. llama3.1-8b (membit)         $ 10,207.78 $   +207.78    +2.08%
2. llama3.1-8b (basic)          $ 10,093.09 $    +93.09    +0.93%
3. qwen-3-32b (basic)           $ 10,038.84 $    +38.84    +0.39%
4. llama-3.3-70b (basic)        $ 10,037.05 $    +37.05    +0.37%
5. llama-3.3-70b (membit)       $ 10,018.53 $    +18.53    +0.19%
6. qwen-3-32b (membit)          $ 10,006.94 $     +6.94    +0.07%

  WINNER: llama3.1-8b (membit) with $+207.78 (+2.08%)

Next run at: 2026-01-03T11:04:08
Sleeping for 60 minutes...


Scheduler stopped by user.
