============================================================
  AI TRADING SIMULATION SCHEDULER
  Symbol: BTC | 6 Configs | $10,000 Each | Hourly
============================================================

Interval: Every 60 minutes
Press Ctrl+C to stop


############################################################
  RUN #1
############################################################

============================================================
  Trading Simulation Run: 2025-12-30T01:45:58.894339
  Symbol: BTC | Starting Capital: $10,000
============================================================

BTC Price: $87,512.50

[llama3.1-8b] (basic) - Portfolio: $10,000.00
    [Tool] get_portfolio({"symbol": "BTC"})
    [Tool] get_portfolio({"symbol": "BTC"})
    [Tool] buy({"usd_amount": 5000.0, "symbol": "BTC"})
  -> BUY | 3 tools
[llama3.1-8b] (membit) - Portfolio: $10,000.00
    [Tool] get_portfolio({"symbol": "BTC"})
    [Tool] get_portfolio({"symbol": "BTC"})
    [Tool] search_posts({"query": "BTC current news", "limit": 5})
    [Membit] post_search('BTC current news') raw response: {'posts': [{'id': 881999289, 'uuid': '769f69da-65a0-10fd-a50c-84e225aa86d2', 'author': {'handle': '@Meowth_BTC', 'name': 'ニャース', 'profile_image': 'https://img.membit.ai/v2/7623b1e4-d805-d9fe-b9b3-8958c803e784.jpeg'}, 'content': '現在\n１BTC←うおお！すげえ！超羨ましい！\n0.1BTC←良いね\n\n10年後\n0.1BTC←うおお！すげえ！超羨ましい！\n0.01BTC←良いね\n\n20年後\n0.01BTC←うおお！すげえ！超羨ましい！\n0.001BTC←良いね\n\n本気でこうなると思ってるニャー！', 'url': 'https://x.com/Meowth_BTC/status/2004779273404781039', 'timestamp': '2025-12-27T05:00:00Z', 'engagement': {'likes': 791, 'replies': 29, 'retweets': 30}, 'mentioned': None, 'search_score': 0.5576243913258443}, {'id': 891598674, 'uuid': 'e58fdfa9-4c87-3562-57b7-10356e0a4fb0', 'author': {'handle': '@Bitcoin_Teddy', 'name': 'Bitcoin Teddy', 'profile_image': ''}, 'content': 'BUY #BITCOIN NOW https://t.co/2pvHaZD552', 'url': 'https://x.com/Bitcoin_Teddy/status/2005460511459312109', 'timestamp': '2025-12-29T02:07:00Z', 'engagement': {'likes': 129, 'replies': 25, 'retweets': 8}, 'mentioned': None, 'search_score': 0.5268879215373542}, {'id': 891407827, 'uuid': '4cbf826e-099e-6dbd-ea46-0b01ca7697d3', 'author': {'handle': '@inmortalcrypto', 'name': 'Inmortal', 'profile_image': 'https://img.membit.ai/v2/7dadbd10-ba91-b954-d819-4b7e1d4a48ea.jpeg'}, 'content': 'Rotation from Gold and Silver to $BTC\n\n2026.', 'url': 'https://x.com/inmortalcrypto/status/2005442145130619197', 'timestamp': '2025-12-29T00:54:01Z', 'engagement': {'likes': 380, 'replies': 33, 'retweets': 21}, 'mentioned': None, 'search_score': 0.515786472588226}, {'id': 894514549, 'uuid': '72ddefcb-7493-0dd1-aece-d1c82c53b8b1', 'author': {'handle': '@TheMoneyApe', 'name': 'Money Ape', 'profile_image': 'https://img.membit.ai/v2/15e56f28-bcac-cf62-4c5a-4cf60304306a.jpeg'}, 'content': 'Michael Saylor Strategy Bought 1,229BTC for $108.8M at ~$88,568 per BTC. \n\nBTC yield: 23.2% YTD 2025.\n\nTotal holdings: 672,497 BTC bought for ~$50.44B at ~$74,997 avg.\n\n$BTC struggling from OCT 10 manipulation.\n\nWill $MSTR start recovering?\nMSCI decision coming on 15th Jan.', 'url': 'https://x.com/TheMoneyApe/status/2005627981193240685', 'timestamp': '2025-12-29T13:12:28Z', 'engagement': {'likes': 40, 'replies': 20, 'retweets': 25}, 'mentioned': {'id': 8973731, 'uuid': '2ffc3601-3ce4-1595-ca84-c2a7e8878e8c', 'author': {'handle': '@saylor', 'name': 'Michael Saylor', 'profile_image': 'https://img.membit.ai/v2/d79bc3b0-26b0-4eb0-8747-aa382d9ebdaf.jpeg'}, 'content': 'Strategy has acquired 1,229 BTC for ~$108.8 million at ~$88,568 per bitcoin and has achieved BTC Yield of 23.2% YTD 2025. As of 12/28/2025, we hodl 672,497 $BTC acquired for ~$50.44 billion at ~$74,997 per bitcoin. $MSTR $STRC $STRK $STRF $STRD $STRE \nhttps://\nstrategy.com/press/strategy\n-acquires-1229-btc-and-now-holds-672497-btc_12-29-2025\n…', 'timestamp': '2025-12-29T13:02:10Z'}, 'search_score': 0.504487283461606}, {'id': 885932857, 'uuid': '2019e15d-6db9-4cb7-1c1a-36e4445e4c81', 'author': {'handle': '@saylordocs', 'name': 'Documenting Saylor', 'profile_image': ''}, 'content': 'Buying 1 BTC in 2035. https://t.co/mWv7EBCEnY', 'url': 'https://x.com/saylordocs/status/2005116243099942974', 'timestamp': '2025-12-28T03:19:00Z', 'engagement': {'likes': 1292, 'replies': 34, 'retweets': 78}, 'mentioned': None, 'search_score': 0.5036522249651482}]}
    [Membit] Found 5 posts
    [Tool] buy({"usd_amount": 2000, "symbol": "BTC"})
  -> BUY | 4 tools
[llama-3.3-70b] (basic) - Portfolio: $10,000.00
    [Tool] get_portfolio({"symbol": "BTC"})
    [Tool] buy({"usd_amount": 5000, "symbol": "BTC"})
  -> BUY | 2 tools
[llama-3.3-70b] (membit) - Portfolio: $10,000.00
    [Tool] get_portfolio({"symbol": "BTC"})
    [Tool] search_posts({"query": "BTC", "limit": 10})
    [Membit] post_search('BTC') raw response: {'posts': [{'id': 880621646, 'uuid': 'd03828bc-ae00-93ac-9bef-fafb6be14ee6', 'author': {'handle': '@Kuzebk201', 'name': '力ズマ', 'profile_image': 'https://img.membit.ai/v2/f3ccf03e-cac5-5ff6-d35b-9615d5d8d98b.png'}, 'content': 'お散歩\n\n![image](https://img.membit.ai/v2/66bf9c88-f3ce-055e-bf40-d97c803cd740.jpeg)', 'url': 'https://x.com/Kuzebk201/status/2004691843221782698', 'timestamp': '2025-12-26T23:12:35Z', 'engagement': {'likes': 598, 'replies': 0, 'retweets': 104}, 'mentioned': None, 'search_score': 0.4347356129335842}, {'id': 888796064, 'uuid': '7749e1fe-adc0-3c51-d719-80e358e44b95', 'author': {'handle': '@RukminiVasantFP', 'name': 'Rukmini Vasanth', 'profile_image': ''}, 'content': 'https://t.co/IJKgOHD5kP', 'url': 'https://x.com/RukminiVasantFP/status/2005286996265349563', 'timestamp': '2025-12-28T14:37:30Z', 'engagement': {'likes': 5333, 'replies': 44, 'retweets': 140}, 'mentioned': None, 'search_score': 0.4305524483800034}, {'id': 893639009, 'uuid': '3dad5920-f365-f077-152e-4eed68535213', 'author': {'handle': '@purelivn', 'name': '𝑝𝑢𝑟𝑒', 'profile_image': ''}, 'content': 'https://t.co/sNhAQYSWwX', 'url': 'https://x.com/purelivn/status/2005579546498617579', 'timestamp': '2025-12-29T10:00:00Z', 'engagement': {'likes': 3713, 'replies': 8, 'retweets': 680}, 'mentioned': None, 'search_score': 0.4235990531209056}, {'id': 889258304, 'uuid': '53932bb8-927b-2922-c0ef-f21b19efa936', 'author': {'handle': '@Floraaaa_11', 'name': 'OceanicAura', 'profile_image': 'https://pbs.twimg.com/profile_images/1995087944567390208/yqpAXJ5u_normal.jpg'}, 'content': 'https://t.co/ldjaWOoNkY', 'url': 'https://x.com/Floraaaa_11/status/2005217359515288011', 'timestamp': '2025-12-28T10:00:48Z', 'engagement': {'likes': 1022, 'replies': 7, 'retweets': 140}, 'mentioned': None, 'search_score': 0.4197488528436162}, {'id': 893172792, 'uuid': 'e8d69d62-c9cb-1d87-ee55-8f11b27d6de9', 'author': {'handle': '@NoContextHumans', 'name': 'Out of Context Human Race', 'profile_image': 'https://pbs.twimg.com/profile_images/1207636309508014081/hfA24vWM_normal.jpg'}, 'content': 'https://t.co/owRMlHJNhP', 'url': 'https://x.com/NoContextHumans/status/2005549346649952750', 'timestamp': '2025-12-29T08:00:00Z', 'engagement': {'likes': 2728, 'replies': 23, 'retweets': 111}, 'mentioned': None, 'search_score': 0.41540987437264487}, {'id': 884331702, 'uuid': '994f50fc-e1be-77b7-0972-c6ff9695cfe2', 'author': {'handle': '@I_am_a_chair72', 'name': '布卟不', 'profile_image': 'https://img.membit.ai/v2/c5b1e5f7-b9bf-e084-fc54-5e1051462210.jpeg'}, 'content': '#LimbusComapany\n#LCB8\n\n![image](https://img.membit.ai/v2/2bc856cd-233b-4342-4795-123f25e6d0a7.jpeg)', 'url': 'https://x.com/I_am_a_chair72/status/2004969515424383251', 'timestamp': '2025-12-27T17:35:57Z', 'engagement': {'likes': 7609, 'replies': 3, 'retweets': 1045}, 'mentioned': None, 'search_score': 0.4120037355176688}, {'id': 891986378, 'uuid': 'dbbdf2da-52d9-318e-97df-66342d828e3f', 'author': {'handle': '@Elizabeth172811', 'name': 'Views_of_Switzerland 🇨🇭', 'profile_image': 'https://pbs.twimg.com/profile_images/1980580259918462976/uja0Kl7S_normal.jpg'}, 'content': 'https://t.co/duXe3GgXdB', 'url': 'https://x.com/Elizabeth172811/status/2005484243401761273', 'timestamp': '2025-12-29T03:41:18Z', 'engagement': {'likes': 442, 'replies': 2, 'retweets': 96}, 'mentioned': None, 'search_score': 0.411135117049936}, {'id': 884395322, 'uuid': 'ca277498-7044-d16a-a0de-fba6de296134', 'author': {'handle': '@islalona', 'name': 'Isla', 'profile_image': ''}, 'content': 'https://t.co/cqZBgigGED', 'url': 'https://x.com/islalona/status/2004893239636296096', 'timestamp': '2025-12-27T12:32:52Z', 'engagement': {'likes': 6714, 'replies': 25, 'retweets': 821}, 'mentioned': None, 'search_score': 0.4078861130439244}, {'id': 884767904, 'uuid': '22f36bfe-032d-5442-6a7d-f6612f7bd371', 'author': {'handle': '@packers', 'name': 'Green Bay Packers', 'profile_image': 'https://img.membit.ai/v2/e9a4e194-43d7-ac17-9b64-9b6d5ad3308e.jpeg'}, 'content': 'Nevermore\n\n![image](https://img.membit.ai/v2/b2bbd08d-3ad4-cf78-679a-b338845aadab.jpeg)', 'url': 'https://x.com/packers/status/2004975569965121617', 'timestamp': '2025-12-27T18:00:01Z', 'engagement': {'likes': 1546, 'replies': 43, 'retweets': 236}, 'mentioned': None, 'search_score': 0.4052902197679875}, {'id': 894653640, 'uuid': '58698c42-04f2-a216-a6a2-a5eb250a50d1', 'author': {'handle': '@NatureMuse_', 'name': 'Beauty of Nature', 'profile_image': ''}, 'content': 'https://t.co/gmmyUOTr4R', 'url': 'https://x.com/NatureMuse_/status/2005631219757928778', 'timestamp': '2025-12-29T13:25:20Z', 'engagement': {'likes': 114, 'replies': 1, 'retweets': 35}, 'mentioned': None, 'search_score': 0.4048727084411393}]}
    [Membit] Found 10 posts
    [Tool] buy({"usd_amount": 5000, "symbol": "BTC"})
  -> BUY | 3 tools
[qwen-3-32b] (basic) - Portfolio: $10,000.00
    [Tool] get_portfolio({"symbol": "BTC"})
    [Tool] buy({"usd_amount": 4000.0, "symbol": "BTC"})
  -> BUY | 2 tools
[qwen-3-32b] (membit) - Portfolio: $10,000.00
    [Tool] get_portfolio({"symbol": "BTC"})
    [Tool] buy({"usd_amount": 2500, "symbol": "BTC"})
  -> BUY | 2 tools

Saved: run_20251230_014612.json

====================================================================================================
  RUN SUMMARY - Actions Taken
====================================================================================================
Model                Mode     Action   Details                                                    Tools 
----------------------------------------------------------------------------------------------------
llama3.1-8b          basic    BUY      $5,000 @ $87,512 -> 0.057135 BTC                           3     
llama3.1-8b          membit   BUY      $2,000 @ $87,512 -> 0.022854 BTC                           4     
llama-3.3-70b        basic    BUY      $5,000 @ $87,512 -> 0.057135 BTC                           2     
llama-3.3-70b        membit   BUY      $5,000 @ $87,512 -> 0.057135 BTC                           3     
qwen-3-32b           basic    BUY      $4,000 @ $87,512 -> 0.045708 BTC                           2     
qwen-3-32b           membit   BUY      $2,500 @ $87,512 -> 0.028567 BTC                           2     
====================================================================================================

============================================================
  LEADERBOARD (BTC)
============================================================
Config                         Value        P&L          Return    
----------------------------------------------------------------
1. llama3.1-8b (basic)          $ 10,000.00 $     +0.00    +0.00%
2. llama3.1-8b (membit)         $ 10,000.00 $     +0.00    +0.00%
3. llama-3.3-70b (basic)        $ 10,000.00 $     +0.00    +0.00%
4. llama-3.3-70b (membit)       $ 10,000.00 $     +0.00    +0.00%
5. qwen-3-32b (basic)           $ 10,000.00 $     +0.00    +0.00%
6. qwen-3-32b (membit)          $ 10,000.00 $     +0.00    +0.00%

  WINNER: llama3.1-8b (basic) with $+0.00 (+0.00%)

Next run at: 2025-12-30T02:46:12
Sleeping for 60 minutes...

############################################################
  RUN #2
############################################################

============================================================
  Trading Simulation Run: 2025-12-30T02:46:12.088018
  Symbol: BTC | Starting Capital: $10,000
============================================================

BTC Price: $87,321.99

[llama3.1-8b] (basic) - Portfolio: $9,989.12
    [Tool] get_portfolio({"symbol": "BTC"})
    [Tool] buy({"symbol": "BTC", "usd_amount": 5000.0})
  -> BUY | 2 tools
[llama3.1-8b] (membit) - Portfolio: $9,995.65
    [Tool] get_portfolio({"symbol": "BTC"})
    [Tool] get_portfolio({"symbol": "BTC"})
    [Tool] get_cluster_info({"cluster_label": "BTC trend", "limit": 3})
    [Tool] search_posts({"query": "BTC news", "limit": 5})
    [Membit] post_search('BTC news') raw response: {'posts': [{'id': 891598674, 'uuid': 'e58fdfa9-4c87-3562-57b7-10356e0a4fb0', 'author': {'handle': '@Bitcoin_Teddy', 'name': 'Bitcoin Teddy', 'profile_image': ''}, 'content': 'BUY #BITCOIN NOW https://t.co/2pvHaZD552', 'url': 'https://x.com/Bitcoin_Teddy/status/2005460511459312109', 'timestamp': '2025-12-29T02:07:00Z', 'engagement': {'likes': 129, 'replies': 25, 'retweets': 8}, 'mentioned': None, 'search_score': 0.5268112018685102}, {'id': 881999289, 'uuid': '769f69da-65a0-10fd-a50c-84e225aa86d2', 'author': {'handle': '@Meowth_BTC', 'name': 'ニャース', 'profile_image': 'https://img.membit.ai/v2/7623b1e4-d805-d9fe-b9b3-8958c803e784.jpeg'}, 'content': '現在\n１BTC←うおお！すげえ！超羨ましい！\n0.1BTC←良いね\n\n10年後\n0.1BTC←うおお！すげえ！超羨ましい！\n0.01BTC←良いね\n\n20年後\n0.01BTC←うおお！すげえ！超羨ましい！\n0.001BTC←良いね\n\n本気でこうなると思ってるニャー！', 'url': 'https://x.com/Meowth_BTC/status/2004779273404781039', 'timestamp': '2025-12-27T05:00:00Z', 'engagement': {'likes': 791, 'replies': 29, 'retweets': 30}, 'mentioned': None, 'search_score': 0.5255172297610341}, {'id': 890236368, 'uuid': 'a617f055-e89f-af0d-6042-ce67a5e44793', 'author': {'handle': '@Eljaboom', 'name': 'Elja ', 'profile_image': 'https://img.membit.ai/v2/372ec408-5d45-60a5-4aea-71c6768fdc1f.jpeg'}, 'content': 'Stocks ATH - \n\nSilver ATH - \n\nGold ATH - \n\n$BTC ATH - \n\nALTS ATH - WHEN?', 'url': 'https://x.com/Eljaboom/status/2005372431717032006', 'timestamp': '2025-12-28T20:17:00Z', 'engagement': {'likes': 324, 'replies': 132, 'retweets': 44}, 'mentioned': None, 'search_score': 0.5093471291272623}, {'id': 880343592, 'uuid': 'ff18107c-eaf9-8e9e-9013-2de40b853bd4', 'author': {'handle': '@GVRCALLS', 'name': 'Crypto GVR', 'profile_image': 'https://img.membit.ai/v2/5dad1603-46ce-7610-e60a-612da4baeb51.jpeg'}, 'content': '$BTC next 3 months price prediction \n\nJan 2026 : 107K$\n\nFeb 2026 : 115K$\n\nMar 2026 : 125K$', 'url': 'https://x.com/GVRCALLS/status/2004738652111560890', 'timestamp': '2025-12-27T02:18:35Z', 'engagement': {'likes': 574, 'replies': 71, 'retweets': 66}, 'mentioned': None, 'search_score': 0.4970441777332235}, {'id': 894258195, 'uuid': '382a92f3-8bb7-5a33-17ef-7281aac76ceb', 'author': {'handle': '@TheCryptoBlade', 'name': 'Crypto Blade', 'profile_image': 'https://img.membit.ai/v2/ab33210a-8457-9acc-0d49-7c8921f5df3f.jpeg'}, 'content': 'BTC perps are the stress test for trading infrastructure.\n\nThey have:\n• The deepest global liquidity\n• The fastest arbitrage cycles\n• The highest sensitivity to latency and slippage\n• The most professional flow\n\nIf your system is weak, BTC exposes it immediately.\n\nSo when BTC', 'url': 'https://x.com/TheCryptoBlade/status/2005607892372828668', 'timestamp': '2025-12-29T11:52:38Z', 'engagement': {'likes': 61, 'replies': 62, 'retweets': 1}, 'mentioned': {'id': 8914559, 'uuid': '09878887-4db8-a00b-e257-3ad340239d6d', 'author': {'handle': '@OrderlyNetwork', 'name': 'Orderly', 'profile_image': 'https://img.membit.ai/v2/3f0c057e-54c7-34ad-9c10-d9fb9e02e215.jpeg'}, 'content': 'Did you know that when you launch with Orderly One, your perp dex will be the best venue to trade BTC?\n\nThe lowest slippage across any dex. x.com/15820609849062…', 'timestamp': '2025-12-27T09:50:41Z'}, 'search_score': 0.496799435685906}]}
    [Membit] Found 5 posts
  -> no action | 4 tools
[llama-3.3-70b] (basic) - Portfolio: $9,989.12
    [Tool] get_portfolio({"symbol": "BTC"})
  -> no action | 1 tools
[llama-3.3-70b] (membit) - Portfolio: $9,989.12
    [Tool] get_portfolio({"symbol": "BTC"})
    [Tool] search_posts({"query": "BTC", "limit": 10})
    [Membit] post_search('BTC') raw response: {'posts': [{'id': 895235651, 'uuid': '2cb7648d-3d99-6e88-24e6-ba39ab340c46', 'author': {'handle': '@coingecko', 'name': 'CoinGecko', 'profile_image': 'https://img.membit.ai/v2/ee7990b1-344b-c1cd-e92e-50e8b4ac0e51.jpeg'}, 'content': 'GM', 'url': 'https://x.com/coingecko/status/2005672652006920561', 'timestamp': '2025-12-29T16:09:58Z', 'engagement': {'likes': 349, 'replies': 355, 'retweets': 12}, 'mentioned': None, 'search_score': 0.9330287326950143}, {'id': 888280252, 'uuid': 'd907a0ba-4d40-f2c8-5bcd-0cc005b8bb24', 'author': {'handle': '@yousef_ki1', 'name': 'Dr. Yousef 🇵🇸', 'profile_image': ''}, 'content': 'Boost', 'url': 'https://x.com/yousef_ki1/status/2005251011334885423', 'timestamp': '2025-12-28T12:14:31Z', 'engagement': {'likes': 1310, 'replies': 20, 'retweets': 265}, 'mentioned': None, 'search_score': 0.910484821680064}, {'id': 892886421, 'uuid': 'c3ec3c56-8535-4966-f055-10c15421d84f', 'author': {'handle': '@nacacaa_', 'name': 'nacaca', 'profile_image': 'https://pbs.twimg.com/profile_images/1877942254721196032/U-GHUwoj_normal.jpg'}, 'content': 'wow', 'url': 'https://x.com/nacacaa_/status/2005516727501885789', 'timestamp': '2025-12-29T05:50:23Z', 'engagement': {'likes': 190, 'replies': 119, 'retweets': 99}, 'mentioned': None, 'search_score': 0.888434312609427}, {'id': 893432882, 'uuid': 'e7d537c1-ad66-5fb4-53a9-73aa3b8b4836', 'author': {'handle': '@nacacaa_', 'name': 'nacaca', 'profile_image': 'https://pbs.twimg.com/profile_images/1877942254721196032/U-GHUwoj_normal.jpg'}, 'content': 'wow', 'url': 'https://x.com/nacacaa_/status/2005515514442084762', 'timestamp': '2025-12-29T05:45:33Z', 'engagement': {'likes': 128, 'replies': 118, 'retweets': 24}, 'mentioned': None, 'search_score': 0.8861426136901653}, {'id': 888540671, 'uuid': 'ba5fe996-3fe5-9163-9b34-9c35335ca0c2', 'author': {'handle': '@movie_tvshows_', 'name': 'Peak film moments', 'profile_image': 'https://img.membit.ai/v2/9c601f60-6556-637e-12b0-226e8705d01a.jpeg'}, 'content': 'Looper', 'url': 'https://x.com/movie_tvshows_/status/2005253648344051723', 'timestamp': '2025-12-28T12:25:00Z', 'engagement': {'likes': 2253, 'replies': 23, 'retweets': 83}, 'mentioned': None, 'search_score': 0.8835933985168255}, {'id': 885487420, 'uuid': 'fd177422-b7dc-9c06-acba-c41a552a50ac', 'author': {'handle': '@Asmongold', 'name': 'Zack', 'profile_image': 'https://img.membit.ai/v2/64b1f1fb-4470-2ab0-4714-5876597ccd5e.jpeg'}, 'content': 'same', 'url': 'https://x.com/Asmongold/status/2005030224287989826', 'timestamp': '2025-12-27T21:37:11Z', 'engagement': {'likes': 14703, 'replies': 426, 'retweets': 150}, 'mentioned': None, 'search_score': 0.8797417704192144}, {'id': 895833619, 'uuid': '11781315-8cfc-91dc-bb7f-459049511cf0', 'author': {'handle': '@elonmusk', 'name': 'Elon Musk', 'profile_image': 'https://img.membit.ai/v2/9d1aa8ee-8a8f-b3e7-fad9-1fc69956f2b9.jpeg'}, 'content': 'Wow', 'url': 'https://x.com/elonmusk/status/2005709792082288697', 'timestamp': '2025-12-29T18:37:33Z', 'engagement': {'likes': 841, 'replies': 171, 'retweets': 60}, 'mentioned': None, 'search_score': 0.822375099248982}, {'id': 895837140, 'uuid': 'a6c700ae-fee2-6dec-a93b-d833e627cc07', 'author': {'handle': '@elonmusk', 'name': 'Elon Musk', 'profile_image': 'https://img.membit.ai/v2/9d1aa8ee-8a8f-b3e7-fad9-1fc69956f2b9.jpeg'}, 'content': 'Wow', 'url': 'https://x.com/elonmusk/status/2005709924970775006', 'timestamp': '2025-12-29T18:38:05Z', 'engagement': {'likes': 559, 'replies': 110, 'retweets': 28}, 'mentioned': None, 'search_score': 0.822375099248982}, {'id': 892430299, 'uuid': '673ea07b-1b2d-497d-6940-18ca00041816', 'author': {'handle': '@JackPosobiec', 'name': 'Jack Posobiec', 'profile_image': 'https://pbs.twimg.com/profile_images/1980376023259590656/1PIV6lvg_normal.jpg'}, 'content': 'Hero', 'url': 'https://x.com/JackPosobiec/status/2005513519845036273', 'timestamp': '2025-12-29T05:37:38Z', 'engagement': {'likes': 1673, 'replies': 77, 'retweets': 180}, 'mentioned': None, 'search_score': 0.8192803500468608}, {'id': 880621646, 'uuid': 'd03828bc-ae00-93ac-9bef-fafb6be14ee6', 'author': {'handle': '@Kuzebk201', 'name': '力ズマ', 'profile_image': 'https://img.membit.ai/v2/f3ccf03e-cac5-5ff6-d35b-9615d5d8d98b.png'}, 'content': 'お散歩\n\n![image](https://img.membit.ai/v2/66bf9c88-f3ce-055e-bf40-d97c803cd740.jpeg)', 'url': 'https://x.com/Kuzebk201/status/2004691843221782698', 'timestamp': '2025-12-26T23:12:35Z', 'engagement': {'likes': 598, 'replies': 0, 'retweets': 104}, 'mentioned': None, 'search_score': 0.4347356129335842}]}
    [Membit] Found 10 posts
    [Tool] hold({"symbol": "BTC"})
  -> HOLD | 3 tools
[qwen-3-32b] (basic) - Portfolio: $9,991.29
    [Tool] get_portfolio({"symbol": "BTC"})
    [Tool] buy({"usd_amount": 1000, "symbol": "BTC"})
  -> BUY | 2 tools
[qwen-3-32b] (membit) - Portfolio: $9,994.56
    [Tool] get_portfolio({"symbol": "BTC"})
    [Tool] search_clusters({"query": "BTC", "limit": 5})
    [Membit] cluster_search('BTC') raw response: {'clusters': [{'label': 'Mezo Network $BTC DeFi Solutions', 'summary': "Mezo Network is developing a Bitcoin-native economic layer that enables productive use of BTC without wrapping, bridging, or diluting it. The platform offers various tools, including fixed-rate borrowing, a dollar-pegged stablecoin, and BitcoinFi apps, allowing users to lock their BTC and earn a sustainable yield. Mezo's approach prioritizes keeping BTC at the center of the system, enabling users to control their own 'onchain bank' and generate yield with minimal risk. The platform provides a fee-backed yield with a 100 BTC cap and 4% APY through its Prime Access program. Mezo Network has experienced significant growth, with $73 million in TVL and 300% growth in one month since Mezo Earn launched.", 'category': 'Crypto', 'engagement_score': 10192.89789320693, 'search_score': 0.9131251019093983}, {'label': '$BTC long-term holder selling and supply in loss', 'summary': "Long-term Bitcoin holders are selling at a loss, with 6.6 million BTC currently held at a loss, potentially leading to increased volatility and sell pressure, however historical data suggests it's not at a major top; over 7 million BTC are now below breakeven with unrealized losses at cycle highs.", 'category': 'Crypto', 'engagement_score': 2586.365737240122, 'search_score': 0.8173775709943605}, {'label': '$BTC Physical Investment', 'summary': 'The posts share stories of individuals holding onto physical Bitcoin bars, specifically Casascius bars, for years and selling them for significant profits. A 100 BTC bar bought for $500 in 2011 was sold in 2025 for $10 million. Another 1000 BTC gold bar was bought for $2000 and is now worth $87,831,000. The posts highlight the potential rewards of long-term investment in Bitcoin, with one investor turning a $500 risk into a $10 million reward.', 'category': 'Business & Finance', 'engagement_score': 12154.282479655296, 'search_score': 0.7174325463444566}, {'label': '$BTC Whale Accumulation', 'summary': 'Large Bitcoin whales are aggressively accumulating the cryptocurrency with entities holding over 1,000 BTC seeing a significant increase, buying $23,500,000,000 worth in recent weeks. Whales are adding exposure while sentiment remains shaky, typically a sign of momentum returning. Bitfinex whales are also adding $BTC long positions reaching a 2-year high.', 'category': 'Crypto', 'engagement_score': 6168.5323805133785, 'search_score': 0.5958720189669091}, {'label': '$BTC Locked Funds', 'summary': 'San Francisco programmer Stefan Thomas has over $620 million in Bitcoin locked on an IronKey USB drive. He was paid 7,002 BTC in 2011 for an educational video and lost the password in 2012. He has used 8 of his 10 allowed attempts to recall the password.', 'category': 'Crypto', 'engagement_score': 12451.65143280099, 'search_score': 0.5669716460341677}]}
    [Membit] Found 5 clusters
  -> no action | 2 tools

Saved: run_20251230_024643.json

====================================================================================================
  RUN SUMMARY - Actions Taken
====================================================================================================
Model                Mode     Action   Details                                                    Tools 
----------------------------------------------------------------------------------------------------
llama3.1-8b          basic    BUY      $5,000 @ $87,322 -> 0.057259 BTC                           2     
llama3.1-8b          membit   NONE     No trade executed                                          4     
llama-3.3-70b        basic    NONE     No trade executed                                          1     
llama-3.3-70b        membit   HOLD     Holding 0.057135 BTC ($4,989)                              3     
qwen-3-32b           basic    BUY      $1,000 @ $87,322 -> 0.011452 BTC                           2     
qwen-3-32b           membit   NONE     No trade executed                                          2     
====================================================================================================

============================================================
  LEADERBOARD (BTC)
============================================================
Config                         Value        P&L          Return    
----------------------------------------------------------------
1. llama3.1-8b (membit)         $  9,995.65 $     -4.35    -0.04%
2. qwen-3-32b (membit)          $  9,994.56 $     -5.44    -0.05%
3. qwen-3-32b (basic)           $  9,991.29 $     -8.71    -0.09%
4. llama3.1-8b (basic)          $  9,989.12 $    -10.88    -0.11%
5. llama-3.3-70b (basic)        $  9,989.12 $    -10.88    -0.11%
6. llama-3.3-70b (membit)       $  9,989.12 $    -10.88    -0.11%

  WINNER: llama3.1-8b (membit) with $-4.35 (-0.04%)

Next run at: 2025-12-30T03:46:43
Sleeping for 60 minutes...

############################################################
  RUN #3
############################################################

============================================================
  Trading Simulation Run: 2025-12-30T03:46:43.799856
  Symbol: BTC | Starting Capital: $10,000
============================================================

BTC Price: $87,130.05

[llama3.1-8b] (basic) - Portfolio: $9,967.16
    [Tool] get_portfolio({"symbol": "BTC"})
    [Tool] sell({"asset_amount": 0.1, "symbol": "BTC"})
  -> SELL | 2 tools
[llama3.1-8b] (membit) - Portfolio: $9,991.26
    [Tool] get_portfolio({"symbol": "BTC"})
    [Tool] search_posts({"query": "BTC price reversal", "limit": 10})
    [Membit] post_search('BTC price reversal') raw response: {'posts': [{'id': 879215726, 'uuid': 'f5e9f97e-f809-335e-ec41-660dc5a41f39', 'author': {'handle': '@GodsBurnt', 'name': 'Shibo', 'profile_image': 'https://img.membit.ai/v2/a4803c94-349c-6c3d-f3af-6aef48c7f260.jpeg'}, 'content': 'There are way too many people bearish right now \n\nI think crypto goes full parabolic \n\nLook at what happen to the Gold and Silver charts \n\nSimilar will happen to Bitcoin \n\nBTC will soar, top, then alt season begins', 'url': 'https://x.com/GodsBurnt/status/2004672358825767151', 'timestamp': '2025-12-26T21:55:10Z', 'engagement': {'likes': 263, 'replies': 106, 'retweets': 34}, 'mentioned': None, 'search_score': 0.5254621461719776}, {'id': 883596571, 'uuid': 'f2205332-b167-4f05-343b-3f1c381da500', 'author': {'handle': '@Bobby_1111888', 'name': 'Bobby A', 'profile_image': 'https://img.membit.ai/v2/904136fe-d96c-3a57-49aa-f7ed8a280acc.jpeg'}, 'content': "BTC is bottoming right before your very eyes, but you're bearish and poor. Have fun.", 'url': 'https://x.com/Bobby_1111888/status/2004942221947318553', 'timestamp': '2025-12-27T15:47:30Z', 'engagement': {'likes': 697, 'replies': 56, 'retweets': 30}, 'mentioned': None, 'search_score': 0.5057672389865477}, {'id': 884210878, 'uuid': 'd3f9bc9f-f25d-2ebf-b030-628437ebc725', 'author': {'handle': '@TheBTCTherapist', 'name': 'The ₿itcoin Therapist', 'profile_image': 'https://img.membit.ai/v2/d2591c6f-74be-7508-027f-02e340a015d3.jpeg'}, 'content': 'The reversal will be BIBLICAL.\n\n![image](https://img.membit.ai/v2/beb5f527-346d-dadb-725f-522b2f72de8c.jpeg)', 'url': 'https://x.com/TheBTCTherapist/status/2004986337137705240', 'timestamp': '2025-12-27T18:42:48Z', 'engagement': {'likes': 164, 'replies': 50, 'retweets': 25}, 'mentioned': {'id': 8884986, 'uuid': 'ffba5853-fe44-a498-f207-f17d8280c0da', 'author': {'handle': '@BitcoinNewsCom', 'name': 'Bitcoin News', 'profile_image': 'https://img.membit.ai/v2/dd966be4-57ba-207c-1413-766a0afa6a4b.jpeg'}, 'content': 'MARKETS: After this week’s parabolic move, Bitcoin has now given back all gains versus silver going back to 2017.\n\nWith silver near $80, the silver-implied Bitcoin power law trend price rises to roughly $394,000.\n\nAre we about to witness the greatest catch up trade of all time?', 'timestamp': '2025-12-27T18:38:54Z'}, 'search_score': 0.48847348968955917}, {'id': 890236368, 'uuid': 'a617f055-e89f-af0d-6042-ce67a5e44793', 'author': {'handle': '@Eljaboom', 'name': 'Elja ', 'profile_image': 'https://img.membit.ai/v2/372ec408-5d45-60a5-4aea-71c6768fdc1f.jpeg'}, 'content': 'Stocks ATH - \n\nSilver ATH - \n\nGold ATH - \n\n$BTC ATH - \n\nALTS ATH - WHEN?', 'url': 'https://x.com/Eljaboom/status/2005372431717032006', 'timestamp': '2025-12-28T20:17:00Z', 'engagement': {'likes': 326, 'replies': 132, 'retweets': 45}, 'mentioned': None, 'search_score': 0.4743874111329902}, {'id': 888597024, 'uuid': '1b129349-0bde-a7a8-72ef-cb92d6624a31', 'author': {'handle': '@drarjantit', 'name': 'Arjantit', 'profile_image': 'https://img.membit.ai/v2/3e3eced6-5128-7be9-ace1-811713da8922.jpeg'}, 'content': '$BTC structure is starting to lean south.\nLower highs. Lower lows.\n\nStay focused. Sometimes the trend flips when the chart does.\n\n![image](https://img.membit.ai/v2/bbdbcaff-b335-dd54-ba96-64a80d3701a7.jpeg)', 'url': 'https://x.com/drarjantit/status/2005275065844453490', 'timestamp': '2025-12-28T13:50:06Z', 'engagement': {'likes': 126, 'replies': 90, 'retweets': 10}, 'mentioned': None, 'search_score': 0.4671454104634627}, {'id': 883781111, 'uuid': 'dae0a591-2c7c-1302-23c0-66b4549e84d5', 'author': {'handle': '@PeterSchiff', 'name': 'Peter Schiff', 'profile_image': 'https://img.membit.ai/v2/4f2f7b1f-1801-666e-9b8e-827226ea98ec.jpeg'}, 'content': 'What is happening with silver may soon be happening with Bitcoin, only in reverse. But since markets tend to melt down faster than they melt up, the time frame for the move should be condensed.', 'url': 'https://x.com/PeterSchiff/status/2004962070576378251', 'timestamp': '2025-12-27T17:06:22Z', 'engagement': {'likes': 1772, 'replies': 462, 'retweets': 149}, 'mentioned': None, 'search_score': 0.4653445277129291}, {'id': 894518994, 'uuid': 'c7709156-8bd6-23b6-5368-34c199096693', 'author': {'handle': '@exitpumpBTC', 'name': 'exitpump', 'profile_image': 'https://img.membit.ai/v2/005357b6-015f-e313-ab44-75047665bfd7.jpeg'}, 'content': '$BTC Easy to spot reversal by looking at orderflow: \n\nSpot CVD starts to go down after pump, tells you about aggressive selling, plus, Coinbase discount is increasing which is another bearish sign, OI increased a lot, fresh positions, both shorts and longs, but because of strong\n\n![image](https://img.membit.ai/v2/73dd4c2f-513e-0e0f-e519-8884dde26c8d.jpeg)', 'url': 'https://x.com/exitpumpBTC/status/2005616414602785057', 'timestamp': '2025-12-29T12:26:30Z', 'engagement': {'likes': 220, 'replies': 22, 'retweets': 16}, 'mentioned': None, 'search_score': 0.45771502215776527}, {'id': 891407827, 'uuid': '4cbf826e-099e-6dbd-ea46-0b01ca7697d3', 'author': {'handle': '@inmortalcrypto', 'name': 'Inmortal', 'profile_image': 'https://img.membit.ai/v2/7dadbd10-ba91-b954-d819-4b7e1d4a48ea.jpeg'}, 'content': 'Rotation from Gold and Silver to $BTC\n\n2026.', 'url': 'https://x.com/inmortalcrypto/status/2005442145130619197', 'timestamp': '2025-12-29T00:54:01Z', 'engagement': {'likes': 380, 'replies': 33, 'retweets': 21}, 'mentioned': None, 'search_score': 0.45523140398938977}, {'id': 887877461, 'uuid': '76243cff-9162-0123-fd24-2303148c09a1', 'author': {'handle': '@MaxCrypto', 'name': 'Max Crypto', 'profile_image': 'https://img.membit.ai/v2/090960b2-879e-4040-ada0-f462883c526b.jpeg'}, 'content': '$BTC is looking bearish here.\n\nLower lows and lower highs.\n\nTime for a big dump.\n\n![image](https://img.membit.ai/v2/435aca85-5196-0aee-982b-bab418473cd2.png)', 'url': 'https://x.com/MaxCrypto/status/2005230898405618064', 'timestamp': '2025-12-28T10:54:36Z', 'engagement': {'likes': 748, 'replies': 174, 'retweets': 137}, 'mentioned': None, 'search_score': 0.45510951454486004}, {'id': 887948425, 'uuid': '2a0d02a5-5f18-1c6c-3b45-1bd8aaae5c80', 'author': {'handle': '@Crypto_Ed_NL', 'name': 'Ed_NL', 'profile_image': 'https://img.membit.ai/v2/64585f97-260d-8811-16e2-d963e492715a.jpeg'}, 'content': "If you have been following my BTC updates, you know that I'm expecting BTC to bounce and head back towards $100k. \n\nI'm seeing the same in many alt coins: bullish divergence on the Daily is suggesting a bounce/reversal sooner or later. \n\nSome random examples attached, but you\n\n![image](https://img.membit.ai/v2/15d1d603-6f07-706d-b0cb-d3d0bc637796.jpeg)\n\n![image](https://img.membit.ai/v2/c4cb67a2-a6ba-c686-d194-a869ec8013fd.jpeg)\n\n![image](https://img.membit.ai/v2/679a51a0-f879-fbd5-9d40-8f50e95dc3fe.jpeg)\n\n![image](https://img.membit.ai/v2/4adfd185-9207-0037-4a04-3715863215f1.jpeg)", 'url': 'https://x.com/Crypto_Ed_NL/status/2005216581459005600', 'timestamp': '2025-12-28T09:57:42Z', 'engagement': {'likes': 231, 'replies': 30, 'retweets': 22}, 'mentioned': None, 'search_score': 0.448093061120475}]}
    [Membit] Found 10 posts
    [Tool] search_clusters({"query": "BTC market news", "limit": 5})
    [Membit] cluster_search('BTC market news') raw response: {'clusters': [{'label': '$BTC bear market 2025', 'summary': 'The crypto market experienced a bear market in 2025, but it is almost over. Analysts and experts agree that 2025 was a bear market year, but a bull run is expected to begin in 2026. The crypto total market cap has been fluctuating, but the overall trend is expected to be bullish in the coming years. Some experts, such as Quinten, have shared their insights on the market, and others have reflected on their past predictions.', 'category': 'Crypto', 'engagement_score': 4292.8659277634815, 'search_score': 0.8795304278264362}, {'label': '$BTC price prediction and technical analysis', 'summary': 'Bitcoin is expected to experience a significant catch-up rally, with predictions of reaching $170K to $244,000, and is currently positioned for a major price increase based on market cycle psychology.', 'category': 'Crypto', 'engagement_score': 5291.112353760056, 'search_score': 0.8362768771718175}, {'label': 'Crypto Bear Market', 'summary': "The current market is experiencing a bear trend with cryptocurrency prices continuously falling, causing significant losses for investors. Some investors express frustration and doubt about the market, feeling that it's difficult to make money and that selling is not possible. Others believe the current market differs from past ones, noting that Bitcoin has started to rise.", 'category': 'Crypto', 'engagement_score': 12801.914607552579, 'search_score': 0.829473599624464}, {'label': 'Mezo Network $BTC DeFi Solutions', 'summary': "Mezo Network is developing a Bitcoin-native economic layer that enables productive use of BTC without wrapping, bridging, or diluting it. The platform offers various tools, including fixed-rate borrowing, a dollar-pegged stablecoin, and BitcoinFi apps, allowing users to lock their BTC and earn a sustainable yield. Mezo's approach prioritizes keeping BTC at the center of the system, enabling users to control their own 'onchain bank' and generate yield with minimal risk. The platform provides a fee-backed yield with a 100 BTC cap and 4% APY through its Prime Access program. Mezo Network has experienced significant growth, with $73 million in TVL and 300% growth in one month since Mezo Earn launched.", 'category': 'Crypto', 'engagement_score': 10001.480934710271, 'search_score': 0.8274116849421679}, {'label': '$BTC long-term holder selling and supply in loss', 'summary': "Long-term Bitcoin holders are selling at a loss, with 6.6 million BTC currently held at a loss, potentially leading to increased volatility and sell pressure, however historical data suggests it's not at a major top; over 7 million BTC are now below breakeven with unrealized losses at cycle highs.", 'category': 'Crypto', 'engagement_score': 2581.2812173743414, 'search_score': 0.8183505093030548}]}
    [Membit] Found 5 clusters
    [Tool] buy({"usd_amount": 8000, "symbol": "BTC"})
  -> BUY | 4 tools
[llama-3.3-70b] (basic) - Portfolio: $9,978.15
    [Tool] get_portfolio({"symbol": "BTC"})
    [Tool] hold({"symbol": "BTC"})
  -> HOLD | 2 tools
[llama-3.3-70b] (membit) - Portfolio: $9,978.15
    [Tool] get_portfolio({"symbol": "BTC"})
    [Tool] search_posts({"query": "BTC", "limit": 10})
    [Membit] post_search('BTC') raw response: {'posts': [{'id': 895235651, 'uuid': '2cb7648d-3d99-6e88-24e6-ba39ab340c46', 'author': {'handle': '@coingecko', 'name': 'CoinGecko', 'profile_image': 'https://img.membit.ai/v2/ee7990b1-344b-c1cd-e92e-50e8b4ac0e51.jpeg'}, 'content': 'GM', 'url': 'https://x.com/coingecko/status/2005672652006920561', 'timestamp': '2025-12-29T16:09:58Z', 'engagement': {'likes': 382, 'replies': 380, 'retweets': 14}, 'mentioned': None, 'search_score': 0.9330287326950143}, {'id': 888280252, 'uuid': 'd907a0ba-4d40-f2c8-5bcd-0cc005b8bb24', 'author': {'handle': '@yousef_ki1', 'name': 'Dr. Yousef 🇵🇸', 'profile_image': ''}, 'content': 'Boost', 'url': 'https://x.com/yousef_ki1/status/2005251011334885423', 'timestamp': '2025-12-28T12:14:31Z', 'engagement': {'likes': 1310, 'replies': 20, 'retweets': 265}, 'mentioned': None, 'search_score': 0.910484821680064}, {'id': 892886421, 'uuid': 'c3ec3c56-8535-4966-f055-10c15421d84f', 'author': {'handle': '@nacacaa_', 'name': 'nacaca', 'profile_image': 'https://pbs.twimg.com/profile_images/1877942254721196032/U-GHUwoj_normal.jpg'}, 'content': 'wow', 'url': 'https://x.com/nacacaa_/status/2005516727501885789', 'timestamp': '2025-12-29T05:50:23Z', 'engagement': {'likes': 190, 'replies': 119, 'retweets': 99}, 'mentioned': None, 'search_score': 0.888434312609427}, {'id': 893432882, 'uuid': 'e7d537c1-ad66-5fb4-53a9-73aa3b8b4836', 'author': {'handle': '@nacacaa_', 'name': 'nacaca', 'profile_image': 'https://pbs.twimg.com/profile_images/1877942254721196032/U-GHUwoj_normal.jpg'}, 'content': 'wow', 'url': 'https://x.com/nacacaa_/status/2005515514442084762', 'timestamp': '2025-12-29T05:45:33Z', 'engagement': {'likes': 132, 'replies': 121, 'retweets': 25}, 'mentioned': None, 'search_score': 0.8861426136901653}, {'id': 888540671, 'uuid': 'ba5fe996-3fe5-9163-9b34-9c35335ca0c2', 'author': {'handle': '@movie_tvshows_', 'name': 'Peak film moments', 'profile_image': 'https://img.membit.ai/v2/9c601f60-6556-637e-12b0-226e8705d01a.jpeg'}, 'content': 'Looper', 'url': 'https://x.com/movie_tvshows_/status/2005253648344051723', 'timestamp': '2025-12-28T12:25:00Z', 'engagement': {'likes': 2253, 'replies': 23, 'retweets': 83}, 'mentioned': None, 'search_score': 0.8835933985168255}, {'id': 885487420, 'uuid': 'fd177422-b7dc-9c06-acba-c41a552a50ac', 'author': {'handle': '@Asmongold', 'name': 'Zack', 'profile_image': 'https://img.membit.ai/v2/64b1f1fb-4470-2ab0-4714-5876597ccd5e.jpeg'}, 'content': 'same', 'url': 'https://x.com/Asmongold/status/2005030224287989826', 'timestamp': '2025-12-27T21:37:11Z', 'engagement': {'likes': 14703, 'replies': 426, 'retweets': 150}, 'mentioned': None, 'search_score': 0.8797417704192144}, {'id': 896030234, 'uuid': '9497a6fa-3f3c-0a19-1855-6ffe3fd10e8e', 'author': {'handle': '@elonmusk', 'name': 'Elon Musk', 'profile_image': 'https://img.membit.ai/v2/9d1aa8ee-8a8f-b3e7-fad9-1fc69956f2b9.jpeg'}, 'content': 'Yeah', 'url': 'https://x.com/elonmusk/status/2005724186103427087', 'timestamp': '2025-12-29T19:34:45Z', 'engagement': {'likes': 463, 'replies': 124, 'retweets': 46}, 'mentioned': None, 'search_score': 0.8541612583667232}, {'id': 895837140, 'uuid': 'a6c700ae-fee2-6dec-a93b-d833e627cc07', 'author': {'handle': '@elonmusk', 'name': 'Elon Musk', 'profile_image': 'https://img.membit.ai/v2/9d1aa8ee-8a8f-b3e7-fad9-1fc69956f2b9.jpeg'}, 'content': 'Wow', 'url': 'https://x.com/elonmusk/status/2005709924970775006', 'timestamp': '2025-12-29T18:38:05Z', 'engagement': {'likes': 989, 'replies': 144, 'retweets': 50}, 'mentioned': None, 'search_score': 0.822375099248982}, {'id': 895833619, 'uuid': '11781315-8cfc-91dc-bb7f-459049511cf0', 'author': {'handle': '@elonmusk', 'name': 'Elon Musk', 'profile_image': 'https://img.membit.ai/v2/9d1aa8ee-8a8f-b3e7-fad9-1fc69956f2b9.jpeg'}, 'content': 'Wow', 'url': 'https://x.com/elonmusk/status/2005709792082288697', 'timestamp': '2025-12-29T18:37:33Z', 'engagement': {'likes': 1941, 'replies': 211, 'retweets': 130}, 'mentioned': None, 'search_score': 0.822375099248982}, {'id': 892430299, 'uuid': '673ea07b-1b2d-497d-6940-18ca00041816', 'author': {'handle': '@JackPosobiec', 'name': 'Jack Posobiec', 'profile_image': 'https://pbs.twimg.com/profile_images/1980376023259590656/1PIV6lvg_normal.jpg'}, 'content': 'Hero', 'url': 'https://x.com/JackPosobiec/status/2005513519845036273', 'timestamp': '2025-12-29T05:37:38Z', 'engagement': {'likes': 1673, 'replies': 77, 'retweets': 180}, 'mentioned': None, 'search_score': 0.8192803500468608}]}
    [Membit] Found 10 posts
    [Tool] buy({"usd_amount": 1000, "symbol": "BTC"})
  -> BUY | 3 tools
[qwen-3-32b] (basic) - Portfolio: $9,980.32
    [Tool] get_portfolio({"symbol": "BTC"})
    [Tool] hold({"symbol": "BTC"})
  -> HOLD | 2 tools
[qwen-3-32b] (membit) - Portfolio: $9,989.07
    [Tool] get_portfolio({"symbol": "BTC"})
    [Tool] search_posts({"query": "BTC", "limit": 5})
    [Membit] post_search('BTC') raw response: {'posts': [{'id': 895235651, 'uuid': '2cb7648d-3d99-6e88-24e6-ba39ab340c46', 'author': {'handle': '@coingecko', 'name': 'CoinGecko', 'profile_image': 'https://img.membit.ai/v2/ee7990b1-344b-c1cd-e92e-50e8b4ac0e51.jpeg'}, 'content': 'GM', 'url': 'https://x.com/coingecko/status/2005672652006920561', 'timestamp': '2025-12-29T16:09:58Z', 'engagement': {'likes': 382, 'replies': 380, 'retweets': 14}, 'mentioned': None, 'search_score': 0.9330287326950143}, {'id': 888280252, 'uuid': 'd907a0ba-4d40-f2c8-5bcd-0cc005b8bb24', 'author': {'handle': '@yousef_ki1', 'name': 'Dr. Yousef 🇵🇸', 'profile_image': ''}, 'content': 'Boost', 'url': 'https://x.com/yousef_ki1/status/2005251011334885423', 'timestamp': '2025-12-28T12:14:31Z', 'engagement': {'likes': 1310, 'replies': 20, 'retweets': 265}, 'mentioned': None, 'search_score': 0.910484821680064}, {'id': 892886421, 'uuid': 'c3ec3c56-8535-4966-f055-10c15421d84f', 'author': {'handle': '@nacacaa_', 'name': 'nacaca', 'profile_image': 'https://pbs.twimg.com/profile_images/1877942254721196032/U-GHUwoj_normal.jpg'}, 'content': 'wow', 'url': 'https://x.com/nacacaa_/status/2005516727501885789', 'timestamp': '2025-12-29T05:50:23Z', 'engagement': {'likes': 190, 'replies': 119, 'retweets': 99}, 'mentioned': None, 'search_score': 0.888434312609427}, {'id': 893432882, 'uuid': 'e7d537c1-ad66-5fb4-53a9-73aa3b8b4836', 'author': {'handle': '@nacacaa_', 'name': 'nacaca', 'profile_image': 'https://pbs.twimg.com/profile_images/1877942254721196032/U-GHUwoj_normal.jpg'}, 'content': 'wow', 'url': 'https://x.com/nacacaa_/status/2005515514442084762', 'timestamp': '2025-12-29T05:45:33Z', 'engagement': {'likes': 132, 'replies': 121, 'retweets': 25}, 'mentioned': None, 'search_score': 0.8861426136901653}, {'id': 888540671, 'uuid': 'ba5fe996-3fe5-9163-9b34-9c35335ca0c2', 'author': {'handle': '@movie_tvshows_', 'name': 'Peak film moments', 'profile_image': 'https://img.membit.ai/v2/9c601f60-6556-637e-12b0-226e8705d01a.jpeg'}, 'content': 'Looper', 'url': 'https://x.com/movie_tvshows_/status/2005253648344051723', 'timestamp': '2025-12-28T12:25:00Z', 'engagement': {'likes': 2253, 'replies': 23, 'retweets': 83}, 'mentioned': None, 'search_score': 0.8835933985168255}]}
    [Membit] Found 5 posts
    [Tool] search_clusters({"query": "crypto", "limit": 3})
    [Membit] cluster_search('crypto') raw response: {'clusters': [{'label': 'Cryptocurrency Financial Insights', 'summary': 'The posts discuss various aspects of the cryptocurrency market, including the challenges of investing in crypto, the potential of certain cryptocurrencies like $DOG, and the evolution of the industry. Some users share their insights and predictions, while others comment on the current state of the market. The conversation touches on the idea of a new era in crypto and the potential for certain cryptocurrencies to become iconic meme assets.', 'category': 'Crypto', 'engagement_score': 4999.692747240348, 'search_score': 0.8260386730782796}, {'label': '2026 Crypto Predictions and Trends', 'summary': 'Crypto enthusiasts share their predictions for 2026, with many referencing a timeline of past crypto trends from 2009 to 2025, and speculating on the next big thing, including DeFi, AI, Memes, and more.', 'category': 'Crypto', 'engagement_score': 4109.013630747092, 'search_score': 0.8116514322811716}, {'label': 'Kolo Crypto Card Solutions', 'summary': 'Kolo is a crypto card solution allowing users to spend cryptocurrency like regular money globally, with instant conversion to fiat, cashback rewards in Bitcoin, and seamless integration with daily routines.', 'category': 'Crypto', 'engagement_score': 2504.1030659479566, 'search_score': 0.7833506795952915}]}
    [Membit] Found 3 clusters
    [Tool] get_cluster_info({"cluster_label": "Macro-economic Correlations", "limit": 5})
  -> no action | 4 tools

Saved: run_20251230_034729.json

====================================================================================================
  RUN SUMMARY - Actions Taken
====================================================================================================
Model                Mode     Action   Details                                                    Tools 
----------------------------------------------------------------------------------------------------
llama3.1-8b          basic    SELL     Sold 0.100000 BTC -> $8,713, remaining: 0.014394 ($1,254   2     
llama3.1-8b          membit   BUY      $8,000 @ $87,130 -> 0.091817 BTC                           4     
llama-3.3-70b        basic    HOLD     Holding 0.057135 BTC ($4,978)                              2     
llama-3.3-70b        membit   BUY      $1,000 @ $87,130 -> 0.011477 BTC                           3     
qwen-3-32b           basic    HOLD     Holding 0.057160 BTC ($4,980)                              2     
qwen-3-32b           membit   NONE     No trade executed                                          4     
====================================================================================================

============================================================
  LEADERBOARD (BTC)
============================================================
Config                         Value        P&L          Return    
----------------------------------------------------------------
1. llama3.1-8b (membit)         $  9,991.26 $     -8.74    -0.09%
2. qwen-3-32b (membit)          $  9,989.07 $    -10.93    -0.11%
3. qwen-3-32b (basic)           $  9,980.32 $    -19.68    -0.20%
4. llama-3.3-70b (basic)        $  9,978.15 $    -21.85    -0.22%
5. llama-3.3-70b (membit)       $  9,978.15 $    -21.85    -0.22%
6. llama3.1-8b (basic)          $  9,967.16 $    -32.84    -0.33%

  WINNER: llama3.1-8b (membit) with $-8.74 (-0.09%)

Next run at: 2025-12-30T04:47:29
Sleeping for 60 minutes...

############################################################
  RUN #4
############################################################

============================================================
  Trading Simulation Run: 2025-12-30T04:47:29.625226
  Symbol: BTC | Starting Capital: $10,000
============================================================

BTC Price: $87,229.91

[llama3.1-8b] (basic) - Portfolio: $9,968.60
    [Tool] get_portfolio({"symbol": "BTC"})
    [Tool] get_portfolio({"symbol": "BTC"})
    [Tool] get_portfolio({"symbol": "BTC"})
    [Tool] buy({"usd_amount": 1000.0, "symbol": "BTC"})
  -> BUY | 4 tools
[llama3.1-8b] (membit) - Portfolio: $10,002.71
    [Tool] get_portfolio({"symbol": "BTC"})
  -> no action | 1 tools
[llama-3.3-70b] (basic) - Portfolio: $9,983.85
    [Tool] get_portfolio({"symbol": "BTC"})
    [Tool] buy({"usd_amount": 2500.0, "symbol": "BTC"})
  -> BUY | 2 tools
[llama-3.3-70b] (membit) - Portfolio: $9,985.00
    [Tool] get_portfolio({"symbol": "BTC"})
    [Tool] search_posts({"query": "BTC market sentiment", "limit": 10})
    [Membit] post_search('BTC market sentiment') raw response: {'posts': [{'id': 879215726, 'uuid': 'f5e9f97e-f809-335e-ec41-660dc5a41f39', 'author': {'handle': '@GodsBurnt', 'name': 'Shibo', 'profile_image': 'https://img.membit.ai/v2/a4803c94-349c-6c3d-f3af-6aef48c7f260.jpeg'}, 'content': 'There are way too many people bearish right now \n\nI think crypto goes full parabolic \n\nLook at what happen to the Gold and Silver charts \n\nSimilar will happen to Bitcoin \n\nBTC will soar, top, then alt season begins', 'url': 'https://x.com/GodsBurnt/status/2004672358825767151', 'timestamp': '2025-12-26T21:55:10Z', 'engagement': {'likes': 263, 'replies': 106, 'retweets': 34}, 'mentioned': None, 'search_score': 0.5310403101608703}, {'id': 895486765, 'uuid': 'd17daff1-5184-2219-f062-06f2de48fb93', 'author': {'handle': '@AdamBLiv', 'name': 'Adam Livingston', 'profile_image': 'https://img.membit.ai/v2/b76b733c-c3f9-08a3-2364-9eb8c56e83cb.jpeg'}, 'content': "There is literally zero reason to be bearish on Bitcoin.\n\nIf you are, you don't understand it enough.\n\nGet back to work.", 'url': 'https://x.com/AdamBLiv/status/2005675731284795412', 'timestamp': '2025-12-29T16:22:12Z', 'engagement': {'likes': 250, 'replies': 51, 'retweets': 17}, 'mentioned': None, 'search_score': 0.5207178483909664}, {'id': 883596571, 'uuid': 'f2205332-b167-4f05-343b-3f1c381da500', 'author': {'handle': '@Bobby_1111888', 'name': 'Bobby A', 'profile_image': 'https://img.membit.ai/v2/904136fe-d96c-3a57-49aa-f7ed8a280acc.jpeg'}, 'content': "BTC is bottoming right before your very eyes, but you're bearish and poor. Have fun.", 'url': 'https://x.com/Bobby_1111888/status/2004942221947318553', 'timestamp': '2025-12-27T15:47:30Z', 'engagement': {'likes': 697, 'replies': 56, 'retweets': 30}, 'mentioned': None, 'search_score': 0.49864366410748784}, {'id': 884375682, 'uuid': '3a1a60be-899f-a0c9-37d7-a418104fb0a0', 'author': {'handle': '@AshCrypto', 'name': 'Ash Crypto', 'profile_image': 'https://img.membit.ai/v2/3ef3b124-f6ef-9f31-b334-347c6328b23e.jpeg'}, 'content': 'This is the worst sentiment I have ever seen in crypto and I have seen a lot of shit since 2016.', 'url': 'https://x.com/AshCrypto/status/2005002810325352662', 'timestamp': '2025-12-27T19:48:15Z', 'engagement': {'likes': 1307, 'replies': 339, 'retweets': 83}, 'mentioned': None, 'search_score': 0.4849307898644395}, {'id': 894866410, 'uuid': '7677f0ad-8796-2aa1-4b2b-ad002cdb79b2', 'author': {'handle': '@cyrilXBT', 'name': 'CyrilXBT', 'profile_image': 'https://img.membit.ai/v2/27376cd5-5ee1-77b7-f078-5080c767f9fc.jpeg'}, 'content': 'Well I guess not $BTC \n\n![image](https://img.membit.ai/v2/d13a310f-c322-dca0-29ce-05dddf157828.jpeg)\n\n![image](https://img.membit.ai/v2/5f286eb0-14ef-643e-cbf9-2203deebd099.jpeg)', 'url': 'https://x.com/cyrilXBT/status/2005629089714233707', 'timestamp': '2025-12-29T13:16:52Z', 'engagement': {'likes': 70, 'replies': 7, 'retweets': 11}, 'mentioned': {'id': 8976405, 'uuid': '1c494f9d-23ac-b966-616e-157c0704f86b', 'author': {'handle': '@cyrilXBT', 'name': 'CyrilXBT', 'profile_image': 'https://img.membit.ai/v2/27376cd5-5ee1-77b7-f078-5080c767f9fc.jpeg'}, 'content': '$BTC is sitting at $87,523. We are in "Extreme Fear" (Index: 20).\n\n> After that $126k tease in October, the grind down has been painful.\n\nTime is currently a bigger source of pain than price. If we lose $84k, the floor drops.', 'timestamp': '2025-12-28T01:49:03Z'}, 'search_score': 0.47351865644524604}, {'id': 884559141, 'uuid': '2c088da8-9d5e-333e-0f4b-132cc36d47c8', 'author': {'handle': '@Bitcoinprof0637', 'name': 'Bitcoin professor', 'profile_image': ''}, 'content': 'Another day. \n\nExtreme fear again. \n\nInsanely bad sentiment for Crypto. https://t.co/y6mZXUP2Ae', 'url': 'https://x.com/Bitcoinprof0637/status/2005014296833520042', 'timestamp': '2025-12-27T20:33:54Z', 'engagement': {'likes': 68, 'replies': 16, 'retweets': 25}, 'mentioned': None, 'search_score': 0.46379692618211865}, {'id': 891598674, 'uuid': 'e58fdfa9-4c87-3562-57b7-10356e0a4fb0', 'author': {'handle': '@Bitcoin_Teddy', 'name': 'Bitcoin Teddy', 'profile_image': ''}, 'content': 'BUY #BITCOIN NOW https://t.co/2pvHaZD552', 'url': 'https://x.com/Bitcoin_Teddy/status/2005460511459312109', 'timestamp': '2025-12-29T02:07:00Z', 'engagement': {'likes': 129, 'replies': 25, 'retweets': 8}, 'mentioned': None, 'search_score': 0.46024205155005626}, {'id': 895492595, 'uuid': 'e60c1777-560e-a198-1a73-6e162bbef3ad', 'author': {'handle': '@LarkDavis', 'name': 'Lark Davis', 'profile_image': 'https://img.membit.ai/v2/a46be407-f859-c259-5ec2-1764e1c9a7ab.jpeg'}, 'content': 'The only fear is have is not having enough Bitcoin.', 'url': 'https://x.com/LarkDavis/status/2005684768025739312', 'timestamp': '2025-12-29T16:58:07Z', 'engagement': {'likes': 192, 'replies': 101, 'retweets': 13}, 'mentioned': None, 'search_score': 0.45929144737052874}, {'id': 881999289, 'uuid': '769f69da-65a0-10fd-a50c-84e225aa86d2', 'author': {'handle': '@Meowth_BTC', 'name': 'ニャース', 'profile_image': 'https://img.membit.ai/v2/7623b1e4-d805-d9fe-b9b3-8958c803e784.jpeg'}, 'content': '現在\n１BTC←うおお！すげえ！超羨ましい！\n0.1BTC←良いね\n\n10年後\n0.1BTC←うおお！すげえ！超羨ましい！\n0.01BTC←良いね\n\n20年後\n0.01BTC←うおお！すげえ！超羨ましい！\n0.001BTC←良いね\n\n本気でこうなると思ってるニャー！', 'url': 'https://x.com/Meowth_BTC/status/2004779273404781039', 'timestamp': '2025-12-27T05:00:00Z', 'engagement': {'likes': 791, 'replies': 29, 'retweets': 30}, 'mentioned': None, 'search_score': 0.45764692842879373}, {'id': 890236368, 'uuid': 'a617f055-e89f-af0d-6042-ce67a5e44793', 'author': {'handle': '@Eljaboom', 'name': 'Elja ', 'profile_image': 'https://img.membit.ai/v2/372ec408-5d45-60a5-4aea-71c6768fdc1f.jpeg'}, 'content': 'Stocks ATH - \n\nSilver ATH - \n\nGold ATH - \n\n$BTC ATH - \n\nALTS ATH - WHEN?', 'url': 'https://x.com/Eljaboom/status/2005372431717032006', 'timestamp': '2025-12-28T20:17:00Z', 'engagement': {'likes': 333, 'replies': 132, 'retweets': 45}, 'mentioned': None, 'search_score': 0.4538411072417372}]}
    [Membit] Found 10 posts
    [Tool] buy({"usd_amount": 2000, "symbol": "BTC"})
  -> BUY | 3 tools
[qwen-3-32b] (basic) - Portfolio: $9,986.03
    [Tool] get_portfolio({"symbol": "BTC"})
    [Tool] hold({"symbol": "BTC"})
  -> HOLD | 2 tools
[qwen-3-32b] (membit) - Portfolio: $9,991.93
    [Tool] get_portfolio({"symbol": "BTC"})
    [Tool] search_clusters({"query": "BTC", "limit": 5})
    [Membit] cluster_search('BTC') raw response: {'clusters': [{'label': 'Mezo Network $BTC DeFi Solutions', 'summary': "Mezo Network is developing a Bitcoin-native economic layer that enables productive use of BTC without wrapping, bridging, or diluting it. The platform offers various tools, including fixed-rate borrowing, a dollar-pegged stablecoin, and BitcoinFi apps, allowing users to lock their BTC and earn a sustainable yield. Mezo's approach prioritizes keeping BTC at the center of the system, enabling users to control their own 'onchain bank' and generate yield with minimal risk. The platform provides a fee-backed yield with a 100 BTC cap and 4% APY through its Prime Access program. Mezo Network has experienced significant growth, with $73 million in TVL and 300% growth in one month since Mezo Earn launched.", 'category': 'Crypto', 'engagement_score': 7878.100134996612, 'search_score': 0.9131251019093983}, {'label': '$BTC long-term holder selling and supply in loss', 'summary': "Long-term Bitcoin holders are selling at a loss, with 6.6 million BTC currently held at a loss, potentially leading to increased volatility and sell pressure, however historical data suggests it's not at a major top; over 7 million BTC are now below breakeven with unrealized losses at cycle highs.", 'category': 'Crypto', 'engagement_score': 2567.2321191426045, 'search_score': 0.8113999589265359}, {'label': '$BTC Physical Investment', 'summary': 'The posts share stories of individuals holding onto physical Bitcoin bars, specifically Casascius bars, for years and selling them for significant profits. A 100 BTC bar bought for $500 in 2011 was sold in 2025 for $10 million. Another 1000 BTC gold bar was bought for $2000 and is now worth $87,831,000. The posts highlight the potential rewards of long-term investment in Bitcoin, with one investor turning a $500 risk into a $10 million reward.', 'category': 'Business & Finance', 'engagement_score': 11943.687683510516, 'search_score': 0.7095873420056469}, {'label': '$BTC Whale Accumulation', 'summary': 'Large Bitcoin whales are aggressively accumulating the cryptocurrency with entities holding over 1,000 BTC seeing a significant increase, buying $23,500,000,000 worth in recent weeks. Whales are adding exposure while sentiment remains shaky, typically a sign of momentum returning. Bitfinex whales are also adding $BTC long positions reaching a 2-year high.', 'category': 'Crypto', 'engagement_score': 6340.129644724331, 'search_score': 0.5902618027982565}, {'label': '$BTC Locked Funds', 'summary': 'San Francisco programmer Stefan Thomas has over $620 million in Bitcoin locked on an IronKey USB drive. He was paid 7,002 BTC in 2011 for an educational video and lost the password in 2012. He has used 8 of his 10 allowed attempts to recall the password.', 'category': 'Crypto', 'engagement_score': 13675.9433249287, 'search_score': 0.5613408270240677}]}
    [Membit] Found 5 clusters
    [Tool] buy({"usd_amount": 750, "symbol": "BTC"})
  -> BUY | 3 tools

Saved: run_20251230_044756.json

====================================================================================================
  RUN SUMMARY - Actions Taken
====================================================================================================
Model                Mode     Action   Details                                                    Tools 
----------------------------------------------------------------------------------------------------
llama3.1-8b          basic    BUY      $1,000 @ $87,230 -> 0.011464 BTC                           4     
llama3.1-8b          membit   NONE     No trade executed                                          1     
llama-3.3-70b        basic    BUY      $2,500 @ $87,230 -> 0.028660 BTC                           2     
llama-3.3-70b        membit   BUY      $2,000 @ $87,230 -> 0.022928 BTC                           3     
qwen-3-32b           basic    HOLD     Holding 0.057160 BTC ($4,986)                              2     
qwen-3-32b           membit   BUY      $750 @ $87,230 -> 0.008598 BTC                             3     
====================================================================================================

============================================================
  LEADERBOARD (BTC)
============================================================
Config                         Value        P&L          Return    
----------------------------------------------------------------
1. llama3.1-8b (membit)         $ 10,002.71 $     +2.71    +0.03%
2. qwen-3-32b (membit)          $  9,991.93 $     -8.07    -0.08%
3. qwen-3-32b (basic)           $  9,986.03 $    -13.97    -0.14%
4. llama-3.3-70b (membit)       $  9,985.00 $    -15.00    -0.15%
5. llama-3.3-70b (basic)        $  9,983.85 $    -16.15    -0.16%
6. llama3.1-8b (basic)          $  9,968.60 $    -31.40    -0.31%

  WINNER: llama3.1-8b (membit) with $+2.71 (+0.03%)

Next run at: 2025-12-30T05:47:56
Sleeping for 60 minutes...

############################################################
  RUN #5
############################################################

============================================================
  Trading Simulation Run: 2025-12-30T05:47:56.229581
  Symbol: BTC | Starting Capital: $10,000
============================================================

BTC Price: $87,246.88

[llama3.1-8b] (basic) - Portfolio: $9,969.03
    [Tool] get_portfolio({"symbol": "BTC"})
    [Tool] get_portfolio({"symbol": "BTC"})
    [Tool] buy({"usd_amount": 3085.2, "symbol": "BTC"})
  -> BUY | 3 tools
[llama3.1-8b] (membit) - Portfolio: $10,004.66
    [Tool] get_portfolio({"symbol": "BTC"})
    [Tool] get_portfolio({"symbol": "BTC"})
    [Tool] search_posts({"query": "BTC", "limit": 10})
    [Membit] post_search('BTC') raw response: {'posts': [{'id': 895235651, 'uuid': '2cb7648d-3d99-6e88-24e6-ba39ab340c46', 'author': {'handle': '@coingecko', 'name': 'CoinGecko', 'profile_image': 'https://img.membit.ai/v2/ee7990b1-344b-c1cd-e92e-50e8b4ac0e51.jpeg'}, 'content': 'GM', 'url': 'https://x.com/coingecko/status/2005672652006920561', 'timestamp': '2025-12-29T16:09:58Z', 'engagement': {'likes': 407, 'replies': 396, 'retweets': 13}, 'mentioned': None, 'search_score': 0.9330287326950143}, {'id': 888280252, 'uuid': 'd907a0ba-4d40-f2c8-5bcd-0cc005b8bb24', 'author': {'handle': '@yousef_ki1', 'name': 'Dr. Yousef 🇵🇸', 'profile_image': ''}, 'content': 'Boost', 'url': 'https://x.com/yousef_ki1/status/2005251011334885423', 'timestamp': '2025-12-28T12:14:31Z', 'engagement': {'likes': 1310, 'replies': 20, 'retweets': 265}, 'mentioned': None, 'search_score': 0.910484821680064}, {'id': 892886421, 'uuid': 'c3ec3c56-8535-4966-f055-10c15421d84f', 'author': {'handle': '@nacacaa_', 'name': 'nacaca', 'profile_image': 'https://pbs.twimg.com/profile_images/1877942254721196032/U-GHUwoj_normal.jpg'}, 'content': 'wow', 'url': 'https://x.com/nacacaa_/status/2005516727501885789', 'timestamp': '2025-12-29T05:50:23Z', 'engagement': {'likes': 200, 'replies': 121, 'retweets': 109}, 'mentioned': None, 'search_score': 0.888434312609427}, {'id': 893432882, 'uuid': 'e7d537c1-ad66-5fb4-53a9-73aa3b8b4836', 'author': {'handle': '@nacacaa_', 'name': 'nacaca', 'profile_image': 'https://pbs.twimg.com/profile_images/1877942254721196032/U-GHUwoj_normal.jpg'}, 'content': 'wow', 'url': 'https://x.com/nacacaa_/status/2005515514442084762', 'timestamp': '2025-12-29T05:45:33Z', 'engagement': {'likes': 132, 'replies': 121, 'retweets': 25}, 'mentioned': None, 'search_score': 0.8861426136901653}, {'id': 888540671, 'uuid': 'ba5fe996-3fe5-9163-9b34-9c35335ca0c2', 'author': {'handle': '@movie_tvshows_', 'name': 'Peak film moments', 'profile_image': 'https://img.membit.ai/v2/9c601f60-6556-637e-12b0-226e8705d01a.jpeg'}, 'content': 'Looper', 'url': 'https://x.com/movie_tvshows_/status/2005253648344051723', 'timestamp': '2025-12-28T12:25:00Z', 'engagement': {'likes': 2253, 'replies': 23, 'retweets': 83}, 'mentioned': None, 'search_score': 0.8835933985168255}, {'id': 885487420, 'uuid': 'fd177422-b7dc-9c06-acba-c41a552a50ac', 'author': {'handle': '@Asmongold', 'name': 'Zack', 'profile_image': 'https://img.membit.ai/v2/64b1f1fb-4470-2ab0-4714-5876597ccd5e.jpeg'}, 'content': 'same', 'url': 'https://x.com/Asmongold/status/2005030224287989826', 'timestamp': '2025-12-27T21:37:11Z', 'engagement': {'likes': 14703, 'replies': 426, 'retweets': 150}, 'mentioned': None, 'search_score': 0.8797417704192144}, {'id': 896177968, 'uuid': '53188ba3-6ac6-8ac7-4e31-fedcd74850d5', 'author': {'handle': '@elonmusk', 'name': 'Elon Musk', 'profile_image': 'https://img.membit.ai/v2/9d1aa8ee-8a8f-b3e7-fad9-1fc69956f2b9.jpeg'}, 'content': 'Yeah', 'url': 'https://x.com/elonmusk/status/2005734535640801302', 'timestamp': '2025-12-29T20:15:52Z', 'engagement': {'likes': 1527, 'replies': 175, 'retweets': 98}, 'mentioned': None, 'search_score': 0.8568852844875835}, {'id': 896030234, 'uuid': '9497a6fa-3f3c-0a19-1855-6ffe3fd10e8e', 'author': {'handle': '@elonmusk', 'name': 'Elon Musk', 'profile_image': 'https://img.membit.ai/v2/9d1aa8ee-8a8f-b3e7-fad9-1fc69956f2b9.jpeg'}, 'content': 'Yeah', 'url': 'https://x.com/elonmusk/status/2005724186103427087', 'timestamp': '2025-12-29T19:34:45Z', 'engagement': {'likes': 1825, 'replies': 161, 'retweets': 46}, 'mentioned': None, 'search_score': 0.8541612583667232}, {'id': 895793244, 'uuid': '1dbfd81d-4190-84b7-9d4b-56e070a3fd5c', 'author': {'handle': '@HalfLife3Out', 'name': 'Is Half-Life 3 Out?', 'profile_image': 'https://img.membit.ai/v2/44591b32-de1c-1d73-ad65-3476eb7b0010.jpeg'}, 'content': 'no', 'url': 'https://x.com/HalfLife3Out/status/2005702229320462406', 'timestamp': '2025-12-29T18:07:30Z', 'engagement': {'likes': 484, 'replies': 22, 'retweets': 26}, 'mentioned': None, 'search_score': 0.8466451943448288}, {'id': 895833619, 'uuid': '11781315-8cfc-91dc-bb7f-459049511cf0', 'author': {'handle': '@elonmusk', 'name': 'Elon Musk', 'profile_image': 'https://img.membit.ai/v2/9d1aa8ee-8a8f-b3e7-fad9-1fc69956f2b9.jpeg'}, 'content': 'Wow', 'url': 'https://x.com/elonmusk/status/2005709792082288697', 'timestamp': '2025-12-29T18:37:33Z', 'engagement': {'likes': 3121, 'replies': 223, 'retweets': 169}, 'mentioned': None, 'search_score': 0.822375099248982}]}
    [Membit] Found 10 posts
    [Tool] buy({"usd_amount": 1000.0, "symbol": "BTC"})
    [Tool] search_clusters({"query": "BTC market", "limit": 10})
    [Membit] cluster_search('BTC market') raw response: {'clusters': [{'label': '$BTC bear market 2025', 'summary': 'The crypto market is nearing the end of its 2025 bear market, with predictions of a 2026 bull market that will create new millionaires. Analysts are closely watching the total crypto market cap, which is currently consolidating within a descending triangle pattern. Some predict a breakout will lead to a bull run, while others note that stablecoin dominance is approaching resistance, indicating a potential shift in capital flows. The market is expected to move significantly in the coming days, with some predicting a decisive move will be made within 10 days.', 'category': 'Crypto', 'engagement_score': 8154.767403569154, 'search_score': 0.9025270896089783}, {'label': 'Crypto Bear Market', 'summary': "The current market is experiencing a bear trend with cryptocurrency prices continuously falling, causing significant losses for investors. Some investors express frustration and doubt about the market, feeling that it's difficult to make money and that selling is not possible. Others believe the current market differs from past ones, noting that Bitcoin has started to rise.", 'category': 'Crypto', 'engagement_score': 12809.664912223374, 'search_score': 0.8072816175339387}, {'label': '$BTC price predictions', 'summary': "Multiple financial experts and CEOs predict Bitcoin's price to reach as high as $1,000,000, citing factors such as influx of new buyers, changed market structure, and supply and demand imbalances.", 'category': 'Crypto', 'engagement_score': 5890.450468024522, 'search_score': 0.803071310040966}, {'label': 'Mezo Network $BTC DeFi Solutions', 'summary': "Mezo Network is developing a Bitcoin-native economic layer that enables productive use of BTC without wrapping, bridging, or diluting it. The platform offers various tools, including fixed-rate borrowing, a dollar-pegged stablecoin, and BitcoinFi apps, allowing users to lock their BTC and earn a sustainable yield. Mezo's approach prioritizes keeping BTC at the center of the system, enabling users to control their own 'onchain bank' and generate yield with minimal risk. The platform provides a fee-backed yield with a 100 BTC cap and 4% APY through its Prime Access program. Mezo Network has experienced significant growth, with $73 million in TVL and 300% growth in one month since Mezo Earn launched.", 'category': 'Crypto', 'engagement_score': 9043.27436150209, 'search_score': 0.7975936228267432}, {'label': '$BTC price prediction and technical analysis', 'summary': 'Bitcoin is expected to experience a significant catch-up rally, with predictions of reaching $170K to $244,000, and is currently positioned for a major price increase based on market cycle psychology.', 'category': 'Crypto', 'engagement_score': 5570.1607863778, 'search_score': 0.7784040754453544}, {'label': 'Lombard Finance $BTC Investment Strategy', 'summary': "Lombard Finance is working to transform Bitcoin from a passive asset into a productive one by providing pathways for it to move, settle, and earn across various markets. They offer a yield-bearing version of Bitcoin called LBTC, which allows users to bridge their BTC and automatically put it to work. This approach aims to make Bitcoin function in DeFi and turn it into something that can actively generate yield. Lombard's goal is to give Bitcoin holders the ability to use their assets more efficiently, providing a more productive alternative to simply holding onto it.", 'category': 'Business & Finance', 'engagement_score': 2325.8149997554788, 'search_score': 0.769167096042447}, {'label': 'Binance and Wintermute $BTC market manipulation', 'summary': 'Major cryptocurrency exchanges including Binance, Coinbase, and Wintermute, have been accused of coordinated market manipulation of Bitcoin, allegedly pumping and dumping to liquidate shorts and longs, particularly during low liquidity periods, resulting in significant price movements and millions in liquidations.', 'category': 'Crypto', 'engagement_score': 13672.965263062884, 'search_score': 0.7615675624927656}, {'label': '$BTC long-term holder selling', 'summary': "There are conflicting reports on long-term Bitcoin holders' selling activity, with one indicating a massive sell-off of $300B worth of BTC in 2025, causing a 32% price drop, and another stating that long-term holders sold only 2.7K BTC in a day, the lowest in 2025, with the spot price around $87.8K.", 'category': 'Crypto', 'engagement_score': 7212.470025831008, 'search_score': 0.7495622312252797}, {'label': '$BTC long-term holder selling and supply in loss', 'summary': "Long-term Bitcoin holders are selling at a loss, with 6.6 million BTC currently held at a loss, potentially leading to increased volatility and sell pressure, however historical data suggests it's not at a major top; over 7 million BTC are now below breakeven with unrealized losses at cycle highs.", 'category': 'Crypto', 'engagement_score': 2551.080187211562, 'search_score': 0.7494992514521502}, {'label': 'Bitcoin Real Yield Solutions', 'summary': 'IXS Finance offers a BTC Real Yield solution allowing Bitcoin holders to earn 4-10% from US Treasuries while keeping their BTC. The solution involves a 0% interest, non-recourse loan structure licensed under the DARE Act. This approach focuses on compatibility and regulated infrastructure, allowing BTC to remain sovereign without wrapping or transforming into other tokens. The narrative emphasizes that 99.85% of Bitcoin currently earns nothing, and IXS aims to change this by providing a yield as an overlay, not a transformation.', 'category': 'Crypto', 'engagement_score': 1481.4606527512656, 'search_score': 0.7470197016823978}]}
    [Membit] Found 10 clusters
    [Tool] search_posts({"query": "BTC market prediction", "limit": 20})
    [Membit] post_search('BTC market prediction') raw response: {'posts': [{'id': 883596571, 'uuid': 'f2205332-b167-4f05-343b-3f1c381da500', 'author': {'handle': '@Bobby_1111888', 'name': 'Bobby A', 'profile_image': 'https://img.membit.ai/v2/904136fe-d96c-3a57-49aa-f7ed8a280acc.jpeg'}, 'content': "BTC is bottoming right before your very eyes, but you're bearish and poor. Have fun.", 'url': 'https://x.com/Bobby_1111888/status/2004942221947318553', 'timestamp': '2025-12-27T15:47:30Z', 'engagement': {'likes': 697, 'replies': 56, 'retweets': 30}, 'mentioned': None, 'search_score': 0.5403437276276776}, {'id': 879394389, 'uuid': '6d37500c-63b0-d818-b231-11c2ab0b5ed3', 'author': {'handle': '@nofelines', 'name': 'Nofe', 'profile_image': 'https://img.membit.ai/v2/4e1a68b5-b135-dd21-c366-7e25574839d5.jpeg'}, 'content': 'memecoins will always be better than prediction markets', 'url': 'https://x.com/nofelines/status/2004683161159270815', 'timestamp': '2025-12-26T22:38:05Z', 'engagement': {'likes': 96, 'replies': 57, 'retweets': 13}, 'mentioned': None, 'search_score': 0.525567308207524}, {'id': 889730234, 'uuid': '5c774f60-19ec-9b7c-5b63-386e10bbb64e', 'author': {'handle': '@Limfork', 'name': 'Limfork.eth', 'profile_image': 'https://img.membit.ai/v2/1395b060-d0c7-00d9-f2d4-72759507325e.jpeg'}, 'content': 'memecoins will always be better than prediction markets', 'url': 'https://x.com/Limfork/status/2005331253025989059', 'timestamp': '2025-12-28T17:33:22Z', 'engagement': {'likes': 201, 'replies': 68, 'retweets': 22}, 'mentioned': None, 'search_score': 0.5247866409821167}, {'id': 883247798, 'uuid': '7967bc1c-b1a3-13d7-f788-cc565254b433', 'author': {'handle': '@ZOR2Y6pj00wwWtN', 'name': 'あ', 'profile_image': 'https://img.membit.ai/v2/fab88428-95c8-bee5-7354-c5e87f117eef.jpeg'}, 'content': '貴金属からビットコインに資金流入する予想が多いが、銀、プラチナの供給不足が解消しないとBTCに一時的に資金流入してもすぐに貴金属に資金が戻ると予想。\n供給不足が価格に反映されるまで上がり続けるから、来年か再来年までは厳しいのでは？', 'url': 'https://x.com/ZOR2Y6pj00wwWtN/status/2004824729501495572', 'timestamp': '2025-12-27T08:00:38Z', 'engagement': {'likes': 274, 'replies': 6, 'retweets': 19}, 'mentioned': None, 'search_score': 0.521143775768586}, {'id': 893644021, 'uuid': 'ba50528f-7ae5-1f0d-d48e-dc28cb94d8f3', 'author': {'handle': '@Predictefy', 'name': 'Predictefy', 'profile_image': ''}, 'content': 'Prediction Markets are inevitable', 'url': 'https://x.com/Predictefy/status/2005578017138163930', 'timestamp': '2025-12-29T09:53:55Z', 'engagement': {'likes': 89, 'replies': 23, 'retweets': 10}, 'mentioned': None, 'search_score': 0.513257875053921}, {'id': 893301598, 'uuid': '6e3c80a9-b669-cbaf-30b2-a8b389cda227', 'author': {'handle': '@FitnaEth', 'name': 'Fitna', 'profile_image': 'https://img.membit.ai/v2/3fb4ca7b-c5dd-8aac-3bd2-9d64b11115c3.jpeg'}, 'content': "1 BTC or $90'000?", 'url': 'https://x.com/FitnaEth/status/2005560428693540936', 'timestamp': '2025-12-29T08:44:02Z', 'engagement': {'likes': 53, 'replies': 57, 'retweets': 6}, 'mentioned': None, 'search_score': 0.5117165102642139}, {'id': 885482788, 'uuid': '06657b81-37ea-dc8a-747d-0d3923bf2e1d', 'author': {'handle': '@neil_xbt', 'name': 'NeilXbt', 'profile_image': ''}, 'content': '$BTC Update\n\nWe are looking at $89,096 as resistance and $86,886 as support. The range will continue, and only a clear break of these levels would prompt me to take a trade.\n\nI still believe $BTC will push lower to $85,506 (purple zone) and stay there for a while before upside.', 'url': 'https://x.com/neil_xbt/status/2005072666399547419', 'timestamp': '2025-12-28T00:25:50Z', 'engagement': {'likes': 132, 'replies': 81, 'retweets': 39}, 'mentioned': {'id': 8898731, 'uuid': '5913598e-46e1-bbe9-13c1-c519d3457994', 'author': {'handle': '@neil_xbt', 'name': 'NeilXbt', 'profile_image': ''}, 'content': 'The plan remains the same on $BTC and both ranges still hold.\n\nUntil we get a decisive break and a clear setup, I’m staying on the sidelines.\n\nWhat are your price predictions for $BTC before we end the year?  x.com/neil_xbt/statu…', 'timestamp': '2025-12-23T16:38:38Z'}, 'search_score': 0.5076360773907964}, {'id': 880343592, 'uuid': 'ff18107c-eaf9-8e9e-9013-2de40b853bd4', 'author': {'handle': '@GVRCALLS', 'name': 'Crypto GVR', 'profile_image': 'https://img.membit.ai/v2/5dad1603-46ce-7610-e60a-612da4baeb51.jpeg'}, 'content': '$BTC next 3 months price prediction \n\nJan 2026 : 107K$\n\nFeb 2026 : 115K$\n\nMar 2026 : 125K$', 'url': 'https://x.com/GVRCALLS/status/2004738652111560890', 'timestamp': '2025-12-27T02:18:35Z', 'engagement': {'likes': 574, 'replies': 71, 'retweets': 66}, 'mentioned': None, 'search_score': 0.5001644796779324}, {'id': 885369379, 'uuid': 'e411e99e-beb8-280e-76b3-75bf69d3a263', 'author': {'handle': '@TheBTCTherapist', 'name': 'The ₿itcoin Therapist', 'profile_image': 'https://img.membit.ai/v2/d2591c6f-74be-7508-027f-02e340a015d3.jpeg'}, 'content': 'How high does bitcoin go next year?', 'url': 'https://x.com/TheBTCTherapist/status/2005075166687363524', 'timestamp': '2025-12-28T00:35:46Z', 'engagement': {'likes': 158, 'replies': 165, 'retweets': 14}, 'mentioned': None, 'search_score': 0.4973639691968188}, {'id': 879785614, 'uuid': '6d19a395-fd73-d0b1-ab77-db4fbcae1f6b', 'author': {'handle': '@IvanOnTech', 'name': 'Ivan on Tech ', 'profile_image': 'https://img.membit.ai/v2/22f3e61f-1d2b-73dd-851b-c1e5d4828de6.png'}, 'content': 'BITCOIN WILL PUMP NEXT YEAR!!!!!!!!!', 'url': 'https://x.com/IvanOnTech/status/2004706070862897407', 'timestamp': '2025-12-27T00:09:07Z', 'engagement': {'likes': 187, 'replies': 47, 'retweets': 6}, 'mentioned': None, 'search_score': 0.4968567825774912}, {'id': 881454127, 'uuid': '1bb882aa-e22e-e38b-b64b-2a8d07dee46b', 'author': {'handle': '@cryptogoos', 'name': 'CryptoGoos', 'profile_image': 'https://img.membit.ai/v2/55b713d5-d4f8-7ffc-6c15-4e5e0a995029.jpeg'}, 'content': 'BREAKING:\n\nTOM LEE PREDICTIONS: \n\n- $9,000 $ETH in early 2026\n- $200,000 $BTC in 2026\n- $20,000 ETH long-term\n- Crypto Supercycle\n\nHere we go', 'url': 'https://x.com/cryptogoos/status/2004815436773462471', 'timestamp': '2025-12-27T07:23:42Z', 'engagement': {'likes': 1989, 'replies': 244, 'retweets': 315}, 'mentioned': None, 'search_score': 0.4963335148617316}, {'id': 884768609, 'uuid': '7806fa4d-85b3-1fd8-ca9b-af637696cf63', 'author': {'handle': '@GrantCardone', 'name': 'Grant Cardone', 'profile_image': 'https://img.membit.ai/v2/c56b74c9-41a8-f708-edda-44e7b77c1652.jpeg'}, 'content': 'Seems like concerted effort to hold  BTC at lower levels.  Hey \n@saylor\n whats happening I need inspiration for my conviction!', 'url': 'https://x.com/GrantCardone/status/2005032348942041110', 'timestamp': '2025-12-27T21:45:38Z', 'engagement': {'likes': 2737, 'replies': 613, 'retweets': 136}, 'mentioned': None, 'search_score': 0.49464970279974263}, {'id': 895486765, 'uuid': 'd17daff1-5184-2219-f062-06f2de48fb93', 'author': {'handle': '@AdamBLiv', 'name': 'Adam Livingston', 'profile_image': 'https://img.membit.ai/v2/b76b733c-c3f9-08a3-2364-9eb8c56e83cb.jpeg'}, 'content': "There is literally zero reason to be bearish on Bitcoin.\n\nIf you are, you don't understand it enough.\n\nGet back to work.", 'url': 'https://x.com/AdamBLiv/status/2005675731284795412', 'timestamp': '2025-12-29T16:22:12Z', 'engagement': {'likes': 286, 'replies': 66, 'retweets': 19}, 'mentioned': None, 'search_score': 0.4922671286469191}, {'id': 894231701, 'uuid': '357ba1f9-3a38-5163-0aab-a69156c210d9', 'author': {'handle': '@DonWedge', 'name': 'Don ', 'profile_image': 'https://img.membit.ai/v2/4a8dc8db-9840-4610-7710-b1a69a9754b7.jpeg'}, 'content': '$BTC 2026 PRICE PREDICTIONS:\n\n> Michael Saylor - $170k\n> Arthur Hayes - $500k\n> Alex Thornl - $150k\n> Bernstein - $150k\n> J.P. Morgan - $170k\n> Peter Brandt - $25.24k\n> Tom Lee (Fundstrat) - $200k\n> Cathie Wood - $100k\n> Robert Kiyosaki - $250k\n> Farzam Ehsani - $120k\n>', 'url': 'https://x.com/DonWedge/status/2005617128922382344', 'timestamp': '2025-12-29T12:29:20Z', 'engagement': {'likes': 237, 'replies': 51, 'retweets': 18}, 'mentioned': None, 'search_score': 0.489154284739332}, {'id': 891407827, 'uuid': '4cbf826e-099e-6dbd-ea46-0b01ca7697d3', 'author': {'handle': '@inmortalcrypto', 'name': 'Inmortal', 'profile_image': 'https://img.membit.ai/v2/7dadbd10-ba91-b954-d819-4b7e1d4a48ea.jpeg'}, 'content': 'Rotation from Gold and Silver to $BTC\n\n2026.', 'url': 'https://x.com/inmortalcrypto/status/2005442145130619197', 'timestamp': '2025-12-29T00:54:01Z', 'engagement': {'likes': 380, 'replies': 33, 'retweets': 21}, 'mentioned': None, 'search_score': 0.4853104844457232}, {'id': 880225514, 'uuid': 'd635b384-cd6d-b3e4-0a86-c388ca2d2aff', 'author': {'handle': '@BitcoinPierre', 'name': 'Pierre Rochard', 'profile_image': 'https://img.membit.ai/v2/1d65c52b-4572-55bc-87c9-9bbc7d06963c.jpeg'}, 'content': '2026 prediction: bitcoin will outperform gold and silver.', 'url': 'https://x.com/BitcoinPierre/status/2004735209976316223', 'timestamp': '2025-12-27T02:04:54Z', 'engagement': {'likes': 3725, 'replies': 492, 'retweets': 250}, 'mentioned': None, 'search_score': 0.48483531636132515}, {'id': 892817145, 'uuid': '445f9119-e2f9-7db0-86d1-3e40e90b5958', 'author': {'handle': '@PrimeXBT', 'name': 'PrimeXBT', 'profile_image': 'https://img.membit.ai/v2/5bb1effc-3df5-4dcc-372f-35037ef9cb9c.jpeg'}, 'content': 'GM, $BTC is approaching 90K again!', 'url': 'https://x.com/PrimeXBT/status/2005534368656470143', 'timestamp': '2025-12-29T07:00:29Z', 'engagement': {'likes': 82, 'replies': 29, 'retweets': 26}, 'mentioned': None, 'search_score': 0.4834749979709827}, {'id': 882787395, 'uuid': '708ff486-9637-0e31-995f-a9e43c799c54', 'author': {'handle': '@Borg_Cryptos', 'name': 'Borg', 'profile_image': 'https://img.membit.ai/v2/4368e639-6620-4fe8-56be-4554ddd72764.jpeg'}, 'content': '“ Experts ” predictions for Bitcoin before the end of 2025\n\n$170,000 - JPMorgan\n$180,000 - VanEck\n$200,000 - Standard Chartered\n$250,000 - Tim Draper\n$126,000 - Tom Lee\n$350,000 - Robert Kiyosaki\n$500,000 - Chamath Palihapitiya', 'url': 'https://x.com/Borg_Cryptos/status/2004823709631348822', 'timestamp': '2025-12-27T07:56:34Z', 'engagement': {'likes': 415, 'replies': 83, 'retweets': 36}, 'mentioned': None, 'search_score': 0.4824188634470241}, {'id': 892951555, 'uuid': '1ec160ed-4f90-675b-15fe-01a7af67ff9e', 'author': {'handle': '@TraderZorren', 'name': 'Zorren', 'profile_image': ''}, 'content': '$BTC \n\nI’m seeing a potential short from this area but not entering right now because everything isn’t aligned. If volume fades, I’ll look for a short. https://t.co/NbzMqBuWVt', 'url': 'https://x.com/TraderZorren/status/2005534462122291439', 'timestamp': '2025-12-29T07:00:51Z', 'engagement': {'likes': 99, 'replies': 18, 'retweets': 20}, 'mentioned': None, 'search_score': 0.4799605566774515}, {'id': 896058179, 'uuid': 'd94e57a9-70f2-d81e-bcec-bb78d2d5ec97', 'author': {'handle': '@SalsaTekila', 'name': 'SalsaTekila', 'profile_image': 'https://img.membit.ai/v2/7d55b8fa-ee85-978b-0e71-58aced5454a7.jpeg'}, 'content': 'I’d bet against anyone that Bitcoin will outperform both gold and silver through 2026.\n\nIf either gold or silver has a higher percentage gain from open to close, I lose.\n\nIf BTC has a higher percentage gain from open to close, I win.\n\nWho wants to bet?', 'url': 'https://x.com/SalsaTekila/status/2005699341915439408', 'timestamp': '2025-12-29T17:56:01Z', 'engagement': {'likes': 129, 'replies': 36, 'retweets': 9}, 'mentioned': None, 'search_score': 0.4748181251429109}]}
    [Membit] Found 20 posts
    [Tool] get_portfolio({})
    [Tool] get_portfolio({})
    [Tool] sell({"asset_amount": 0.0001, "symbol": "BTC"})
  -> SELL | 9 tools
[llama-3.3-70b] (basic) - Portfolio: $9,985.31
    [Tool] get_portfolio({"symbol": "BTC"})
    [Tool] hold({"symbol": "BTC"})
  -> HOLD | 2 tools
[llama-3.3-70b] (membit) - Portfolio: $9,986.55
    [Tool] get_portfolio({"symbol": "BTC"})
    [Tool] search_posts({"query": "BTC market sentiment", "limit": 10})
    [Membit] post_search('BTC market sentiment') raw response: {'posts': [{'id': 895486765, 'uuid': 'd17daff1-5184-2219-f062-06f2de48fb93', 'author': {'handle': '@AdamBLiv', 'name': 'Adam Livingston', 'profile_image': 'https://img.membit.ai/v2/b76b733c-c3f9-08a3-2364-9eb8c56e83cb.jpeg'}, 'content': "There is literally zero reason to be bearish on Bitcoin.\n\nIf you are, you don't understand it enough.\n\nGet back to work.", 'url': 'https://x.com/AdamBLiv/status/2005675731284795412', 'timestamp': '2025-12-29T16:22:12Z', 'engagement': {'likes': 286, 'replies': 66, 'retweets': 19}, 'mentioned': None, 'search_score': 0.5207178483909664}, {'id': 889564195, 'uuid': 'fd9959b4-e37c-e1a7-81b6-b72a02ee5d8e', 'author': {'handle': '@BobLoukas', 'name': 'Bob Loukas ', 'profile_image': 'https://img.membit.ai/v2/2c4cbe69-229e-08fe-e3bf-7a2c8e779ad9.jpeg'}, 'content': 'Have very mixed feeling on Bitcoin currently.  \n\nSentiment is in the gutter and we could argue overdue some type of strong countertrend rally. \n\nYet, I really dislike the price action, the tape feel (for me) is one wanting to start another big leg lower.', 'url': 'https://x.com/BobLoukas/status/2005330899899121670', 'timestamp': '2025-12-28T17:31:58Z', 'engagement': {'likes': 1339, 'replies': 187, 'retweets': 56}, 'mentioned': None, 'search_score': 0.5072364937563388}, {'id': 884768609, 'uuid': '7806fa4d-85b3-1fd8-ca9b-af637696cf63', 'author': {'handle': '@GrantCardone', 'name': 'Grant Cardone', 'profile_image': 'https://img.membit.ai/v2/c56b74c9-41a8-f708-edda-44e7b77c1652.jpeg'}, 'content': 'Seems like concerted effort to hold  BTC at lower levels.  Hey \n@saylor\n whats happening I need inspiration for my conviction!', 'url': 'https://x.com/GrantCardone/status/2005032348942041110', 'timestamp': '2025-12-27T21:45:38Z', 'engagement': {'likes': 2737, 'replies': 613, 'retweets': 136}, 'mentioned': None, 'search_score': 0.4998463079352773}, {'id': 883596571, 'uuid': 'f2205332-b167-4f05-343b-3f1c381da500', 'author': {'handle': '@Bobby_1111888', 'name': 'Bobby A', 'profile_image': 'https://img.membit.ai/v2/904136fe-d96c-3a57-49aa-f7ed8a280acc.jpeg'}, 'content': "BTC is bottoming right before your very eyes, but you're bearish and poor. Have fun.", 'url': 'https://x.com/Bobby_1111888/status/2004942221947318553', 'timestamp': '2025-12-27T15:47:30Z', 'engagement': {'likes': 697, 'replies': 56, 'retweets': 30}, 'mentioned': None, 'search_score': 0.49864366410748784}, {'id': 884375682, 'uuid': '3a1a60be-899f-a0c9-37d7-a418104fb0a0', 'author': {'handle': '@AshCrypto', 'name': 'Ash Crypto', 'profile_image': 'https://img.membit.ai/v2/3ef3b124-f6ef-9f31-b334-347c6328b23e.jpeg'}, 'content': 'This is the worst sentiment I have ever seen in crypto and I have seen a lot of shit since 2016.', 'url': 'https://x.com/AshCrypto/status/2005002810325352662', 'timestamp': '2025-12-27T19:48:15Z', 'engagement': {'likes': 1307, 'replies': 339, 'retweets': 83}, 'mentioned': None, 'search_score': 0.4849307898644395}, {'id': 883652216, 'uuid': 'b2eed3cf-9350-25de-dc70-88a357dbf744', 'author': {'handle': '@alexstanczyk', 'name': 'Alex Stanczyk ∞/21m', 'profile_image': 'https://img.membit.ai/v2/a5fe18c5-04de-b899-64f2-a29e11a6733d.jpeg'}, 'content': 'The amount of dunking on pro bitcoin posts on X appears to be reaching epic levels.\n\nThe amount of capitulation as well. I have seen long term holders who have sold or are considering selling.\n\nI have never seen sentiment this bad in the last 5 years.\n\nBullish AF.', 'url': 'https://x.com/alexstanczyk/status/2004906351999549587', 'timestamp': '2025-12-27T13:24:58Z', 'engagement': {'likes': 330, 'replies': 72, 'retweets': 9}, 'mentioned': None, 'search_score': 0.4740970567195819}, {'id': 894866410, 'uuid': '7677f0ad-8796-2aa1-4b2b-ad002cdb79b2', 'author': {'handle': '@cyrilXBT', 'name': 'CyrilXBT', 'profile_image': 'https://img.membit.ai/v2/27376cd5-5ee1-77b7-f078-5080c767f9fc.jpeg'}, 'content': 'Well I guess not $BTC \n\n![image](https://img.membit.ai/v2/d13a310f-c322-dca0-29ce-05dddf157828.jpeg)\n\n![image](https://img.membit.ai/v2/5f286eb0-14ef-643e-cbf9-2203deebd099.jpeg)', 'url': 'https://x.com/cyrilXBT/status/2005629089714233707', 'timestamp': '2025-12-29T13:16:52Z', 'engagement': {'likes': 70, 'replies': 7, 'retweets': 11}, 'mentioned': {'id': 8976405, 'uuid': '1c494f9d-23ac-b966-616e-157c0704f86b', 'author': {'handle': '@cyrilXBT', 'name': 'CyrilXBT', 'profile_image': 'https://img.membit.ai/v2/27376cd5-5ee1-77b7-f078-5080c767f9fc.jpeg'}, 'content': '$BTC is sitting at $87,523. We are in "Extreme Fear" (Index: 20).\n\n> After that $126k tease in October, the grind down has been painful.\n\nTime is currently a bigger source of pain than price. If we lose $84k, the floor drops.', 'timestamp': '2025-12-28T01:49:03Z'}, 'search_score': 0.47351865644524604}, {'id': 884559141, 'uuid': '2c088da8-9d5e-333e-0f4b-132cc36d47c8', 'author': {'handle': '@Bitcoinprof0637', 'name': 'Bitcoin professor', 'profile_image': ''}, 'content': 'Another day. \n\nExtreme fear again. \n\nInsanely bad sentiment for Crypto. https://t.co/y6mZXUP2Ae', 'url': 'https://x.com/Bitcoinprof0637/status/2005014296833520042', 'timestamp': '2025-12-27T20:33:54Z', 'engagement': {'likes': 68, 'replies': 16, 'retweets': 25}, 'mentioned': None, 'search_score': 0.46379692618211865}, {'id': 893301598, 'uuid': '6e3c80a9-b669-cbaf-30b2-a8b389cda227', 'author': {'handle': '@FitnaEth', 'name': 'Fitna', 'profile_image': 'https://img.membit.ai/v2/3fb4ca7b-c5dd-8aac-3bd2-9d64b11115c3.jpeg'}, 'content': "1 BTC or $90'000?", 'url': 'https://x.com/FitnaEth/status/2005560428693540936', 'timestamp': '2025-12-29T08:44:02Z', 'engagement': {'likes': 53, 'replies': 57, 'retweets': 6}, 'mentioned': None, 'search_score': 0.46110857418632945}, {'id': 883966574, 'uuid': 'dc3f22a9-23f7-8f9c-57a2-71fd758d11d0', 'author': {'handle': '@Raydium', 'name': 'Raydium', 'profile_image': 'https://img.membit.ai/v2/a9ec27e4-7558-9383-3aeb-e70cb7f5306d.jpeg'}, 'content': 'It costs $0 to be bullish on crypto', 'url': 'https://x.com/Raydium/status/2004973697355096185', 'timestamp': '2025-12-27T17:52:34Z', 'engagement': {'likes': 832, 'replies': 343, 'retweets': 105}, 'mentioned': None, 'search_score': 0.46096919595003305}]}
    [Membit] Found 10 posts
    [Tool] hold({"symbol": "BTC"})
  -> HOLD | 3 tools
[qwen-3-32b] (basic) - Portfolio: $9,987.00
    [Tool] get_portfolio({"symbol": "BTC"})
    [Tool] hold({"symbol": "BTC"})
  -> HOLD | 2 tools
[qwen-3-32b] (membit) - Portfolio: $9,992.56
    [Tool] get_portfolio({"symbol": "BTC"})
  -> no action | 1 tools

Saved: run_20251230_054826.json

====================================================================================================
  RUN SUMMARY - Actions Taken
====================================================================================================
Model                Mode     Action   Details                                                    Tools 
----------------------------------------------------------------------------------------------------
llama3.1-8b          basic    BUY      $3,085 @ $87,247 -> 0.035362 BTC                           3     
llama3.1-8b          membit   SELL     Sold 0.000100 BTC -> $9, remaining: 0.114571 ($9,996)      9     
llama-3.3-70b        basic    HOLD     Holding 0.085795 BTC ($7,485)                              2     
llama-3.3-70b        membit   HOLD     Holding 0.091540 BTC ($7,987)                              3     
qwen-3-32b           basic    HOLD     Holding 0.057160 BTC ($4,987)                              2     
qwen-3-32b           membit   NONE     No trade executed                                          1     
====================================================================================================

============================================================
  LEADERBOARD (BTC)
============================================================
Config                         Value        P&L          Return    
----------------------------------------------------------------
1. llama3.1-8b (membit)         $ 10,004.66 $     +4.66    +0.05%
2. qwen-3-32b (membit)          $  9,992.56 $     -7.44    -0.07%
3. qwen-3-32b (basic)           $  9,987.00 $    -13.00    -0.13%
4. llama-3.3-70b (membit)       $  9,986.55 $    -13.45    -0.13%
5. llama-3.3-70b (basic)        $  9,985.31 $    -14.69    -0.15%
6. llama3.1-8b (basic)          $  9,969.03 $    -30.97    -0.31%

  WINNER: llama3.1-8b (membit) with $+4.66 (+0.05%)

Next run at: 2025-12-30T06:48:26
Sleeping for 60 minutes...

############################################################
  RUN #6
############################################################

============================================================
  Trading Simulation Run: 2025-12-30T06:48:26.324028
  Symbol: BTC | Starting Capital: $10,000
============================================================

BTC Price: $87,111.99

[llama3.1-8b] (basic) - Portfolio: $9,960.78
    [Tool] get_portfolio({"symbol": "BTC"})
    [Tool] get_portfolio({"symbol": "BTC"})
    [Tool] buy({"usd_amount": 2000, "symbol": "BTC"})
  -> BUY | 3 tools
[llama3.1-8b] (membit) - Portfolio: $9,989.20
    [Tool] get_portfolio({"symbol": "BTC"})
    [Tool] get_portfolio({"symbol": "BTC"})
  -> no action | 2 tools
[llama-3.3-70b] (basic) - Portfolio: $9,973.74
    [Tool] get_portfolio({"symbol": "BTC"})
  -> no action | 1 tools
[llama-3.3-70b] (membit) - Portfolio: $9,974.21
    [Tool] get_portfolio({"symbol": "BTC"})
    [Tool] search_posts({"query": "BTC", "limit": 100})
    [Membit] post_search('BTC') raw response: {'posts': [{'id': 895235651, 'uuid': '2cb7648d-3d99-6e88-24e6-ba39ab340c46', 'author': {'handle': '@coingecko', 'name': 'CoinGecko', 'profile_image': 'https://img.membit.ai/v2/ee7990b1-344b-c1cd-e92e-50e8b4ac0e51.jpeg'}, 'content': 'GM', 'url': 'https://x.com/coingecko/status/2005672652006920561', 'timestamp': '2025-12-29T16:09:58Z', 'engagement': {'likes': 421, 'replies': 404, 'retweets': 17}, 'mentioned': None, 'search_score': 0.9330287326950143}, {'id': 888280252, 'uuid': 'd907a0ba-4d40-f2c8-5bcd-0cc005b8bb24', 'author': {'handle': '@yousef_ki1', 'name': 'Dr. Yousef 🇵🇸', 'profile_image': ''}, 'content': 'Boost', 'url': 'https://x.com/yousef_ki1/status/2005251011334885423', 'timestamp': '2025-12-28T12:14:31Z', 'engagement': {'likes': 1310, 'replies': 20, 'retweets': 265}, 'mentioned': None, 'search_score': 0.910484821680064}, {'id': 892886421, 'uuid': 'c3ec3c56-8535-4966-f055-10c15421d84f', 'author': {'handle': '@nacacaa_', 'name': 'nacaca', 'profile_image': 'https://pbs.twimg.com/profile_images/1877942254721196032/U-GHUwoj_normal.jpg'}, 'content': 'wow', 'url': 'https://x.com/nacacaa_/status/2005516727501885789', 'timestamp': '2025-12-29T05:50:23Z', 'engagement': {'likes': 200, 'replies': 121, 'retweets': 109}, 'mentioned': None, 'search_score': 0.888434312609427}, {'id': 893432882, 'uuid': 'e7d537c1-ad66-5fb4-53a9-73aa3b8b4836', 'author': {'handle': '@nacacaa_', 'name': 'nacaca', 'profile_image': 'https://pbs.twimg.com/profile_images/1877942254721196032/U-GHUwoj_normal.jpg'}, 'content': 'wow', 'url': 'https://x.com/nacacaa_/status/2005515514442084762', 'timestamp': '2025-12-29T05:45:33Z', 'engagement': {'likes': 132, 'replies': 121, 'retweets': 25}, 'mentioned': None, 'search_score': 0.8861426136901653}, {'id': 888540671, 'uuid': 'ba5fe996-3fe5-9163-9b34-9c35335ca0c2', 'author': {'handle': '@movie_tvshows_', 'name': 'Peak film moments', 'profile_image': 'https://img.membit.ai/v2/9c601f60-6556-637e-12b0-226e8705d01a.jpeg'}, 'content': 'Looper', 'url': 'https://x.com/movie_tvshows_/status/2005253648344051723', 'timestamp': '2025-12-28T12:25:00Z', 'engagement': {'likes': 2317, 'replies': 23, 'retweets': 84}, 'mentioned': None, 'search_score': 0.8835933985168255}, {'id': 885487420, 'uuid': 'fd177422-b7dc-9c06-acba-c41a552a50ac', 'author': {'handle': '@Asmongold', 'name': 'Zack', 'profile_image': 'https://img.membit.ai/v2/64b1f1fb-4470-2ab0-4714-5876597ccd5e.jpeg'}, 'content': 'same', 'url': 'https://x.com/Asmongold/status/2005030224287989826', 'timestamp': '2025-12-27T21:37:11Z', 'engagement': {'likes': 14703, 'replies': 426, 'retweets': 150}, 'mentioned': None, 'search_score': 0.8797417704192144}, {'id': 896177968, 'uuid': '53188ba3-6ac6-8ac7-4e31-fedcd74850d5', 'author': {'handle': '@elonmusk', 'name': 'Elon Musk', 'profile_image': 'https://img.membit.ai/v2/9d1aa8ee-8a8f-b3e7-fad9-1fc69956f2b9.jpeg'}, 'content': 'Yeah', 'url': 'https://x.com/elonmusk/status/2005734535640801302', 'timestamp': '2025-12-29T20:15:52Z', 'engagement': {'likes': 1761, 'replies': 187, 'retweets': 111}, 'mentioned': None, 'search_score': 0.8568852844875835}, {'id': 896030234, 'uuid': '9497a6fa-3f3c-0a19-1855-6ffe3fd10e8e', 'author': {'handle': '@elonmusk', 'name': 'Elon Musk', 'profile_image': 'https://img.membit.ai/v2/9d1aa8ee-8a8f-b3e7-fad9-1fc69956f2b9.jpeg'}, 'content': 'Yeah', 'url': 'https://x.com/elonmusk/status/2005724186103427087', 'timestamp': '2025-12-29T19:34:45Z', 'engagement': {'likes': 2079, 'replies': 164, 'retweets': 125}, 'mentioned': None, 'search_score': 0.8541612583667232}, {'id': 895793244, 'uuid': '1dbfd81d-4190-84b7-9d4b-56e070a3fd5c', 'author': {'handle': '@HalfLife3Out', 'name': 'Is Half-Life 3 Out?', 'profile_image': 'https://img.membit.ai/v2/44591b32-de1c-1d73-ad65-3476eb7b0010.jpeg'}, 'content': 'no', 'url': 'https://x.com/HalfLife3Out/status/2005702229320462406', 'timestamp': '2025-12-29T18:07:30Z', 'engagement': {'likes': 509, 'replies': 22, 'retweets': 27}, 'mentioned': None, 'search_score': 0.8466451943448288}, {'id': 895837140, 'uuid': 'a6c700ae-fee2-6dec-a93b-d833e627cc07', 'author': {'handle': '@elonmusk', 'name': 'Elon Musk', 'profile_image': 'https://img.membit.ai/v2/9d1aa8ee-8a8f-b3e7-fad9-1fc69956f2b9.jpeg'}, 'content': 'Wow', 'url': 'https://x.com/elonmusk/status/2005709924970775006', 'timestamp': '2025-12-29T18:38:05Z', 'engagement': {'likes': 1631, 'replies': 186, 'retweets': 107}, 'mentioned': None, 'search_score': 0.822375099248982}, {'id': 895833619, 'uuid': '11781315-8cfc-91dc-bb7f-459049511cf0', 'author': {'handle': '@elonmusk', 'name': 'Elon Musk', 'profile_image': 'https://img.membit.ai/v2/9d1aa8ee-8a8f-b3e7-fad9-1fc69956f2b9.jpeg'}, 'content': 'Wow', 'url': 'https://x.com/elonmusk/status/2005709792082288697', 'timestamp': '2025-12-29T18:37:33Z', 'engagement': {'likes': 3684, 'replies': 231, 'retweets': 192}, 'mentioned': None, 'search_score': 0.822375099248982}, {'id': 892430299, 'uuid': '673ea07b-1b2d-497d-6940-18ca00041816', 'author': {'handle': '@JackPosobiec', 'name': 'Jack Posobiec', 'profile_image': 'https://pbs.twimg.com/profile_images/1980376023259590656/1PIV6lvg_normal.jpg'}, 'content': 'Hero', 'url': 'https://x.com/JackPosobiec/status/2005513519845036273', 'timestamp': '2025-12-29T05:37:38Z', 'engagement': {'likes': 1673, 'replies': 77, 'retweets': 180}, 'mentioned': None, 'search_score': 0.8192803500468608}, {'id': 892198645, 'uuid': 'e49e950c-924b-1150-a388-15c96dfff885', 'author': {'handle': '@BarstoolBigCat', 'name': 'Big Cat', 'profile_image': 'https://img.membit.ai/v2/2abb10d5-ddd1-5888-d4f1-04ed253965bf.jpeg'}, 'content': 'Fuck', 'url': 'https://x.com/BarstoolBigCat/status/2005497623005061269', 'timestamp': '2025-12-29T04:34:28Z', 'engagement': {'likes': 1049, 'replies': 102, 'retweets': 11}, 'mentioned': None, 'search_score': 0.6748909655206256}, {'id': 880621646, 'uuid': 'd03828bc-ae00-93ac-9bef-fafb6be14ee6', 'author': {'handle': '@Kuzebk201', 'name': '力ズマ', 'profile_image': 'https://img.membit.ai/v2/f3ccf03e-cac5-5ff6-d35b-9615d5d8d98b.png'}, 'content': 'お散歩\n\n![image](https://img.membit.ai/v2/66bf9c88-f3ce-055e-bf40-d97c803cd740.jpeg)', 'url': 'https://x.com/Kuzebk201/status/2004691843221782698', 'timestamp': '2025-12-26T23:12:35Z', 'engagement': {'likes': 598, 'replies': 0, 'retweets': 104}, 'mentioned': None, 'search_score': 0.4347356129335842}, {'id': 888796064, 'uuid': '7749e1fe-adc0-3c51-d719-80e358e44b95', 'author': {'handle': '@RukminiVasantFP', 'name': 'Rukmini Vasanth', 'profile_image': ''}, 'content': 'https://t.co/IJKgOHD5kP', 'url': 'https://x.com/RukminiVasantFP/status/2005286996265349563', 'timestamp': '2025-12-28T14:37:30Z', 'engagement': {'likes': 5333, 'replies': 44, 'retweets': 140}, 'mentioned': None, 'search_score': 0.4305524483800034}, {'id': 893639009, 'uuid': '3dad5920-f365-f077-152e-4eed68535213', 'author': {'handle': '@purelivn', 'name': '𝑝𝑢𝑟𝑒', 'profile_image': ''}, 'content': 'https://t.co/sNhAQYSWwX', 'url': 'https://x.com/purelivn/status/2005579546498617579', 'timestamp': '2025-12-29T10:00:00Z', 'engagement': {'likes': 7275, 'replies': 12, 'retweets': 1276}, 'mentioned': None, 'search_score': 0.4235990531209056}, {'id': 889258304, 'uuid': '53932bb8-927b-2922-c0ef-f21b19efa936', 'author': {'handle': '@Floraaaa_11', 'name': 'OceanicAura', 'profile_image': 'https://pbs.twimg.com/profile_images/1995087944567390208/yqpAXJ5u_normal.jpg'}, 'content': 'https://t.co/ldjaWOoNkY', 'url': 'https://x.com/Floraaaa_11/status/2005217359515288011', 'timestamp': '2025-12-28T10:00:48Z', 'engagement': {'likes': 1022, 'replies': 7, 'retweets': 140}, 'mentioned': None, 'search_score': 0.4197488528436162}, {'id': 893172792, 'uuid': 'e8d69d62-c9cb-1d87-ee55-8f11b27d6de9', 'author': {'handle': '@NoContextHumans', 'name': 'Out of Context Human Race', 'profile_image': 'https://pbs.twimg.com/profile_images/1207636309508014081/hfA24vWM_normal.jpg'}, 'content': 'https://t.co/owRMlHJNhP', 'url': 'https://x.com/NoContextHumans/status/2005549346649952750', 'timestamp': '2025-12-29T08:00:00Z', 'engagement': {'likes': 7538, 'replies': 28, 'retweets': 316}, 'mentioned': None, 'search_score': 0.41540987437264487}, {'id': 884331702, 'uuid': '994f50fc-e1be-77b7-0972-c6ff9695cfe2', 'author': {'handle': '@I_am_a_chair72', 'name': '布卟不', 'profile_image': 'https://img.membit.ai/v2/c5b1e5f7-b9bf-e084-fc54-5e1051462210.jpeg'}, 'content': '#LimbusComapany\n#LCB8\n\n![image](https://img.membit.ai/v2/2bc856cd-233b-4342-4795-123f25e6d0a7.jpeg)', 'url': 'https://x.com/I_am_a_chair72/status/2004969515424383251', 'timestamp': '2025-12-27T17:35:57Z', 'engagement': {'likes': 7609, 'replies': 3, 'retweets': 1045}, 'mentioned': None, 'search_score': 0.4120037355176688}, {'id': 884395322, 'uuid': 'ca277498-7044-d16a-a0de-fba6de296134', 'author': {'handle': '@islalona', 'name': 'Isla', 'profile_image': ''}, 'content': 'https://t.co/cqZBgigGED', 'url': 'https://x.com/islalona/status/2004893239636296096', 'timestamp': '2025-12-27T12:32:52Z', 'engagement': {'likes': 6714, 'replies': 25, 'retweets': 821}, 'mentioned': None, 'search_score': 0.4078861130439244}, {'id': 884767904, 'uuid': '22f36bfe-032d-5442-6a7d-f6612f7bd371', 'author': {'handle': '@packers', 'name': 'Green Bay Packers', 'profile_image': 'https://img.membit.ai/v2/e9a4e194-43d7-ac17-9b64-9b6d5ad3308e.jpeg'}, 'content': 'Nevermore\n\n![image](https://img.membit.ai/v2/b2bbd08d-3ad4-cf78-679a-b338845aadab.jpeg)', 'url': 'https://x.com/packers/status/2004975569965121617', 'timestamp': '2025-12-27T18:00:01Z', 'engagement': {'likes': 1546, 'replies': 43, 'retweets': 236}, 'mentioned': None, 'search_score': 0.4052902197679875}, {'id': 894653640, 'uuid': '58698c42-04f2-a216-a6a2-a5eb250a50d1', 'author': {'handle': '@NatureMuse_', 'name': 'Beauty of Nature', 'profile_image': ''}, 'content': 'https://t.co/gmmyUOTr4R', 'url': 'https://x.com/NatureMuse_/status/2005631219757928778', 'timestamp': '2025-12-29T13:25:20Z', 'engagement': {'likes': 191, 'replies': 2, 'retweets': 64}, 'mentioned': None, 'search_score': 0.4048727084411393}, {'id': 892459586, 'uuid': '15f13b16-fe6b-064f-3353-25a825473057', 'author': {'handle': '@liamgallagher', 'name': 'Liam Gallagher', 'profile_image': 'https://img.membit.ai/v2/10f95f65-bbb8-efc0-25db-714236568d4a.jpeg'}, 'content': 'CMON', 'url': 'https://x.com/liamgallagher/status/2005511827573371255', 'timestamp': '2025-12-29T05:30:54Z', 'engagement': {'likes': 4829, 'replies': 1040, 'retweets': 303}, 'mentioned': None, 'search_score': 0.4042549004574931}, {'id': 892832097, 'uuid': 'ab9cd957-ea29-6341-5f24-9308080e9d68', 'author': {'handle': '@LandLover56', 'name': 'Land Lover', 'profile_image': 'https://pbs.twimg.com/profile_images/1805828906030645248/Rjwi-Uda_normal.jpg'}, 'content': 'https://t.co/WnmGKxMPxB', 'url': 'https://x.com/LandLover56/status/2005458463699476775', 'timestamp': '2025-12-29T01:58:52Z', 'engagement': {'likes': 420, 'replies': 2, 'retweets': 73}, 'mentioned': None, 'search_score': 0.4017558645598631}, {'id': 891616314, 'uuid': 'ad1c4763-608e-0d72-dbca-56d332e63095', 'author': {'handle': '@khaistiel', 'name': '☆ khai ', 'profile_image': 'https://img.membit.ai/v2/709484bb-b2b9-8fea-c3b9-23788b6fb986.jpeg'}, 'content': 'gifs your castiel\n\n![image](https://img.membit.ai/v2/edfe7a20-da71-a243-ccfd-46eef19973fb.jpeg)', 'url': 'https://x.com/khaistiel/status/2005174576201040372', 'timestamp': '2025-12-28T07:10:47Z', 'engagement': {'likes': 289, 'replies': 3, 'retweets': 58}, 'mentioned': None, 'search_score': 0.4001177863751597}, {'id': 895817829, 'uuid': '9c2e03f3-7abf-f10a-f544-8b4bcb668b8a', 'author': {'handle': '@daring_baby', 'name': 'いまから挑戦者？', 'profile_image': 'https://img.membit.ai/v2/0051cb66-1235-8d0b-08fb-b71531b1547f.jpeg'}, 'content': 'まきちゃん\n\n![image](https://img.membit.ai/v2/5a1ad078-beca-98b2-1753-a28ff9609b9f.jpeg)', 'url': 'https://x.com/daring_baby/status/2005590784133964091', 'timestamp': '2025-12-29T10:44:39Z', 'engagement': {'likes': 131, 'replies': 0, 'retweets': 17}, 'mentioned': None, 'search_score': 0.3964096758456708}, {'id': 894538515, 'uuid': '6ca879b7-61ff-b2af-a489-abac80551390', 'author': {'handle': '@greenvibe', 'name': 'ᅠ ᅠ', 'profile_image': 'https://pbs.twimg.com/profile_images/1660291208990564353/C5mdkMoI_normal.jpg'}, 'content': 'https://t.co/ZHRXl4abSb', 'url': 'https://x.com/greenvibe/status/2005632142504571284', 'timestamp': '2025-12-29T13:29:00Z', 'engagement': {'likes': 2833, 'replies': 8, 'retweets': 465}, 'mentioned': None, 'search_score': 0.39602413154144867}, {'id': 882782837, 'uuid': '8181edcb-8180-a88f-4287-13c7360698af', 'author': {'handle': '@aestheticspost_', 'name': 'Aesthetics', 'profile_image': ''}, 'content': 'https://t.co/8zlS26ZpPb', 'url': 'https://x.com/aestheticspost_/status/2004897552257171661', 'timestamp': '2025-12-27T12:50:00Z', 'engagement': {'likes': 2167, 'replies': 14, 'retweets': 242}, 'mentioned': None, 'search_score': 0.3959959108637816}, {'id': 884288047, 'uuid': '8f32ed1b-005a-b076-4d0e-c9c32e0b8e19', 'author': {'handle': '@i3Moment', 'name': '❀', 'profile_image': ''}, 'content': 'https://t.co/O4dAvxP5bG', 'url': 'https://x.com/i3Moment/status/2004990028452429950', 'timestamp': '2025-12-27T18:57:28Z', 'engagement': {'likes': 2361, 'replies': 6, 'retweets': 296}, 'mentioned': None, 'search_score': 0.39466481912583706}, {'id': 890752829, 'uuid': 'd41b474b-a0fc-9eac-bc51-6886872d95aa', 'author': {'handle': '@Julies_smithh', 'name': 'Julie Smith', 'profile_image': 'https://pbs.twimg.com/profile_images/1697208782424539136/6WbQi2Bx_normal.jpg'}, 'content': 'https://t.co/PXdh41mtBz', 'url': 'https://x.com/Julies_smithh/status/2005403127835660657', 'timestamp': '2025-12-28T22:18:58Z', 'engagement': {'likes': 559, 'replies': 4, 'retweets': 173}, 'mentioned': None, 'search_score': 0.39439483326392777}, {'id': 889438330, 'uuid': '12b2b1cb-45b9-9ca2-1246-16b51974684b', 'author': {'handle': '@cabinsmountain', 'name': 'Mountain Cabins', 'profile_image': ''}, 'content': 'https://t.co/uOTpGgrmiR', 'url': 'https://x.com/cabinsmountain/status/2005323048891896269', 'timestamp': '2025-12-28T17:00:46Z', 'engagement': {'likes': 2356, 'replies': 6, 'retweets': 190}, 'mentioned': None, 'search_score': 0.3943359510607257}, {'id': 880178997, 'uuid': '84c49fe9-f07e-b61a-e6a1-3c8425ab0ae6', 'author': {'handle': '@Nature598', 'name': 'Peak Vibes', 'profile_image': 'https://pbs.twimg.com/profile_images/1994605875047403529/nXnTqX-s_normal.jpg'}, 'content': 'https://t.co/tXym9igZrJ', 'url': 'https://x.com/Nature598/status/2004722399879844319', 'timestamp': '2025-12-27T01:14:00Z', 'engagement': {'likes': 171, 'replies': 1, 'retweets': 44}, 'mentioned': None, 'search_score': 0.39224496522480923}, {'id': 891443714, 'uuid': '26d01ccf-b6d1-de3c-1bb6-db49f0971642', 'author': {'handle': '@Switzerland_aib', 'name': 'SwitzerlandBest', 'profile_image': ''}, 'content': 'https://t.co/CBt9hAnlwQ', 'url': 'https://x.com/Switzerland_aib/status/2005451326638203211', 'timestamp': '2025-12-29T01:30:30Z', 'engagement': {'likes': 91, 'replies': 0, 'retweets': 23}, 'mentioned': None, 'search_score': 0.39144370875163315}, {'id': 890990909, 'uuid': 'c005390c-cde2-c527-5f10-8ed78e3cc5a5', 'author': {'handle': '@chefsevenn', 'name': 'Chef 👩🏻\u200d🍳', 'profile_image': ''}, 'content': 'https://t.co/AJWaI3YXRZ', 'url': 'https://x.com/chefsevenn/status/2005419565518553549', 'timestamp': '2025-12-28T23:24:17Z', 'engagement': {'likes': 176, 'replies': 23, 'retweets': 16}, 'mentioned': None, 'search_score': 0.3913285124167285}, {'id': 883209689, 'uuid': '82075a3e-38cf-3503-c5bd-f1a5af1a12ff', 'author': {'handle': '@Tecladoquebrou', 'name': 'Oinker', 'profile_image': ''}, 'content': 'https://t.co/1nEge8mugI', 'url': 'https://x.com/Tecladoquebrou/status/2004735683945234704', 'timestamp': '2025-12-27T02:06:47Z', 'engagement': {'likes': 14838, 'replies': 103, 'retweets': 1692}, 'mentioned': None, 'search_score': 0.39088133699279837}, {'id': 895695839, 'uuid': 'ca170052-5db7-7e52-babe-85f564a34772', 'author': {'handle': '@Rerir_Ceo', 'name': 'daily Rerir ❍', 'profile_image': ''}, 'content': 'https://t.co/0TLPZ7gT2D', 'url': 'https://x.com/Rerir_Ceo/status/2005698153803387117', 'timestamp': '2025-12-29T17:51:18Z', 'engagement': {'likes': 215, 'replies': 0, 'retweets': 25}, 'mentioned': None, 'search_score': 0.3906170665154719}, {'id': 882954636, 'uuid': '97dabe5f-a709-c752-128f-fdda2dd27f56', 'author': {'handle': '@bylerified', 'name': 'zɐɥɔ st5 spoilers', 'profile_image': 'https://img.membit.ai/v2/a4235a0a-5d45-04e8-2d18-b240b540e6e4.jpeg'}, 'content': ':(\n\n![image](https://img.membit.ai/v2/6f3a65d3-69ea-32de-2db7-6649e4da7976.jpeg)', 'url': 'https://x.com/bylerified/status/2004857368644124828', 'timestamp': '2025-12-27T10:10:19Z', 'engagement': {'likes': 3578, 'replies': 11, 'retweets': 692}, 'mentioned': None, 'search_score': 0.39054129613992106}, {'id': 882186993, 'uuid': '5faeaf93-028a-5a70-04c4-6ece5dfc5543', 'author': {'handle': '@StupendousNatur', 'name': 'A solo Traveler', 'profile_image': ''}, 'content': 'https://t.co/wUXYvBrvpO', 'url': 'https://x.com/StupendousNatur/status/2004853982498603353', 'timestamp': '2025-12-27T09:56:52Z', 'engagement': {'likes': 188, 'replies': 0, 'retweets': 71}, 'mentioned': None, 'search_score': 0.39002943880623075}, {'id': 891855217, 'uuid': 'e525dd36-2442-11b2-0a41-17c67ce93a72', 'author': {'handle': '@dylan_dea', 'name': 'Dylan O’Dea', 'profile_image': 'https://pbs.twimg.com/profile_images/2002227016922222592/CGAsx5J-_normal.jpg'}, 'content': 'https://t.co/NJAtP0fivC', 'url': 'https://x.com/dylan_dea/status/2005474167626616920', 'timestamp': '2025-12-29T03:01:16Z', 'engagement': {'likes': 343, 'replies': 54, 'retweets': 19}, 'mentioned': None, 'search_score': 0.38845725595726344}, {'id': 891376984, 'uuid': 'b9ba03a5-45fe-67cf-3aaa-d2c494d1623e', 'author': {'handle': '@vivaneil1234', 'name': 'vivaneil', 'profile_image': ''}, 'content': 'https://t.co/pChZhhbF9z', 'url': 'https://x.com/vivaneil1234/status/2005446009342906691', 'timestamp': '2025-12-29T01:09:22Z', 'engagement': {'likes': 108, 'replies': 4, 'retweets': 7}, 'mentioned': None, 'search_score': 0.3882028653505267}, {'id': 882548197, 'uuid': '4ab63664-e76e-65af-539d-9c2fce86123f', 'author': {'handle': '@honeymoon250', 'name': 'Honey 🛼', 'profile_image': ''}, 'content': 'https://t.co/SWnb0j8pzL', 'url': 'https://x.com/honeymoon250/status/2004879936109088795', 'timestamp': '2025-12-27T11:40:00Z', 'engagement': {'likes': 5374, 'replies': 669, 'retweets': 247}, 'mentioned': None, 'search_score': 0.3878647570625111}, {'id': 889677577, 'uuid': 'b953d47f-c534-a212-1e50-ddc686e8a8e7', 'author': {'handle': '@__Earthpictures', 'name': 'Earth pictures 🌍🌎🌏', 'profile_image': ''}, 'content': 'https://t.co/NKbfs2sD0p', 'url': 'https://x.com/__Earthpictures/status/2005336795240911235', 'timestamp': '2025-12-28T17:55:23Z', 'engagement': {'likes': 232, 'replies': 2, 'retweets': 78}, 'mentioned': None, 'search_score': 0.38777587955562454}, {'id': 881115388, 'uuid': '1e053f57-fa37-e474-bbb4-dfefd705cd84', 'author': {'handle': '@Earth38102', 'name': 'Amazing creations', 'profile_image': ''}, 'content': 'https://t.co/UFdhS4sbCH', 'url': 'https://x.com/Earth38102/status/2004737292511154326', 'timestamp': '2025-12-27T02:13:11Z', 'engagement': {'likes': 242, 'replies': 3, 'retweets': 96}, 'mentioned': None, 'search_score': 0.3874097043487288}, {'id': 885119612, 'uuid': 'beef4d39-c120-ecde-7bb7-7d88fd922de4', 'author': {'handle': '@greenvibe', 'name': 'ᅠ ᅠ', 'profile_image': ''}, 'content': 'https://t.co/00gjRFhmxz', 'url': 'https://x.com/greenvibe/status/2005057606482886885', 'timestamp': '2025-12-27T23:26:00Z', 'engagement': {'likes': 312, 'replies': 2, 'retweets': 38}, 'mentioned': None, 'search_score': 0.3873829109425808}, {'id': 881160679, 'uuid': '11338ed2-355b-2d9c-b28a-a9ba4068ea59', 'author': {'handle': '@7DS_en', 'name': 'The Seven Deadly Sins: Grand Cross', 'profile_image': ''}, 'content': 'https://t.co/qmNhHCVj6m', 'url': 'https://x.com/7DS_en/status/2004794372030615694', 'timestamp': '2025-12-27T06:00:00Z', 'engagement': {'likes': 211, 'replies': 10, 'retweets': 18}, 'mentioned': None, 'search_score': 0.38718779128317937}, {'id': 891391005, 'uuid': '8ad9b901-ebcf-cd83-9490-b1bffffe8bda', 'author': {'handle': '@AnnaRblk', 'name': 'Peaceful Nature ⛰️', 'profile_image': 'https://pbs.twimg.com/profile_images/1956190044315676674/jhxhSeHI_normal.jpg'}, 'content': 'https://t.co/4vG3OXCFGb', 'url': 'https://x.com/AnnaRblk/status/2005446387052556357', 'timestamp': '2025-12-29T01:10:52Z', 'engagement': {'likes': 2056, 'replies': 32, 'retweets': 366}, 'mentioned': None, 'search_score': 0.38717549130123485}, {'id': 889246380, 'uuid': 'c1507fe5-244b-d492-91ca-a26ea7ee8283', 'author': {'handle': '@worldclick56', 'name': 'World Click', 'profile_image': 'https://pbs.twimg.com/profile_images/1815059536861958146/d6792lyi_normal.jpg'}, 'content': 'https://t.co/3ySNuCgz3F', 'url': 'https://x.com/worldclick56/status/2005301511384170841', 'timestamp': '2025-12-28T15:35:11Z', 'engagement': {'likes': 255, 'replies': 0, 'retweets': 57}, 'mentioned': None, 'search_score': 0.3867021114305007}, {'id': 889630868, 'uuid': 'b0306540-616f-9920-6b79-52448ece343c', 'author': {'handle': '@vap0ris', 'name': 'vaporis 𓆝 𓆟 𓆞', 'profile_image': 'https://pbs.twimg.com/profile_images/1881292127658713088/Mx1sOeb-_normal.jpg'}, 'content': 'https://t.co/QsXp5bRlPp', 'url': 'https://x.com/vap0ris/status/2005332920781705492', 'timestamp': '2025-12-28T17:40:00Z', 'engagement': {'likes': 89, 'replies': 0, 'retweets': 19}, 'mentioned': None, 'search_score': 0.38647772503760613}, {'id': 888474792, 'uuid': '1af9d470-265c-a3d6-8333-23de8e9558d5', 'author': {'handle': '@water_diaries', 'name': 'TheWaterDiaries', 'profile_image': ''}, 'content': 'https://t.co/0g7UcLzIFf', 'url': 'https://x.com/water_diaries/status/2005264895630344674', 'timestamp': '2025-12-28T13:09:41Z', 'engagement': {'likes': 254, 'replies': 0, 'retweets': 70}, 'mentioned': None, 'search_score': 0.38553213618897075}, {'id': 883641276, 'uuid': '9d23952e-88a6-2b58-7788-d25eccc0c792', 'author': {'handle': '@islalona', 'name': 'Isla', 'profile_image': ''}, 'content': 'https://t.co/1aXroVDTFn', 'url': 'https://x.com/islalona/status/2004872406280929296', 'timestamp': '2025-12-27T11:10:05Z', 'engagement': {'likes': 18841, 'replies': 27, 'retweets': 4033}, 'mentioned': None, 'search_score': 0.3855014198432891}, {'id': 894707247, 'uuid': 'd8030e14-4caa-f971-73fb-0bc0d85f4377', 'author': {'handle': '@anxietymsgs', 'name': 'Feelings ღ', 'profile_image': ''}, 'content': 'https://t.co/CE7CGwsXHw', 'url': 'https://x.com/anxietymsgs/status/2005638840464310527', 'timestamp': '2025-12-29T13:55:37Z', 'engagement': {'likes': 297, 'replies': 177, 'retweets': 115}, 'mentioned': None, 'search_score': 0.3854374095342483}, {'id': 886923409, 'uuid': '26bc3a2e-469a-3d35-8daf-7840188c3537', 'author': {'handle': '@greenvibe', 'name': 'ᅠ ᅠ', 'profile_image': ''}, 'content': 'https://t.co/BMHpS4bzV6', 'url': 'https://x.com/greenvibe/status/2005175634213880090', 'timestamp': '2025-12-28T07:15:00Z', 'engagement': {'likes': 119, 'replies': 1, 'retweets': 10}, 'mentioned': None, 'search_score': 0.38527335067309343}, {'id': 892992044, 'uuid': '0cd99033-9742-a61a-9d40-75d7052602de', 'author': {'handle': '@nocontextmemes', 'name': 'no context memes', 'profile_image': 'https://pbs.twimg.com/profile_images/1694331764091564032/My5iC3pg_normal.jpg'}, 'content': 'https://t.co/PHRcqFXUtU', 'url': 'https://x.com/nocontextmemes/status/2005542055322227195', 'timestamp': '2025-12-29T07:31:01Z', 'engagement': {'likes': 6391, 'replies': 150, 'retweets': 325}, 'mentioned': None, 'search_score': 0.3847846800265353}, {'id': 892873670, 'uuid': '9a4d46c5-82f4-eb3b-e4e9-da3d06ed0295', 'author': {'handle': '@Earth38102', 'name': 'Amazing creations', 'profile_image': ''}, 'content': 'https://t.co/jdSsFFLhCV', 'url': 'https://x.com/Earth38102/status/2005512876514324686', 'timestamp': '2025-12-29T05:35:05Z', 'engagement': {'likes': 233, 'replies': 2, 'retweets': 77}, 'mentioned': None, 'search_score': 0.38454582297029694}, {'id': 890647628, 'uuid': 'e437cd03-9857-be9b-7de1-b7447919701a', 'author': {'handle': '@chopperhungry', 'name': 'hungry chopper', 'profile_image': 'https://pbs.twimg.com/profile_images/1935805543567769600/NSWJDxBx_normal.jpg'}, 'content': 'https://t.co/VtUYP2jtJv', 'url': 'https://x.com/chopperhungry/status/2005388393539358721', 'timestamp': '2025-12-28T21:20:25Z', 'engagement': {'likes': 454, 'replies': 4, 'retweets': 62}, 'mentioned': None, 'search_score': 0.3833993472447673}, {'id': 881021986, 'uuid': '342c499d-a55a-3d36-81bb-332c24de4c4e', 'author': {'handle': '@kaelakovalskia', 'name': 'Kaela Kovalskia (カエラ)  @ホロライブID | STREAM dahlah.', 'profile_image': 'https://img.membit.ai/v2/68b69ea5-f1ba-1d54-33cc-f8e30135664b.jpeg'}, 'content': '![image](https://img.membit.ai/v2/28192c3c-692a-c189-edf7-4363659ac7f1.jpeg)', 'url': 'https://x.com/kaelakovalskia/status/2004785157530943805', 'timestamp': '2025-12-27T05:23:23Z', 'engagement': {'likes': 5421, 'replies': 103, 'retweets': 497}, 'mentioned': None, 'search_score': 0.3830582695135848}, {'id': 883779662, 'uuid': '4600b060-5eb5-cace-0689-724d0d491e30', 'author': {'handle': '@greenvibe', 'name': 'ᅠ ᅠ', 'profile_image': ''}, 'content': 'https://t.co/PjEWrHZxMv', 'url': 'https://x.com/greenvibe/status/2004960469803819387', 'timestamp': '2025-12-27T17:00:01Z', 'engagement': {'likes': 217, 'replies': 0, 'retweets': 22}, 'mentioned': None, 'search_score': 0.38304271456432204}, {'id': 882744778, 'uuid': '6c08dabd-bd93-1ac8-df57-38d98c17302e', 'author': {'handle': '@sterbdaddy', 'name': '囡 Paul Daddy', 'profile_image': ''}, 'content': 'https://t.co/BHDbVZp4Ax', 'url': 'https://x.com/sterbdaddy/status/2004895136195772872', 'timestamp': '2025-12-27T12:40:24Z', 'engagement': {'likes': 815, 'replies': 157, 'retweets': 49}, 'mentioned': None, 'search_score': 0.38280915828762585}, {'id': 888420100, 'uuid': '31f3112a-87d5-4284-90db-449deaf7455f', 'author': {'handle': '@AnnaRblk', 'name': 'Peaceful Nature ⛰️', 'profile_image': ''}, 'content': 'https://t.co/CWtmb2Y0tC', 'url': 'https://x.com/AnnaRblk/status/2005263816905708011', 'timestamp': '2025-12-28T13:05:24Z', 'engagement': {'likes': 2253, 'replies': 10, 'retweets': 269}, 'mentioned': None, 'search_score': 0.382144181529704}, {'id': 893221892, 'uuid': '553dccd0-bb57-dd24-4245-349e5351c576', 'author': {'handle': '@__Earthpictures', 'name': 'Earth pictures 🌍🌎🌏', 'profile_image': 'https://pbs.twimg.com/profile_images/1544286151963557889/iwOFbgmH_normal.jpg'}, 'content': 'https://t.co/SDbosKhGro', 'url': 'https://x.com/__Earthpictures/status/2005553388902367457', 'timestamp': '2025-12-29T08:16:03Z', 'engagement': {'likes': 394, 'replies': 6, 'retweets': 152}, 'mentioned': None, 'search_score': 0.3819835485710952}, {'id': 887648357, 'uuid': '26be4148-e255-9976-045e-74fe1f24e397', 'author': {'handle': '@purelivn', 'name': '𝑝𝑢𝑟𝑒', 'profile_image': ''}, 'content': 'https://t.co/W6qJXqzgDF', 'url': 'https://x.com/purelivn/status/2005217163255357908', 'timestamp': '2025-12-28T10:00:01Z', 'engagement': {'likes': 6282, 'replies': 28, 'retweets': 1147}, 'mentioned': None, 'search_score': 0.3818469079487704}, {'id': 893130399, 'uuid': 'f76836d8-de1d-d6d2-8c2c-62b10ce10927', 'author': {'handle': '@greenvibe', 'name': 'ᅠ ᅠ', 'profile_image': 'https://pbs.twimg.com/profile_images/1660291208990564353/C5mdkMoI_normal.jpg'}, 'content': 'https://t.co/AazVc1Smvt', 'url': 'https://x.com/greenvibe/status/2005549355093180543', 'timestamp': '2025-12-29T08:00:02Z', 'engagement': {'likes': 346, 'replies': 2, 'retweets': 66}, 'mentioned': None, 'search_score': 0.38148772189622526}, {'id': 892006630, 'uuid': '5b15d934-dccd-7533-01d5-0eb7cd8a1cae', 'author': {'handle': '@Supamusk123', 'name': '𝖈𝖔𝖒𝖒𝖊𝖓𝖙𝖆𝖗𝖞•🇺🇸MR X NEWS🇺🇸', 'profile_image': ''}, 'content': 'First word you see.. https://t.co/6HuOWZ3W08', 'url': 'https://x.com/Supamusk123/status/2005485653803647476', 'timestamp': '2025-12-29T03:46:54Z', 'engagement': {'likes': 31, 'replies': 76, 'retweets': 13}, 'mentioned': None, 'search_score': 0.3808946734302655}, {'id': 893228602, 'uuid': '386c434c-a9cd-6316-91ae-b5d8e8dcd5c8', 'author': {'handle': '@AnnaRblk', 'name': 'Peaceful Nature ⛰️', 'profile_image': 'https://pbs.twimg.com/profile_images/1956190044315676674/jhxhSeHI_normal.jpg'}, 'content': 'https://t.co/QeZrETtF2K', 'url': 'https://x.com/AnnaRblk/status/2005556195403370928', 'timestamp': '2025-12-29T08:27:13Z', 'engagement': {'likes': 888, 'replies': 10, 'retweets': 115}, 'mentioned': None, 'search_score': 0.3805752529023807}, {'id': 886184699, 'uuid': 'dcc77320-65c4-a7c2-eba5-15c2ce80ac4f', 'author': {'handle': '@mileven21', 'name': '', 'profile_image': 'https://img.membit.ai/v2/401bb40c-6753-25bd-2b9f-050ee9b862e3.jpeg'}, 'content': 'icelandgate in 4 days\n\n![image](https://img.membit.ai/v2/ca584374-e365-be47-c876-1c59c68077bb.jpeg)', 'url': 'https://x.com/mileven21/status/2005024851439092156', 'timestamp': '2025-12-27T21:15:50Z', 'engagement': {'likes': 261, 'replies': 0, 'retweets': 18}, 'mentioned': None, 'search_score': 0.38027035316107405}, {'id': 880845502, 'uuid': '038dc3e6-bfc9-6e68-629d-ee3152ba1c85', 'author': {'handle': '@aestheticspost_', 'name': 'Aesthetics', 'profile_image': ''}, 'content': 'https://t.co/BMh6LnQiJf', 'url': 'https://x.com/aestheticspost_/status/2004778014266339506', 'timestamp': '2025-12-27T04:55:00Z', 'engagement': {'likes': 2126, 'replies': 11, 'retweets': 423}, 'mentioned': None, 'search_score': 0.3799349499642185}, {'id': 893895635, 'uuid': '10330140-d12f-682d-e9d2-6069ba252a90', 'author': {'handle': '@itsufika', 'name': 'Pikachu', 'profile_image': ''}, 'content': 'https://t.co/0DcUCkhD22', 'url': 'https://x.com/itsufika/status/2005593101344321558', 'timestamp': '2025-12-29T10:53:52Z', 'engagement': {'likes': 8279, 'replies': 106, 'retweets': 2295}, 'mentioned': None, 'search_score': 0.3799168192133222}, {'id': 880751651, 'uuid': '6a820d73-0440-3a18-67bb-7aacbd660187', 'author': {'handle': '@greenvibe', 'name': 'ᅠ ᅠ', 'profile_image': ''}, 'content': 'https://t.co/5uokHGogaJ', 'url': 'https://x.com/greenvibe/status/2004771722638361005', 'timestamp': '2025-12-27T04:30:00Z', 'engagement': {'likes': 783, 'replies': 0, 'retweets': 68}, 'mentioned': None, 'search_score': 0.37932406227798743}, {'id': 887320435, 'uuid': 'a0ad1afa-82c1-4dc9-d1e9-ee75d1e9d7d5', 'author': {'handle': '@CuteCatsMagic', 'name': 'Cat 🐈', 'profile_image': ''}, 'content': 'https://t.co/J2eTPNKPnS', 'url': 'https://x.com/CuteCatsMagic/status/2005197809725944068', 'timestamp': '2025-12-28T08:43:07Z', 'engagement': {'likes': 3532, 'replies': 6, 'retweets': 480}, 'mentioned': None, 'search_score': 0.3790447748681076}, {'id': 892782357, 'uuid': '7a7013e7-16da-fb94-60c0-f53491eacad3', 'author': {'handle': '@Nature598', 'name': 'Peak Vibes', 'profile_image': 'https://pbs.twimg.com/profile_images/1994605875047403529/nXnTqX-s_normal.jpg'}, 'content': 'https://t.co/Ltlzsw1XWV', 'url': 'https://x.com/Nature598/status/2005529915932963253', 'timestamp': '2025-12-29T06:42:47Z', 'engagement': {'likes': 182, 'replies': 2, 'retweets': 45}, 'mentioned': None, 'search_score': 0.3787304834857954}, {'id': 885020102, 'uuid': '751ec238-4a17-c0ee-056e-8808edf40f08', 'author': {'handle': '@DOGEQEEN', 'name': 'Hosna ⚖️', 'profile_image': ''}, 'content': 'https://t.co/itbfQCcNkW', 'url': 'https://x.com/DOGEQEEN/status/2005042016347161019', 'timestamp': '2025-12-27T22:24:03Z', 'engagement': {'likes': 1386, 'replies': 4822, 'retweets': 458}, 'mentioned': None, 'search_score': 0.3779815543662308}, {'id': 890099504, 'uuid': 'fdb73221-41b5-cb60-392a-041b9453289a', 'author': {'handle': '@dogtor89', 'name': 'Dogtor', 'profile_image': 'https://img.membit.ai/v2/aadcbcd8-3e13-303c-9760-d40a38111e6a.jpeg'}, 'content': '![image](https://img.membit.ai/v2/5af027e3-005c-db31-0310-3a73e49e0cb6.jpeg)', 'url': 'https://x.com/dogtor89/status/2005358181112025498', 'timestamp': '2025-12-28T19:20:22Z', 'engagement': {'likes': 114, 'replies': 1, 'retweets': 10}, 'mentioned': None, 'search_score': 0.3776770477106528}, {'id': 891571450, 'uuid': 'f23d0eea-ac59-122e-bce9-7d0efd59eef7', 'author': {'handle': '@greenvibe', 'name': 'ᅠ ᅠ', 'profile_image': 'https://pbs.twimg.com/profile_images/1660291208990564353/C5mdkMoI_normal.jpg'}, 'content': 'https://t.co/8R5aWWLwUt', 'url': 'https://x.com/greenvibe/status/2005458878130270431', 'timestamp': '2025-12-29T02:00:30Z', 'engagement': {'likes': 2216, 'replies': 3, 'retweets': 269}, 'mentioned': None, 'search_score': 0.3772295704468853}, {'id': 893126896, 'uuid': '387c4ac0-a3ec-46da-97ca-b0a54767651e', 'author': {'handle': '@ThePetsX', 'name': 'The Pets 𝕏', 'profile_image': 'https://pbs.twimg.com/profile_images/1876704343052734464/N6IQSW7F_normal.jpg'}, 'content': 'https://t.co/SNwLvM67Sr', 'url': 'https://x.com/ThePetsX/status/2005548945393750066', 'timestamp': '2025-12-29T07:58:24Z', 'engagement': {'likes': 768, 'replies': 2, 'retweets': 36}, 'mentioned': None, 'search_score': 0.376928489532675}, {'id': 885390215, 'uuid': '74e0c005-d29e-5be6-658a-2a533008f182', 'author': {'handle': '@CryptotwitsHQ', 'name': 'Cryptotwits', 'profile_image': 'https://img.membit.ai/v2/5a05321c-5e8a-c866-5991-21946cf801ba.png'}, 'content': 'Ticker?', 'url': 'https://x.com/CryptotwitsHQ/status/2005074561231192303', 'timestamp': '2025-12-28T00:33:22Z', 'engagement': {'likes': 75, 'replies': 139, 'retweets': 20}, 'mentioned': None, 'search_score': 0.3768726626685617}, {'id': 881713946, 'uuid': '873ec5d6-63de-465d-6c8b-9a9ab64a3cfb', 'author': {'handle': '@manggalakurnia', 'name': 'Mamang Gabut', 'profile_image': 'https://img.membit.ai/v2/4db4a14b-9530-db4f-3a2e-ae2e5c0e7dec.jpeg'}, 'content': '![image](https://img.membit.ai/v2/7295f3af-3ef8-a64f-b9fa-624da3178818.jpeg)', 'url': 'https://x.com/manggalakurnia/status/2004756808037269836', 'timestamp': '2025-12-27T03:30:44Z', 'engagement': {'likes': 663, 'replies': 286, 'retweets': 114}, 'mentioned': None, 'search_score': 0.37559407268933054}, {'id': 891667947, 'uuid': '5b2ac631-d628-e666-1422-1fd541697dc1', 'author': {'handle': '@Nature598', 'name': 'Peak Vibes', 'profile_image': 'https://pbs.twimg.com/profile_images/1994605875047403529/nXnTqX-s_normal.jpg'}, 'content': 'https://t.co/4GdQxNJEfL', 'url': 'https://x.com/Nature598/status/2005461266135953913', 'timestamp': '2025-12-29T02:10:00Z', 'engagement': {'likes': 160, 'replies': 3, 'retweets': 37}, 'mentioned': None, 'search_score': 0.37499243675183735}, {'id': 896177945, 'uuid': 'b13c3245-7429-0398-d5eb-4ea1d08531d4', 'author': {'handle': '@DailyMoonX', 'name': 'MOON', 'profile_image': ''}, 'content': 'https://t.co/aCSZ1gM0Vc', 'url': 'https://x.com/DailyMoonX/status/2005730540515643591', 'timestamp': '2025-12-29T20:00:00Z', 'engagement': {'likes': 160, 'replies': 2, 'retweets': 29}, 'mentioned': None, 'search_score': 0.37464414230351895}, {'id': 886004525, 'uuid': '42647cbf-073e-c4ed-50c2-324f08c60c1a', 'author': {'handle': '@veanay_', 'name': 'veana', 'profile_image': 'https://img.membit.ai/v2/64f4ec77-a71d-3c90-9891-b53c7f1b22ce.jpeg'}, 'content': 'Magic we can unpack here guys \n\n![image](https://img.membit.ai/v2/3f9279a7-3253-ae8d-184e-163e4fb5650f.jpeg)', 'url': 'https://x.com/veanay_/status/2004930273377493300', 'timestamp': '2025-12-27T15:00:01Z', 'engagement': {'likes': 305, 'replies': 221, 'retweets': 157}, 'mentioned': None, 'search_score': 0.3740674117728511}, {'id': 891689320, 'uuid': '6dd1b8a9-2dae-93f7-3154-59760d6a6964', 'author': {'handle': '@WaterSoul55', 'name': 'WatercolorSoul🫧', 'profile_image': 'https://pbs.twimg.com/profile_images/1934112397502930944/glTlsW4N_normal.jpg'}, 'content': 'https://t.co/wjNKbS5vqK', 'url': 'https://x.com/WaterSoul55/status/2005452787908489217', 'timestamp': '2025-12-29T01:36:18Z', 'engagement': {'likes': 667, 'replies': 4, 'retweets': 190}, 'mentioned': None, 'search_score': 0.3739294655760469}, {'id': 892719723, 'uuid': '631d146e-3473-ffac-2405-a7b63967bf27', 'author': {'handle': '@StupendousNatur', 'name': 'A solo Traveler', 'profile_image': 'https://pbs.twimg.com/profile_images/2001691684292177930/_tYRj-B6_normal.jpg'}, 'content': 'https://t.co/VbHFTiVP1N', 'url': 'https://x.com/StupendousNatur/status/2005523072145936706', 'timestamp': '2025-12-29T06:15:35Z', 'engagement': {'likes': 105, 'replies': 1, 'retweets': 28}, 'mentioned': None, 'search_score': 0.37388365096537546}, {'id': 894089503, 'uuid': '835dc2a3-4868-ec0f-1443-2385575f44fc', 'author': {'handle': '@purelivn', 'name': '𝑝𝑢𝑟𝑒', 'profile_image': ''}, 'content': 'https://t.co/fFht5ezi5P', 'url': 'https://x.com/purelivn/status/2005607550767480883', 'timestamp': '2025-12-29T11:51:17Z', 'engagement': {'likes': 1285, 'replies': 8, 'retweets': 176}, 'mentioned': None, 'search_score': 0.3737495666169859}, {'id': 881822756, 'uuid': '4aceac5c-5280-3ee6-1fd0-02bb820ac59a', 'author': {'handle': '@KittyCatEmpire', 'name': 'Kitty Cat Empire', 'profile_image': 'https://img.membit.ai/v2/a05cbc73-f6f4-2810-5f28-5648cb6001a3.jpeg'}, 'content': '![image](https://img.membit.ai/v2/0e9bca30-fb0f-d3b4-e48e-2e6f31e4332c.jpeg)', 'url': 'https://x.com/KittyCatEmpire/status/2004835586247712925', 'timestamp': '2025-12-27T08:43:46Z', 'engagement': {'likes': 846, 'replies': 2, 'retweets': 182}, 'mentioned': None, 'search_score': 0.37364120117983224}, {'id': 883680398, 'uuid': '01d50551-2051-1996-9118-11a13373d4b0', 'author': {'handle': '@systematicls', 'name': 'sysls', 'profile_image': 'https://img.membit.ai/v2/fe76b5d6-f367-a5c0-2489-a99359c9d446.jpeg'}, 'content': '![image](https://img.membit.ai/v2/80eae617-7f06-d760-b33b-3496ae147965.jpeg)', 'url': 'https://x.com/systematicls/status/2004900241745883205', 'timestamp': '2025-12-27T13:00:41Z', 'engagement': {'likes': 14359, 'replies': 588, 'retweets': 3480}, 'mentioned': None, 'search_score': 0.3732154981455703}, {'id': 889770246, 'uuid': 'cbbf7a6d-dc31-0b7a-9b54-afe544a50eae', 'author': {'handle': '@water_diaries', 'name': 'TheWaterDiaries', 'profile_image': 'https://pbs.twimg.com/profile_images/1831946518816845824/Q-f2yl6H_normal.jpg'}, 'content': 'https://t.co/4PFMe2qjWG', 'url': 'https://x.com/water_diaries/status/2005326115792167399', 'timestamp': '2025-12-28T17:12:57Z', 'engagement': {'likes': 152, 'replies': 0, 'retweets': 49}, 'mentioned': None, 'search_score': 0.37317970951295554}, {'id': 879445078, 'uuid': '04b03094-abd4-948d-0ffe-806786b0d96f', 'author': {'handle': '@MuslimsMatters', 'name': 'MuslimMatters', 'profile_image': ''}, 'content': 'https://t.co/1G4KQvxsTJ', 'url': 'https://x.com/MuslimsMatters/status/2004688927584883155', 'timestamp': '2025-12-26T23:01:00Z', 'engagement': {'likes': 270, 'replies': 12, 'retweets': 30}, 'mentioned': None, 'search_score': 0.37313442721958}, {'id': 893234821, 'uuid': '1b4ed117-23ae-f501-da29-2b28d94c690e', 'author': {'handle': '@puppies_video', 'name': 'puppies video', 'profile_image': 'https://pbs.twimg.com/profile_images/1565672831358185472/0ESPjMiQ_normal.jpg'}, 'content': 'https://t.co/kqWGprWhRb', 'url': 'https://x.com/puppies_video/status/2005550195065667896', 'timestamp': '2025-12-29T08:03:22Z', 'engagement': {'likes': 147, 'replies': 0, 'retweets': 20}, 'mentioned': None, 'search_score': 0.3731227152132566}, {'id': 893723241, 'uuid': '8a3e3d4d-ac97-6846-b560-cb2736e92249', 'author': {'handle': '@Rania_22100', 'name': 'Dr Sania', 'profile_image': ''}, 'content': 'Only genius can solve this https://t.co/ZFVDURU05Q', 'url': 'https://x.com/Rania_22100/status/2005583437336641786', 'timestamp': '2025-12-29T10:15:28Z', 'engagement': {'likes': 171, 'replies': 158, 'retweets': 101}, 'mentioned': None, 'search_score': 0.37306757963974213}, {'id': 891838636, 'uuid': 'd5a7740d-9acf-10cf-4eb6-27ba1ed3752c', 'author': {'handle': '@cutecats_____', 'name': 'Cute Cats 🐱', 'profile_image': 'https://pbs.twimg.com/profile_images/1743626523939155968/aKHsguUy_normal.jpg'}, 'content': 'https://t.co/fFUjg1e98W', 'url': 'https://x.com/cutecats_____/status/2005473852386639910', 'timestamp': '2025-12-29T03:00:00Z', 'engagement': {'likes': 278, 'replies': 0, 'retweets': 34}, 'mentioned': None, 'search_score': 0.3730305167595971}, {'id': 888354548, 'uuid': '976db1f4-1554-ec53-53b8-9e3d5e9d3e3e', 'author': {'handle': '@MindMatterMoney', 'name': 'Leon', 'profile_image': ''}, 'content': 'https://t.co/c5MSQFDrDi', 'url': 'https://x.com/MindMatterMoney/status/2005259931679879434', 'timestamp': '2025-12-28T12:49:58Z', 'engagement': {'likes': 5280, 'replies': 31, 'retweets': 460}, 'mentioned': None, 'search_score': 0.3727279544066868}, {'id': 884412989, 'uuid': '39a8def5-de45-ff3a-d6f1-849a00d3c178', 'author': {'handle': '@2025pics', 'name': '11:11', 'profile_image': ''}, 'content': 'https://t.co/1FMEcxLMIl', 'url': 'https://x.com/2025pics/status/2005002639130722422', 'timestamp': '2025-12-27T19:47:34Z', 'engagement': {'likes': 3000, 'replies': 2, 'retweets': 427}, 'mentioned': None, 'search_score': 0.37238887426085165}, {'id': 888343939, 'uuid': '4559f491-e47d-663b-e35f-1d0b2c7aed59', 'author': {'handle': '@sweet_nector1', 'name': 'Sweet Nector', 'profile_image': 'https://pbs.twimg.com/profile_images/1931386176293748736/K8b6FEjh_normal.jpg'}, 'content': 'Can you identify what this is? https://t.co/pYIbuNItAe', 'url': 'https://x.com/sweet_nector1/status/2005253203030360451', 'timestamp': '2025-12-28T12:23:14Z', 'engagement': {'likes': 97, 'replies': 134, 'retweets': 27}, 'mentioned': None, 'search_score': 0.3723531773309876}, {'id': 895208174, 'uuid': '5bc5ac8b-21ab-68a4-392c-eea917eab348', 'author': {'handle': '@aestheticspost_', 'name': 'Aesthetics', 'profile_image': ''}, 'content': 'https://t.co/l73Hy0rrVh', 'url': 'https://x.com/aestheticspost_/status/2005669136291012900', 'timestamp': '2025-12-29T15:56:00Z', 'engagement': {'likes': 699, 'replies': 9, 'retweets': 121}, 'mentioned': None, 'search_score': 0.3722143697611833}, {'id': 894185942, 'uuid': '67725cf3-47b2-ac0d-19be-6e9af9a84371', 'author': {'handle': '@hawsett4', 'name': 'ocean', 'profile_image': 'https://pbs.twimg.com/profile_images/1873744984395980801/hIGv7aYS_normal.jpg'}, 'content': 'https://t.co/HCVUQGIBoR', 'url': 'https://x.com/hawsett4/status/2005611977033568584', 'timestamp': '2025-12-29T12:08:52Z', 'engagement': {'likes': 2787, 'replies': 11, 'retweets': 425}, 'mentioned': None, 'search_score': 0.37201685649442817}, {'id': 892644183, 'uuid': '41ffd04e-e088-4359-d4f6-bc1d20485125', 'author': {'handle': '@NaturalEye78321', 'name': 'Beauty of Nature 🥀', 'profile_image': 'https://pbs.twimg.com/profile_images/1884599763997163521/s9l2wsLM_normal.jpg'}, 'content': 'https://t.co/0XCYn3pBSR', 'url': 'https://x.com/NaturalEye78321/status/2005522640782667799', 'timestamp': '2025-12-29T06:13:53Z', 'engagement': {'likes': 425, 'replies': 2, 'retweets': 56}, 'mentioned': None, 'search_score': 0.3719225447755141}, {'id': 889617990, 'uuid': 'ce23b140-eeb9-05d5-64bb-0b52418fac5f', 'author': {'handle': '@2025pics', 'name': '11:11', 'profile_image': ''}, 'content': 'https://t.co/OuAWPzG5Tl', 'url': 'https://x.com/2025pics/status/2005332623095443658', 'timestamp': '2025-12-28T17:38:49Z', 'engagement': {'likes': 7036, 'replies': 34, 'retweets': 1223}, 'mentioned': None, 'search_score': 0.3716150401369809}, {'id': 883905678, 'uuid': '421dc7a5-2db4-3c2b-530e-7848306991ef', 'author': {'handle': '@itswords_', 'name': 'Words', 'profile_image': ''}, 'content': 'https://t.co/HX7wYZwWrs', 'url': 'https://x.com/itswords_/status/2004968017818779828', 'timestamp': '2025-12-27T17:30:00Z', 'engagement': {'likes': 26884, 'replies': 34, 'retweets': 6528}, 'mentioned': None, 'search_score': 0.3714982614989134}, {'id': 895148177, 'uuid': '0d52b7d1-7fb0-adf9-1066-3054e284363b', 'author': {'handle': '@iliasakhomach74', 'name': 'ILIAS AKHOMACH', 'profile_image': 'https://img.membit.ai/v2/e3d1097f-2b02-c77e-2827-cc3ba70a11aa.jpeg'}, 'content': '![image](https://img.membit.ai/v2/56e31efb-3e1e-d2ed-be09-cb09db2254ce.jpeg)', 'url': 'https://x.com/iliasakhomach74/status/2005626851679768911', 'timestamp': '2025-12-29T13:07:58Z', 'engagement': {'likes': 853, 'replies': 7, 'retweets': 89}, 'mentioned': None, 'search_score': 0.37065571106369344}, {'id': 891654828, 'uuid': 'c763ced0-1ed2-a403-1974-6fae83cfca62', 'author': {'handle': '@nocontextmemes', 'name': 'no context memes', 'profile_image': 'https://pbs.twimg.com/profile_images/1694331764091564032/My5iC3pg_normal.jpg'}, 'content': 'https://t.co/wQG07KVvVS', 'url': 'https://x.com/nocontextmemes/status/2005466558223569197', 'timestamp': '2025-12-29T02:31:01Z', 'engagement': {'likes': 25159, 'replies': 70, 'retweets': 932}, 'mentioned': None, 'search_score': 0.3706376153451818}, {'id': 893290112, 'uuid': 'bb613cb1-e2b9-1dcf-ab85-22c1b3be1ed5', 'author': {'handle': '@PISCESPRADA', 'name': '♓︎', 'profile_image': ''}, 'content': 'https://t.co/3civ3JezYR', 'url': 'https://x.com/PISCESPRADA/status/2005559140115157049', 'timestamp': '2025-12-29T08:38:55Z', 'engagement': {'likes': 1734, 'replies': 3, 'retweets': 273}, 'mentioned': None, 'search_score': 0.3706183958576619}]}
    [Membit] Found 100 posts
    [Tool] buy({"usd_amount": 500, "symbol": "BTC"})
  -> BUY | 3 tools
[qwen-3-32b] (basic) - Portfolio: $9,979.29
    [Tool] get_portfolio({"symbol": "BTC"})
  -> no action | 1 tools
[qwen-3-32b] (membit) - Portfolio: $9,987.54
    [Tool] get_portfolio({"symbol": "BTC"})
    [Tool] search_posts({"query": "BTC", "limit": 5})
    [Membit] post_search('BTC') raw response: {'posts': [{'id': 895235651, 'uuid': '2cb7648d-3d99-6e88-24e6-ba39ab340c46', 'author': {'handle': '@coingecko', 'name': 'CoinGecko', 'profile_image': 'https://img.membit.ai/v2/ee7990b1-344b-c1cd-e92e-50e8b4ac0e51.jpeg'}, 'content': 'GM', 'url': 'https://x.com/coingecko/status/2005672652006920561', 'timestamp': '2025-12-29T16:09:58Z', 'engagement': {'likes': 421, 'replies': 404, 'retweets': 17}, 'mentioned': None, 'search_score': 0.9330287326950143}, {'id': 888280252, 'uuid': 'd907a0ba-4d40-f2c8-5bcd-0cc005b8bb24', 'author': {'handle': '@yousef_ki1', 'name': 'Dr. Yousef 🇵🇸', 'profile_image': ''}, 'content': 'Boost', 'url': 'https://x.com/yousef_ki1/status/2005251011334885423', 'timestamp': '2025-12-28T12:14:31Z', 'engagement': {'likes': 1310, 'replies': 20, 'retweets': 265}, 'mentioned': None, 'search_score': 0.910484821680064}, {'id': 892886421, 'uuid': 'c3ec3c56-8535-4966-f055-10c15421d84f', 'author': {'handle': '@nacacaa_', 'name': 'nacaca', 'profile_image': 'https://pbs.twimg.com/profile_images/1877942254721196032/U-GHUwoj_normal.jpg'}, 'content': 'wow', 'url': 'https://x.com/nacacaa_/status/2005516727501885789', 'timestamp': '2025-12-29T05:50:23Z', 'engagement': {'likes': 200, 'replies': 121, 'retweets': 109}, 'mentioned': None, 'search_score': 0.888434312609427}, {'id': 893432882, 'uuid': 'e7d537c1-ad66-5fb4-53a9-73aa3b8b4836', 'author': {'handle': '@nacacaa_', 'name': 'nacaca', 'profile_image': 'https://pbs.twimg.com/profile_images/1877942254721196032/U-GHUwoj_normal.jpg'}, 'content': 'wow', 'url': 'https://x.com/nacacaa_/status/2005515514442084762', 'timestamp': '2025-12-29T05:45:33Z', 'engagement': {'likes': 132, 'replies': 121, 'retweets': 25}, 'mentioned': None, 'search_score': 0.8861426136901653}, {'id': 888540671, 'uuid': 'ba5fe996-3fe5-9163-9b34-9c35335ca0c2', 'author': {'handle': '@movie_tvshows_', 'name': 'Peak film moments', 'profile_image': 'https://img.membit.ai/v2/9c601f60-6556-637e-12b0-226e8705d01a.jpeg'}, 'content': 'Looper', 'url': 'https://x.com/movie_tvshows_/status/2005253648344051723', 'timestamp': '2025-12-28T12:25:00Z', 'engagement': {'likes': 2317, 'replies': 23, 'retweets': 84}, 'mentioned': None, 'search_score': 0.8835933985168255}]}
    [Membit] Found 5 posts
    [Tool] search_clusters({"query": "cryptocurrency", "limit": 3})
    [Membit] cluster_search('cryptocurrency') raw response: {'clusters': [{'label': 'Cryptocurrency and Fiat Criticism', 'summary': "The posts discuss the relationship between cryptocurrency, particularly Bitcoin, and the concept of freedom from traditional fiat currency and central banking systems. They use imagery and metaphors, including depictions of warriors and historical references, to convey the idea that cryptocurrencies offer an alternative to what they view as a flawed and oppressive financial system. The posts also touch on the themes of risk, reward, and the dynamics of market participation, especially in the context of new launches and the role of bots and 'degens' (a term for degenerate gamblers).", 'category': 'Crypto', 'engagement_score': 43449.974439518664, 'search_score': 0.9434408489248299}, {'label': '$10 to $3000 Cryptocurrency Giveaways and Contests', 'summary': 'Multiple users on social media are offering cryptocurrency giveaways, promising cash rewards to participants who like, comment, repost, or follow their posts, with some claiming to give away hundreds or thousands of dollars.', 'category': 'Crypto', 'engagement_score': 3397.493871224472, 'search_score': 0.9256427742105516}, {'label': 'Minnesota Daycare Business Idea', 'summary': 'Cryptocurrency investors are considering pivoting to open daycare centers, finding it a potentially more lucrative and less stressful business opportunity than trading cryptocurrency, with some joking about creating a cryptocurrency for fraudulent daycare centers.', 'category': 'Crypto', 'engagement_score': 71733.61445413025, 'search_score': 0.919230223132049}]}
    [Membit] Found 3 clusters
    [Tool] hold({"symbol": "BTC"})
  -> HOLD | 4 tools

Saved: run_20251230_064900.json

====================================================================================================
  RUN SUMMARY - Actions Taken
====================================================================================================
Model                Mode     Action   Details                                                    Tools 
----------------------------------------------------------------------------------------------------
llama3.1-8b          basic    BUY      $2,000 @ $87,112 -> 0.022959 BTC                           3     
llama3.1-8b          membit   NONE     No trade executed                                          2     
llama-3.3-70b        basic    NONE     No trade executed                                          1     
llama-3.3-70b        membit   BUY      $500 @ $87,112 -> 0.005740 BTC                             3     
qwen-3-32b           basic    NONE     No trade executed                                          1     
qwen-3-32b           membit   HOLD     Holding 0.037165 BTC ($3,238)                              4     
====================================================================================================

============================================================
  LEADERBOARD (BTC)
============================================================
Config                         Value        P&L          Return    
----------------------------------------------------------------
1. llama3.1-8b (membit)         $  9,989.20 $    -10.80    -0.11%
2. qwen-3-32b (membit)          $  9,987.54 $    -12.46    -0.12%
3. qwen-3-32b (basic)           $  9,979.29 $    -20.71    -0.21%
4. llama-3.3-70b (membit)       $  9,974.21 $    -25.79    -0.26%
5. llama-3.3-70b (basic)        $  9,973.74 $    -26.26    -0.26%
6. llama3.1-8b (basic)          $  9,960.78 $    -39.22    -0.39%

  WINNER: llama3.1-8b (membit) with $-10.80 (-0.11%)

Next run at: 2025-12-30T07:49:00
Sleeping for 60 minutes...

############################################################
  RUN #7
############################################################

============================================================
  Trading Simulation Run: 2025-12-30T07:49:00.724455
  Symbol: BTC | Starting Capital: $10,000
============================================================

BTC Price: $87,087.14

[llama3.1-8b] (basic) - Portfolio: $9,958.68
    [Tool] get_portfolio({"symbol": "BTC"})
    [Tool] get_portfolio({"symbol": "BTC"})
    [Tool] buy({"usd_amount": 875, "symbol": "BTC"})
  -> BUY | 3 tools
[llama3.1-8b] (membit) - Portfolio: $9,986.35
    [Tool] get_portfolio({"symbol": "BTC"})
    [Tool] search_posts({"query": "Bitcoin", "limit": 20})
    [Membit] post_search('Bitcoin') raw response: {'posts': [{'id': 888540671, 'uuid': 'ba5fe996-3fe5-9163-9b34-9c35335ca0c2', 'author': {'handle': '@movie_tvshows_', 'name': 'Peak film moments', 'profile_image': 'https://img.membit.ai/v2/9c601f60-6556-637e-12b0-226e8705d01a.jpeg'}, 'content': 'Looper', 'url': 'https://x.com/movie_tvshows_/status/2005253648344051723', 'timestamp': '2025-12-28T12:25:00Z', 'engagement': {'likes': 2317, 'replies': 23, 'retweets': 84}, 'mentioned': None, 'search_score': 0.9032543048983888}, {'id': 888280252, 'uuid': 'd907a0ba-4d40-f2c8-5bcd-0cc005b8bb24', 'author': {'handle': '@yousef_ki1', 'name': 'Dr. Yousef 🇵🇸', 'profile_image': ''}, 'content': 'Boost', 'url': 'https://x.com/yousef_ki1/status/2005251011334885423', 'timestamp': '2025-12-28T12:14:31Z', 'engagement': {'likes': 1310, 'replies': 20, 'retweets': 265}, 'mentioned': None, 'search_score': 0.8899043556664775}, {'id': 892430299, 'uuid': '673ea07b-1b2d-497d-6940-18ca00041816', 'author': {'handle': '@JackPosobiec', 'name': 'Jack Posobiec', 'profile_image': 'https://pbs.twimg.com/profile_images/1980376023259590656/1PIV6lvg_normal.jpg'}, 'content': 'Hero', 'url': 'https://x.com/JackPosobiec/status/2005513519845036273', 'timestamp': '2025-12-29T05:37:38Z', 'engagement': {'likes': 1673, 'replies': 77, 'retweets': 180}, 'mentioned': None, 'search_score': 0.8874041039312641}, {'id': 892886421, 'uuid': 'c3ec3c56-8535-4966-f055-10c15421d84f', 'author': {'handle': '@nacacaa_', 'name': 'nacaca', 'profile_image': 'https://pbs.twimg.com/profile_images/1877942254721196032/U-GHUwoj_normal.jpg'}, 'content': 'wow', 'url': 'https://x.com/nacacaa_/status/2005516727501885789', 'timestamp': '2025-12-29T05:50:23Z', 'engagement': {'likes': 200, 'replies': 121, 'retweets': 109}, 'mentioned': None, 'search_score': 0.8868096286030678}, {'id': 893432882, 'uuid': 'e7d537c1-ad66-5fb4-53a9-73aa3b8b4836', 'author': {'handle': '@nacacaa_', 'name': 'nacaca', 'profile_image': 'https://pbs.twimg.com/profile_images/1877942254721196032/U-GHUwoj_normal.jpg'}, 'content': 'wow', 'url': 'https://x.com/nacacaa_/status/2005515514442084762', 'timestamp': '2025-12-29T05:45:33Z', 'engagement': {'likes': 132, 'replies': 121, 'retweets': 25}, 'mentioned': None, 'search_score': 0.8861663322288261}, {'id': 896177968, 'uuid': '53188ba3-6ac6-8ac7-4e31-fedcd74850d5', 'author': {'handle': '@elonmusk', 'name': 'Elon Musk', 'profile_image': 'https://img.membit.ai/v2/9d1aa8ee-8a8f-b3e7-fad9-1fc69956f2b9.jpeg'}, 'content': 'Yeah', 'url': 'https://x.com/elonmusk/status/2005734535640801302', 'timestamp': '2025-12-29T20:15:52Z', 'engagement': {'likes': 1967, 'replies': 190, 'retweets': 114}, 'mentioned': None, 'search_score': 0.883087491298417}, {'id': 896030234, 'uuid': '9497a6fa-3f3c-0a19-1855-6ffe3fd10e8e', 'author': {'handle': '@elonmusk', 'name': 'Elon Musk', 'profile_image': 'https://img.membit.ai/v2/9d1aa8ee-8a8f-b3e7-fad9-1fc69956f2b9.jpeg'}, 'content': 'Yeah', 'url': 'https://x.com/elonmusk/status/2005724186103427087', 'timestamp': '2025-12-29T19:34:45Z', 'engagement': {'likes': 2442, 'replies': 168, 'retweets': 133}, 'mentioned': None, 'search_score': 0.8822098720715176}, {'id': 885487420, 'uuid': 'fd177422-b7dc-9c06-acba-c41a552a50ac', 'author': {'handle': '@Asmongold', 'name': 'Zack', 'profile_image': 'https://img.membit.ai/v2/64b1f1fb-4470-2ab0-4714-5876597ccd5e.jpeg'}, 'content': 'same', 'url': 'https://x.com/Asmongold/status/2005030224287989826', 'timestamp': '2025-12-27T21:37:11Z', 'engagement': {'likes': 14703, 'replies': 426, 'retweets': 150}, 'mentioned': None, 'search_score': 0.8796462566011352}, {'id': 895837140, 'uuid': 'a6c700ae-fee2-6dec-a93b-d833e627cc07', 'author': {'handle': '@elonmusk', 'name': 'Elon Musk', 'profile_image': 'https://img.membit.ai/v2/9d1aa8ee-8a8f-b3e7-fad9-1fc69956f2b9.jpeg'}, 'content': 'Wow', 'url': 'https://x.com/elonmusk/status/2005709924970775006', 'timestamp': '2025-12-29T18:38:05Z', 'engagement': {'likes': 1899, 'replies': 199, 'retweets': 125}, 'mentioned': None, 'search_score': 0.8730726657535592}, {'id': 895833619, 'uuid': '11781315-8cfc-91dc-bb7f-459049511cf0', 'author': {'handle': '@elonmusk', 'name': 'Elon Musk', 'profile_image': 'https://img.membit.ai/v2/9d1aa8ee-8a8f-b3e7-fad9-1fc69956f2b9.jpeg'}, 'content': 'Wow', 'url': 'https://x.com/elonmusk/status/2005709792082288697', 'timestamp': '2025-12-29T18:37:33Z', 'engagement': {'likes': 4049, 'replies': 235, 'retweets': 200}, 'mentioned': None, 'search_score': 0.8730726657535592}, {'id': 895235651, 'uuid': '2cb7648d-3d99-6e88-24e6-ba39ab340c46', 'author': {'handle': '@coingecko', 'name': 'CoinGecko', 'profile_image': 'https://img.membit.ai/v2/ee7990b1-344b-c1cd-e92e-50e8b4ac0e51.jpeg'}, 'content': 'GM', 'url': 'https://x.com/coingecko/status/2005672652006920561', 'timestamp': '2025-12-29T16:09:58Z', 'engagement': {'likes': 436, 'replies': 407, 'retweets': 17}, 'mentioned': None, 'search_score': 0.8709571586904848}, {'id': 895793244, 'uuid': '1dbfd81d-4190-84b7-9d4b-56e070a3fd5c', 'author': {'handle': '@HalfLife3Out', 'name': 'Is Half-Life 3 Out?', 'profile_image': 'https://img.membit.ai/v2/44591b32-de1c-1d73-ad65-3476eb7b0010.jpeg'}, 'content': 'no', 'url': 'https://x.com/HalfLife3Out/status/2005702229320462406', 'timestamp': '2025-12-29T18:07:30Z', 'engagement': {'likes': 522, 'replies': 23, 'retweets': 28}, 'mentioned': None, 'search_score': 0.8397110595724118}, {'id': 892198645, 'uuid': 'e49e950c-924b-1150-a388-15c96dfff885', 'author': {'handle': '@BarstoolBigCat', 'name': 'Big Cat', 'profile_image': 'https://img.membit.ai/v2/2abb10d5-ddd1-5888-d4f1-04ed253965bf.jpeg'}, 'content': 'Fuck', 'url': 'https://x.com/BarstoolBigCat/status/2005497623005061269', 'timestamp': '2025-12-29T04:34:28Z', 'engagement': {'likes': 1049, 'replies': 102, 'retweets': 11}, 'mentioned': None, 'search_score': 0.7858449184462346}, {'id': 888796064, 'uuid': '7749e1fe-adc0-3c51-d719-80e358e44b95', 'author': {'handle': '@RukminiVasantFP', 'name': 'Rukmini Vasanth', 'profile_image': ''}, 'content': 'https://t.co/IJKgOHD5kP', 'url': 'https://x.com/RukminiVasantFP/status/2005286996265349563', 'timestamp': '2025-12-28T14:37:30Z', 'engagement': {'likes': 5333, 'replies': 44, 'retweets': 140}, 'mentioned': None, 'search_score': 0.44639228243925644}, {'id': 893639009, 'uuid': '3dad5920-f365-f077-152e-4eed68535213', 'author': {'handle': '@purelivn', 'name': '𝑝𝑢𝑟𝑒', 'profile_image': ''}, 'content': 'https://t.co/sNhAQYSWwX', 'url': 'https://x.com/purelivn/status/2005579546498617579', 'timestamp': '2025-12-29T10:00:00Z', 'engagement': {'likes': 7891, 'replies': 14, 'retweets': 1393}, 'mentioned': None, 'search_score': 0.43827565067546215}, {'id': 889258304, 'uuid': '53932bb8-927b-2922-c0ef-f21b19efa936', 'author': {'handle': '@Floraaaa_11', 'name': 'OceanicAura', 'profile_image': 'https://pbs.twimg.com/profile_images/1995087944567390208/yqpAXJ5u_normal.jpg'}, 'content': 'https://t.co/ldjaWOoNkY', 'url': 'https://x.com/Floraaaa_11/status/2005217359515288011', 'timestamp': '2025-12-28T10:00:48Z', 'engagement': {'likes': 1022, 'replies': 7, 'retweets': 140}, 'mentioned': None, 'search_score': 0.4367990580521691}, {'id': 893172792, 'uuid': 'e8d69d62-c9cb-1d87-ee55-8f11b27d6de9', 'author': {'handle': '@NoContextHumans', 'name': 'Out of Context Human Race', 'profile_image': 'https://pbs.twimg.com/profile_images/1207636309508014081/hfA24vWM_normal.jpg'}, 'content': 'https://t.co/owRMlHJNhP', 'url': 'https://x.com/NoContextHumans/status/2005549346649952750', 'timestamp': '2025-12-29T08:00:00Z', 'engagement': {'likes': 8779, 'replies': 28, 'retweets': 371}, 'mentioned': None, 'search_score': 0.4359406125012051}, {'id': 884395322, 'uuid': 'ca277498-7044-d16a-a0de-fba6de296134', 'author': {'handle': '@islalona', 'name': 'Isla', 'profile_image': ''}, 'content': 'https://t.co/cqZBgigGED', 'url': 'https://x.com/islalona/status/2004893239636296096', 'timestamp': '2025-12-27T12:32:52Z', 'engagement': {'likes': 6714, 'replies': 25, 'retweets': 821}, 'mentioned': None, 'search_score': 0.42805953527856444}, {'id': 892459586, 'uuid': '15f13b16-fe6b-064f-3353-25a825473057', 'author': {'handle': '@liamgallagher', 'name': 'Liam Gallagher', 'profile_image': 'https://img.membit.ai/v2/10f95f65-bbb8-efc0-25db-714236568d4a.jpeg'}, 'content': 'CMON', 'url': 'https://x.com/liamgallagher/status/2005511827573371255', 'timestamp': '2025-12-29T05:30:54Z', 'engagement': {'likes': 4829, 'replies': 1040, 'retweets': 303}, 'mentioned': None, 'search_score': 0.41907374123700736}, {'id': 894653640, 'uuid': '58698c42-04f2-a216-a6a2-a5eb250a50d1', 'author': {'handle': '@NatureMuse_', 'name': 'Beauty of Nature', 'profile_image': ''}, 'content': 'https://t.co/gmmyUOTr4R', 'url': 'https://x.com/NatureMuse_/status/2005631219757928778', 'timestamp': '2025-12-29T13:25:20Z', 'engagement': {'likes': 211, 'replies': 2, 'retweets': 66}, 'mentioned': None, 'search_score': 0.4169549260893838}]}
    [Membit] Found 20 posts
    [Tool] search_clusters({"query": "Bitcoin", "limit": 10})
    [Membit] cluster_search('Bitcoin') raw response: {'clusters': [{'label': 'Bitcoin Institutional Adoption', 'summary': "A €1.5 trillion German banking giant, Sparkassen, plans to launch Bitcoin buying for its customers. Meanwhile, US fast food chain Steak 'n Shake considers paying staff in Bitcoin and notes that if all customers paid with Bitcoin, their sales would increase by nearly $500 million. The developments suggest growing adoption of Bitcoin in traditional finance and commerce.", 'category': 'Business & Finance', 'engagement_score': 4055.6892400426987, 'search_score': 0.7732625736467054}, {'label': '$BTC and gold performance comparison', 'summary': "Bitcoin's price movements are correlated with gold, with historical data showing that gold peaks often precede significant Bitcoin surges, potentially leading to a parabolic increase in Bitcoin's value. The MACD indicator is signaling a potential bullish crossover for Bitcoin, suggesting a possible upcoming rally. Bitcoin is referred to as 'digital gold' and its technical indicators suggest a potential reversal and oversold condition, leading analysts to predict a significant rally. Investors are comparing options between Bitcoin, gold, and silver for long-term growth and stability, with some predicting a parabolic move for Bitcoin in 2026.", 'category': 'Crypto', 'engagement_score': 11093.875680171363, 'search_score': 0.7429158273205303}, {'label': 'Bitcoin Christmas and Adoption', 'summary': "The posts feature various artistic depictions of Bitcoin, showcasing its symbolism in different scenarios, including Christmas and winter themes, as well as abstract representations. The images convey a sense of hope and trust in Bitcoin, highlighting its unique characteristics, such as scarcity and independence. Some posts also emphasize Bitcoin's presence in everyday life, like a Christmas gift or a symbol of hope in a snowy landscape.", 'category': 'Crypto', 'engagement_score': 7523.958752210497, 'search_score': 0.7391857326073015}, {'label': 'Bitcoin Mining and CBDC', 'summary': 'President Putin confirms the US and Russia are discussing a joint Bitcoin mining project powered by the Zaporizhzhia nuclear plant. China is turning on interest payments for the digital yuan, starting January 1, 2026, to boost adoption. The development marks a significant shift in cryptocurrency policies, with nation-states treating Bitcoin mining as strategic infrastructure.', 'category': 'Business & Finance', 'engagement_score': 5184.7856972230675, 'search_score': 0.7317455625119007}, {'label': '$BTC vs Precious Metals', 'summary': "Cryptocurrency investors are diversifying into physical silver, with some selling their Bitcoin holdings to buy large quantities of silver, driving up its price and making it hard to obtain. This trend has led to a significant shift, with silver's market cap now 2.6x larger than Bitcoin's. Meanwhile, online discussions compare the value and potential of Bitcoin to precious metals, with many suggesting that Bitcoin is a better or more truthful investment. Some predict a bubble in silver that will eventually burst, causing capital to flow into Bitcoin, while others argue that Bitcoin is the next silver or a more superior asset.", 'category': 'Crypto', 'engagement_score': 19533.87932646779, 'search_score': 0.6979797775117276}, {'label': '$BTC Investment and Freedom', 'summary': 'Various perspectives on Bitcoin are shared, including its potential for growth, financial freedom, and security. Some users encourage buying Bitcoin, citing its benefits and predicting a high price point of $250,000. Others share explanations on why Bitcoin is important, while some joke about buying during dips. Bitcoin is seen as offering a simple life, free from constant research and portfolio management, allowing for more time with loved ones and personal interests, and providing a sense of security and happiness, particularly in the face of potential future inflation.', 'category': 'Crypto', 'engagement_score': 9258.862354129114, 'search_score': 0.6882993205895012}, {'label': 'Satoshi Whale $BTC Purchases', 'summary': "Satoshi Nakamoto, the creator of Bitcoin, is now the 17th richest person with a net worth of over $95 billion. His wallet has lost over $42 billion in value since Bitcoin's all-time high. Meanwhile, a Satoshi-era whale has been buying large amounts of Bitcoin, purchasing $435 million and $503 million worth in recent transactions. The whale has been buying every Bitcoin dip since 2014 and 2015, suggesting they have strong faith in the cryptocurrency's future. Satoshi's identity remains unknown, and his Bitcoin holdings have not moved in 16 years.", 'category': 'Crypto', 'engagement_score': 4292.36570913774, 'search_score': 0.6879962335031147}, {'label': '$BTC and silver price relationship', 'summary': "Several posts discuss a potential rotation of investment from silver and gold into Bitcoin, with some predicting a significant price increase for Bitcoin as a result. Some users believe that the collapse of the silver price will lead to a surge in Bitcoin's value, while others see Bitcoin as a more reliable investment than silver or gold. A few posts also mention a potential comparison between the price movements of silver and Bitcoin.", 'category': 'Crypto', 'engagement_score': 12365.102477774124, 'search_score': 0.6827638537128742}, {'label': 'Eric Trump $BTC Investment Comments', 'summary': "Eric Trump praises Bitcoin, stating it's the greatest asset ever seen and that money will flow from gold into Bitcoin. He also mentions that banks are scared of Bitcoin's ability to send large sums with zero fees.", 'category': 'Crypto', 'engagement_score': 6859.1143337229205, 'search_score': 0.6797242201630759}, {'label': 'Bitcoin Real Yield Solutions', 'summary': 'The posts discuss Bitcoin yield and staking infrastructure, highlighting the potential for Bitcoin holders to earn steady APY with minimal risk. Institutional Bitcoin holdings are seen as idle assets that can be made productive through secure and regulated yield models. @IxsFinance offers a solution for institutions to earn 4-12% APY on their Bitcoin holdings without selling or lending them out. The benefits of BTC real yield include no selling BTC, no DeFi risk, fully licensed, real-world collateral, and better capital efficiency. Some users are researching different yield options, including @MezoNetwork and @IxsFinance.', 'category': 'Business & Finance', 'engagement_score': 1668.4692360434244, 'search_score': 0.6778294614087552}]}
    [Membit] Found 10 clusters
    [Tool] get_portfolio({"symbol": "BTC"})
    [Tool] search_clusters({"query": "Bitcoin", "limit": 10})
    [Membit] cluster_search('Bitcoin') raw response: {'clusters': [{'label': 'Bitcoin Institutional Adoption', 'summary': "A €1.5 trillion German banking giant, Sparkassen, plans to launch Bitcoin buying for its customers. Meanwhile, US fast food chain Steak 'n Shake considers paying staff in Bitcoin and notes that if all customers paid with Bitcoin, their sales would increase by nearly $500 million. The developments suggest growing adoption of Bitcoin in traditional finance and commerce.", 'category': 'Business & Finance', 'engagement_score': 4055.6892400426987, 'search_score': 0.7732625736467054}, {'label': '$BTC and gold performance comparison', 'summary': "Bitcoin's price movements are correlated with gold, with historical data showing that gold peaks often precede significant Bitcoin surges, potentially leading to a parabolic increase in Bitcoin's value. The MACD indicator is signaling a potential bullish crossover for Bitcoin, suggesting a possible upcoming rally. Bitcoin is referred to as 'digital gold' and its technical indicators suggest a potential reversal and oversold condition, leading analysts to predict a significant rally. Investors are comparing options between Bitcoin, gold, and silver for long-term growth and stability, with some predicting a parabolic move for Bitcoin in 2026.", 'category': 'Crypto', 'engagement_score': 11093.875680171363, 'search_score': 0.7429158273205303}, {'label': 'Bitcoin Christmas and Adoption', 'summary': "The posts feature various artistic depictions of Bitcoin, showcasing its symbolism in different scenarios, including Christmas and winter themes, as well as abstract representations. The images convey a sense of hope and trust in Bitcoin, highlighting its unique characteristics, such as scarcity and independence. Some posts also emphasize Bitcoin's presence in everyday life, like a Christmas gift or a symbol of hope in a snowy landscape.", 'category': 'Crypto', 'engagement_score': 7523.958752210497, 'search_score': 0.7391857326073015}, {'label': 'Bitcoin Mining and CBDC', 'summary': 'President Putin confirms the US and Russia are discussing a joint Bitcoin mining project powered by the Zaporizhzhia nuclear plant. China is turning on interest payments for the digital yuan, starting January 1, 2026, to boost adoption. The development marks a significant shift in cryptocurrency policies, with nation-states treating Bitcoin mining as strategic infrastructure.', 'category': 'Business & Finance', 'engagement_score': 5184.7856972230675, 'search_score': 0.7317455625119007}, {'label': '$BTC vs Precious Metals', 'summary': "Cryptocurrency investors are diversifying into physical silver, with some selling their Bitcoin holdings to buy large quantities of silver, driving up its price and making it hard to obtain. This trend has led to a significant shift, with silver's market cap now 2.6x larger than Bitcoin's. Meanwhile, online discussions compare the value and potential of Bitcoin to precious metals, with many suggesting that Bitcoin is a better or more truthful investment. Some predict a bubble in silver that will eventually burst, causing capital to flow into Bitcoin, while others argue that Bitcoin is the next silver or a more superior asset.", 'category': 'Crypto', 'engagement_score': 19533.87932646779, 'search_score': 0.6979797775117276}, {'label': '$BTC Investment and Freedom', 'summary': 'Various perspectives on Bitcoin are shared, including its potential for growth, financial freedom, and security. Some users encourage buying Bitcoin, citing its benefits and predicting a high price point of $250,000. Others share explanations on why Bitcoin is important, while some joke about buying during dips. Bitcoin is seen as offering a simple life, free from constant research and portfolio management, allowing for more time with loved ones and personal interests, and providing a sense of security and happiness, particularly in the face of potential future inflation.', 'category': 'Crypto', 'engagement_score': 9258.862354129114, 'search_score': 0.6882993205895012}, {'label': 'Satoshi Whale $BTC Purchases', 'summary': "Satoshi Nakamoto, the creator of Bitcoin, is now the 17th richest person with a net worth of over $95 billion. His wallet has lost over $42 billion in value since Bitcoin's all-time high. Meanwhile, a Satoshi-era whale has been buying large amounts of Bitcoin, purchasing $435 million and $503 million worth in recent transactions. The whale has been buying every Bitcoin dip since 2014 and 2015, suggesting they have strong faith in the cryptocurrency's future. Satoshi's identity remains unknown, and his Bitcoin holdings have not moved in 16 years.", 'category': 'Crypto', 'engagement_score': 4292.36570913774, 'search_score': 0.6879962335031147}, {'label': '$BTC and silver price relationship', 'summary': "Several posts discuss a potential rotation of investment from silver and gold into Bitcoin, with some predicting a significant price increase for Bitcoin as a result. Some users believe that the collapse of the silver price will lead to a surge in Bitcoin's value, while others see Bitcoin as a more reliable investment than silver or gold. A few posts also mention a potential comparison between the price movements of silver and Bitcoin.", 'category': 'Crypto', 'engagement_score': 12365.102477774124, 'search_score': 0.6827638537128742}, {'label': 'Eric Trump $BTC Investment Comments', 'summary': "Eric Trump praises Bitcoin, stating it's the greatest asset ever seen and that money will flow from gold into Bitcoin. He also mentions that banks are scared of Bitcoin's ability to send large sums with zero fees.", 'category': 'Crypto', 'engagement_score': 6859.1143337229205, 'search_score': 0.6797242201630759}, {'label': 'Bitcoin Real Yield Solutions', 'summary': 'The posts discuss Bitcoin yield and staking infrastructure, highlighting the potential for Bitcoin holders to earn steady APY with minimal risk. Institutional Bitcoin holdings are seen as idle assets that can be made productive through secure and regulated yield models. @IxsFinance offers a solution for institutions to earn 4-12% APY on their Bitcoin holdings without selling or lending them out. The benefits of BTC real yield include no selling BTC, no DeFi risk, fully licensed, real-world collateral, and better capital efficiency. Some users are researching different yield options, including @MezoNetwork and @IxsFinance.', 'category': 'Business & Finance', 'engagement_score': 1668.4692360434244, 'search_score': 0.6778294614087552}]}
    [Membit] Found 10 clusters
    [Tool] buy({"usd_amount": 8.72, "symbol": "BTC"})
  -> BUY | 6 tools
[llama-3.3-70b] (basic) - Portfolio: $9,971.61
    [Tool] get_portfolio({"symbol": "BTC"})
  -> no action | 1 tools
[llama-3.3-70b] (membit) - Portfolio: $9,971.79
    [Tool] get_portfolio({"symbol": "BTC"})
    [Tool] search_posts({"query": "BTC", "limit": 10})
    [Membit] post_search('BTC') raw response: {'posts': [{'id': 895235651, 'uuid': '2cb7648d-3d99-6e88-24e6-ba39ab340c46', 'author': {'handle': '@coingecko', 'name': 'CoinGecko', 'profile_image': 'https://img.membit.ai/v2/ee7990b1-344b-c1cd-e92e-50e8b4ac0e51.jpeg'}, 'content': 'GM', 'url': 'https://x.com/coingecko/status/2005672652006920561', 'timestamp': '2025-12-29T16:09:58Z', 'engagement': {'likes': 436, 'replies': 407, 'retweets': 17}, 'mentioned': None, 'search_score': 0.9330287326950143}, {'id': 888280252, 'uuid': 'd907a0ba-4d40-f2c8-5bcd-0cc005b8bb24', 'author': {'handle': '@yousef_ki1', 'name': 'Dr. Yousef 🇵🇸', 'profile_image': ''}, 'content': 'Boost', 'url': 'https://x.com/yousef_ki1/status/2005251011334885423', 'timestamp': '2025-12-28T12:14:31Z', 'engagement': {'likes': 1310, 'replies': 20, 'retweets': 265}, 'mentioned': None, 'search_score': 0.910484821680064}, {'id': 892886421, 'uuid': 'c3ec3c56-8535-4966-f055-10c15421d84f', 'author': {'handle': '@nacacaa_', 'name': 'nacaca', 'profile_image': 'https://pbs.twimg.com/profile_images/1877942254721196032/U-GHUwoj_normal.jpg'}, 'content': 'wow', 'url': 'https://x.com/nacacaa_/status/2005516727501885789', 'timestamp': '2025-12-29T05:50:23Z', 'engagement': {'likes': 200, 'replies': 121, 'retweets': 109}, 'mentioned': None, 'search_score': 0.888434312609427}, {'id': 893432882, 'uuid': 'e7d537c1-ad66-5fb4-53a9-73aa3b8b4836', 'author': {'handle': '@nacacaa_', 'name': 'nacaca', 'profile_image': 'https://pbs.twimg.com/profile_images/1877942254721196032/U-GHUwoj_normal.jpg'}, 'content': 'wow', 'url': 'https://x.com/nacacaa_/status/2005515514442084762', 'timestamp': '2025-12-29T05:45:33Z', 'engagement': {'likes': 132, 'replies': 121, 'retweets': 25}, 'mentioned': None, 'search_score': 0.8861426136901653}, {'id': 888540671, 'uuid': 'ba5fe996-3fe5-9163-9b34-9c35335ca0c2', 'author': {'handle': '@movie_tvshows_', 'name': 'Peak film moments', 'profile_image': 'https://img.membit.ai/v2/9c601f60-6556-637e-12b0-226e8705d01a.jpeg'}, 'content': 'Looper', 'url': 'https://x.com/movie_tvshows_/status/2005253648344051723', 'timestamp': '2025-12-28T12:25:00Z', 'engagement': {'likes': 2317, 'replies': 23, 'retweets': 84}, 'mentioned': None, 'search_score': 0.8835933985168255}, {'id': 885487420, 'uuid': 'fd177422-b7dc-9c06-acba-c41a552a50ac', 'author': {'handle': '@Asmongold', 'name': 'Zack', 'profile_image': 'https://img.membit.ai/v2/64b1f1fb-4470-2ab0-4714-5876597ccd5e.jpeg'}, 'content': 'same', 'url': 'https://x.com/Asmongold/status/2005030224287989826', 'timestamp': '2025-12-27T21:37:11Z', 'engagement': {'likes': 14703, 'replies': 426, 'retweets': 150}, 'mentioned': None, 'search_score': 0.8797417704192144}, {'id': 896177968, 'uuid': '53188ba3-6ac6-8ac7-4e31-fedcd74850d5', 'author': {'handle': '@elonmusk', 'name': 'Elon Musk', 'profile_image': 'https://img.membit.ai/v2/9d1aa8ee-8a8f-b3e7-fad9-1fc69956f2b9.jpeg'}, 'content': 'Yeah', 'url': 'https://x.com/elonmusk/status/2005734535640801302', 'timestamp': '2025-12-29T20:15:52Z', 'engagement': {'likes': 1967, 'replies': 190, 'retweets': 114}, 'mentioned': None, 'search_score': 0.8568852844875835}, {'id': 896030234, 'uuid': '9497a6fa-3f3c-0a19-1855-6ffe3fd10e8e', 'author': {'handle': '@elonmusk', 'name': 'Elon Musk', 'profile_image': 'https://img.membit.ai/v2/9d1aa8ee-8a8f-b3e7-fad9-1fc69956f2b9.jpeg'}, 'content': 'Yeah', 'url': 'https://x.com/elonmusk/status/2005724186103427087', 'timestamp': '2025-12-29T19:34:45Z', 'engagement': {'likes': 2442, 'replies': 168, 'retweets': 133}, 'mentioned': None, 'search_score': 0.8541612583667232}, {'id': 895793244, 'uuid': '1dbfd81d-4190-84b7-9d4b-56e070a3fd5c', 'author': {'handle': '@HalfLife3Out', 'name': 'Is Half-Life 3 Out?', 'profile_image': 'https://img.membit.ai/v2/44591b32-de1c-1d73-ad65-3476eb7b0010.jpeg'}, 'content': 'no', 'url': 'https://x.com/HalfLife3Out/status/2005702229320462406', 'timestamp': '2025-12-29T18:07:30Z', 'engagement': {'likes': 522, 'replies': 23, 'retweets': 28}, 'mentioned': None, 'search_score': 0.8466451943448288}, {'id': 895837140, 'uuid': 'a6c700ae-fee2-6dec-a93b-d833e627cc07', 'author': {'handle': '@elonmusk', 'name': 'Elon Musk', 'profile_image': 'https://img.membit.ai/v2/9d1aa8ee-8a8f-b3e7-fad9-1fc69956f2b9.jpeg'}, 'content': 'Wow', 'url': 'https://x.com/elonmusk/status/2005709924970775006', 'timestamp': '2025-12-29T18:38:05Z', 'engagement': {'likes': 1899, 'replies': 199, 'retweets': 125}, 'mentioned': None, 'search_score': 0.822375099248982}]}
    [Membit] Found 10 posts
    [Tool] buy({"usd_amount": 750, "symbol": "BTC"})
  -> BUY | 3 tools
[qwen-3-32b] (basic) - Portfolio: $9,977.87
    [Tool] get_portfolio({"symbol": "BTC"})
  -> no action | 1 tools
[qwen-3-32b] (membit) - Portfolio: $9,986.62
    [Tool] get_portfolio({"symbol": "BTC"})
    [Tool] search_posts({"query": "BTC", "limit": 5})
    [Membit] post_search('BTC') raw response: {'posts': [{'id': 895235651, 'uuid': '2cb7648d-3d99-6e88-24e6-ba39ab340c46', 'author': {'handle': '@coingecko', 'name': 'CoinGecko', 'profile_image': 'https://img.membit.ai/v2/ee7990b1-344b-c1cd-e92e-50e8b4ac0e51.jpeg'}, 'content': 'GM', 'url': 'https://x.com/coingecko/status/2005672652006920561', 'timestamp': '2025-12-29T16:09:58Z', 'engagement': {'likes': 436, 'replies': 407, 'retweets': 17}, 'mentioned': None, 'search_score': 0.9330287326950143}, {'id': 888280252, 'uuid': 'd907a0ba-4d40-f2c8-5bcd-0cc005b8bb24', 'author': {'handle': '@yousef_ki1', 'name': 'Dr. Yousef 🇵🇸', 'profile_image': ''}, 'content': 'Boost', 'url': 'https://x.com/yousef_ki1/status/2005251011334885423', 'timestamp': '2025-12-28T12:14:31Z', 'engagement': {'likes': 1310, 'replies': 20, 'retweets': 265}, 'mentioned': None, 'search_score': 0.910484821680064}, {'id': 892886421, 'uuid': 'c3ec3c56-8535-4966-f055-10c15421d84f', 'author': {'handle': '@nacacaa_', 'name': 'nacaca', 'profile_image': 'https://pbs.twimg.com/profile_images/1877942254721196032/U-GHUwoj_normal.jpg'}, 'content': 'wow', 'url': 'https://x.com/nacacaa_/status/2005516727501885789', 'timestamp': '2025-12-29T05:50:23Z', 'engagement': {'likes': 200, 'replies': 121, 'retweets': 109}, 'mentioned': None, 'search_score': 0.888434312609427}, {'id': 893432882, 'uuid': 'e7d537c1-ad66-5fb4-53a9-73aa3b8b4836', 'author': {'handle': '@nacacaa_', 'name': 'nacaca', 'profile_image': 'https://pbs.twimg.com/profile_images/1877942254721196032/U-GHUwoj_normal.jpg'}, 'content': 'wow', 'url': 'https://x.com/nacacaa_/status/2005515514442084762', 'timestamp': '2025-12-29T05:45:33Z', 'engagement': {'likes': 132, 'replies': 121, 'retweets': 25}, 'mentioned': None, 'search_score': 0.8861426136901653}, {'id': 888540671, 'uuid': 'ba5fe996-3fe5-9163-9b34-9c35335ca0c2', 'author': {'handle': '@movie_tvshows_', 'name': 'Peak film moments', 'profile_image': 'https://img.membit.ai/v2/9c601f60-6556-637e-12b0-226e8705d01a.jpeg'}, 'content': 'Looper', 'url': 'https://x.com/movie_tvshows_/status/2005253648344051723', 'timestamp': '2025-12-28T12:25:00Z', 'engagement': {'likes': 2317, 'replies': 23, 'retweets': 84}, 'mentioned': None, 'search_score': 0.8835933985168255}]}
    [Membit] Found 5 posts
    [Tool] get_portfolio({"symbol": "BTC"})
    [Tool] search_posts({"query": "BTC", "limit": 5})
    [Membit] post_search('BTC') raw response: {'posts': [{'id': 895235651, 'uuid': '2cb7648d-3d99-6e88-24e6-ba39ab340c46', 'author': {'handle': '@coingecko', 'name': 'CoinGecko', 'profile_image': 'https://img.membit.ai/v2/ee7990b1-344b-c1cd-e92e-50e8b4ac0e51.jpeg'}, 'content': 'GM', 'url': 'https://x.com/coingecko/status/2005672652006920561', 'timestamp': '2025-12-29T16:09:58Z', 'engagement': {'likes': 436, 'replies': 407, 'retweets': 17}, 'mentioned': None, 'search_score': 0.9330287326950143}, {'id': 888280252, 'uuid': 'd907a0ba-4d40-f2c8-5bcd-0cc005b8bb24', 'author': {'handle': '@yousef_ki1', 'name': 'Dr. Yousef 🇵🇸', 'profile_image': ''}, 'content': 'Boost', 'url': 'https://x.com/yousef_ki1/status/2005251011334885423', 'timestamp': '2025-12-28T12:14:31Z', 'engagement': {'likes': 1310, 'replies': 20, 'retweets': 265}, 'mentioned': None, 'search_score': 0.910484821680064}, {'id': 892886421, 'uuid': 'c3ec3c56-8535-4966-f055-10c15421d84f', 'author': {'handle': '@nacacaa_', 'name': 'nacaca', 'profile_image': 'https://pbs.twimg.com/profile_images/1877942254721196032/U-GHUwoj_normal.jpg'}, 'content': 'wow', 'url': 'https://x.com/nacacaa_/status/2005516727501885789', 'timestamp': '2025-12-29T05:50:23Z', 'engagement': {'likes': 200, 'replies': 121, 'retweets': 109}, 'mentioned': None, 'search_score': 0.888434312609427}, {'id': 893432882, 'uuid': 'e7d537c1-ad66-5fb4-53a9-73aa3b8b4836', 'author': {'handle': '@nacacaa_', 'name': 'nacaca', 'profile_image': 'https://pbs.twimg.com/profile_images/1877942254721196032/U-GHUwoj_normal.jpg'}, 'content': 'wow', 'url': 'https://x.com/nacacaa_/status/2005515514442084762', 'timestamp': '2025-12-29T05:45:33Z', 'engagement': {'likes': 132, 'replies': 121, 'retweets': 25}, 'mentioned': None, 'search_score': 0.8861426136901653}, {'id': 888540671, 'uuid': 'ba5fe996-3fe5-9163-9b34-9c35335ca0c2', 'author': {'handle': '@movie_tvshows_', 'name': 'Peak film moments', 'profile_image': 'https://img.membit.ai/v2/9c601f60-6556-637e-12b0-226e8705d01a.jpeg'}, 'content': 'Looper', 'url': 'https://x.com/movie_tvshows_/status/2005253648344051723', 'timestamp': '2025-12-28T12:25:00Z', 'engagement': {'likes': 2317, 'replies': 23, 'retweets': 84}, 'mentioned': None, 'search_score': 0.8835933985168255}]}
    [Membit] Found 5 posts
    [Tool] search_clusters({"query": "BTC", "limit": 3})
    [Membit] cluster_search('BTC') raw response: {'clusters': [{'label': 'Mezo Network $BTC DeFi Solutions', 'summary': "Mezo Network is developing a Bitcoin-native economic layer that enables productive use of BTC without wrapping, bridging, or diluting it. The platform offers various tools, including fixed-rate borrowing, a dollar-pegged stablecoin, and BitcoinFi apps, allowing users to lock their BTC and earn a sustainable yield. Mezo's approach prioritizes keeping BTC at the center of the system, enabling users to control their own 'onchain bank' and generate yield with minimal risk. The platform provides a fee-backed yield with a 100 BTC cap and 4% APY through its Prime Access program. Mezo Network has experienced significant growth, with $73 million in TVL and 300% growth in one month since Mezo Earn launched.", 'category': 'Crypto', 'engagement_score': 8846.941481149235, 'search_score': 0.9099474062319208}, {'label': '$BTC long-term holder selling', 'summary': "There are conflicting reports on long-term Bitcoin holders' selling activity, with one indicating a massive sell-off of $300B worth of BTC in 2025, causing a 32% price drop, and another stating that long-term holders sold only 2.7K BTC in a day, the lowest in 2025, with the spot price around $87.8K.", 'category': 'Crypto', 'engagement_score': 7153.482552793309, 'search_score': 0.8174190362613111}, {'label': '$BTC long-term holder selling and supply in loss', 'summary': "Long-term Bitcoin holders are selling at a loss, with 6.6 million BTC currently held at a loss, potentially leading to increased volatility and sell pressure, however historical data suggests it's not at a major top; over 7 million BTC are now below breakeven with unrealized losses at cycle highs.", 'category': 'Crypto', 'engagement_score': 2654.7814975640135, 'search_score': 0.8086560064717716}]}
    [Membit] Found 3 clusters
    [Tool] get_cluster_info({"cluster_label": "BTC1", "limit": 3})
    [Tool] buy({"usd_amount": 1000.0, "symbol": "BTC"})
  -> BUY | 7 tools

Saved: run_20251230_074951.json

====================================================================================================
  RUN SUMMARY - Actions Taken
====================================================================================================
Model                Mode     Action   Details                                                    Tools 
----------------------------------------------------------------------------------------------------
llama3.1-8b          basic    BUY      $875 @ $87,087 -> 0.010047 BTC                             3     
llama3.1-8b          membit   BUY      $9 @ $87,087 -> 0.000100 BTC                               6     
llama-3.3-70b        basic    NONE     No trade executed                                          1     
llama-3.3-70b        membit   BUY      $750 @ $87,087 -> 0.008612 BTC                             3     
qwen-3-32b           basic    NONE     No trade executed                                          1     
qwen-3-32b           membit   BUY      $1,000 @ $87,087 -> 0.011483 BTC                           7     
====================================================================================================

============================================================
  LEADERBOARD (BTC)
============================================================
Config                         Value        P&L          Return    
----------------------------------------------------------------
1. qwen-3-32b (membit)          $  9,986.62 $    -13.38    -0.13%
2. llama3.1-8b (membit)         $  9,986.35 $    -13.65    -0.14%
3. qwen-3-32b (basic)           $  9,977.87 $    -22.13    -0.22%
4. llama-3.3-70b (membit)       $  9,971.79 $    -28.21    -0.28%
5. llama-3.3-70b (basic)        $  9,971.61 $    -28.39    -0.28%
6. llama3.1-8b (basic)          $  9,958.68 $    -41.32    -0.41%

  WINNER: qwen-3-32b (membit) with $-13.38 (-0.13%)

Next run at: 2025-12-30T08:49:51
Sleeping for 60 minutes...

############################################################
  RUN #8
############################################################

============================================================
  Trading Simulation Run: 2025-12-30T08:49:52.135026
  Symbol: BTC | Starting Capital: $10,000
============================================================

BTC Price: $87,221.98

[llama3.1-8b] (basic) - Portfolio: $9,971.39
    [Tool] get_portfolio({"symbol": "BTC"})
    [Tool] buy({"usd_amount": 876.4, "symbol": "BTC"})
  -> BUY | 2 tools
[llama3.1-8b] (membit) - Portfolio: $10,001.82
    [Tool] get_portfolio({"symbol": "BTC"})
    [Tool] hold({"symbol": "BTC"})
  -> HOLD | 2 tools
[llama-3.3-70b] (basic) - Portfolio: $9,983.17
    [Tool] get_portfolio({"symbol": "BTC"})
    [Tool] hold({"symbol": "BTC"})
  -> HOLD | 2 tools
[llama-3.3-70b] (membit) - Portfolio: $9,986.07
    [Tool] get_portfolio({"symbol": "BTC"})
    [Tool] search_posts({"query": "BTC market sentiment", "limit": 10})
    [Membit] post_search('BTC market sentiment') raw response: {'posts': [{'id': 895486765, 'uuid': 'd17daff1-5184-2219-f062-06f2de48fb93', 'author': {'handle': '@AdamBLiv', 'name': 'Adam Livingston', 'profile_image': 'https://img.membit.ai/v2/b76b733c-c3f9-08a3-2364-9eb8c56e83cb.jpeg'}, 'content': "There is literally zero reason to be bearish on Bitcoin.\n\nIf you are, you don't understand it enough.\n\nGet back to work.", 'url': 'https://x.com/AdamBLiv/status/2005675731284795412', 'timestamp': '2025-12-29T16:22:12Z', 'engagement': {'likes': 351, 'replies': 85, 'retweets': 30}, 'mentioned': None, 'search_score': 0.5207178483909664}, {'id': 889564195, 'uuid': 'fd9959b4-e37c-e1a7-81b6-b72a02ee5d8e', 'author': {'handle': '@BobLoukas', 'name': 'Bob Loukas ', 'profile_image': 'https://img.membit.ai/v2/2c4cbe69-229e-08fe-e3bf-7a2c8e779ad9.jpeg'}, 'content': 'Have very mixed feeling on Bitcoin currently.  \n\nSentiment is in the gutter and we could argue overdue some type of strong countertrend rally. \n\nYet, I really dislike the price action, the tape feel (for me) is one wanting to start another big leg lower.', 'url': 'https://x.com/BobLoukas/status/2005330899899121670', 'timestamp': '2025-12-28T17:31:58Z', 'engagement': {'likes': 1352, 'replies': 190, 'retweets': 57}, 'mentioned': None, 'search_score': 0.5072364937563388}, {'id': 883596571, 'uuid': 'f2205332-b167-4f05-343b-3f1c381da500', 'author': {'handle': '@Bobby_1111888', 'name': 'Bobby A', 'profile_image': 'https://img.membit.ai/v2/904136fe-d96c-3a57-49aa-f7ed8a280acc.jpeg'}, 'content': "BTC is bottoming right before your very eyes, but you're bearish and poor. Have fun.", 'url': 'https://x.com/Bobby_1111888/status/2004942221947318553', 'timestamp': '2025-12-27T15:47:30Z', 'engagement': {'likes': 697, 'replies': 56, 'retweets': 30}, 'mentioned': None, 'search_score': 0.49864366410748784}, {'id': 884375682, 'uuid': '3a1a60be-899f-a0c9-37d7-a418104fb0a0', 'author': {'handle': '@AshCrypto', 'name': 'Ash Crypto', 'profile_image': 'https://img.membit.ai/v2/3ef3b124-f6ef-9f31-b334-347c6328b23e.jpeg'}, 'content': 'This is the worst sentiment I have ever seen in crypto and I have seen a lot of shit since 2016.', 'url': 'https://x.com/AshCrypto/status/2005002810325352662', 'timestamp': '2025-12-27T19:48:15Z', 'engagement': {'likes': 1306, 'replies': 339, 'retweets': 82}, 'mentioned': None, 'search_score': 0.4849307898644395}, {'id': 883652216, 'uuid': 'b2eed3cf-9350-25de-dc70-88a357dbf744', 'author': {'handle': '@alexstanczyk', 'name': 'Alex Stanczyk ∞/21m', 'profile_image': 'https://img.membit.ai/v2/a5fe18c5-04de-b899-64f2-a29e11a6733d.jpeg'}, 'content': 'The amount of dunking on pro bitcoin posts on X appears to be reaching epic levels.\n\nThe amount of capitulation as well. I have seen long term holders who have sold or are considering selling.\n\nI have never seen sentiment this bad in the last 5 years.\n\nBullish AF.', 'url': 'https://x.com/alexstanczyk/status/2004906351999549587', 'timestamp': '2025-12-27T13:24:58Z', 'engagement': {'likes': 330, 'replies': 72, 'retweets': 9}, 'mentioned': None, 'search_score': 0.4740970567195819}, {'id': 894866410, 'uuid': '7677f0ad-8796-2aa1-4b2b-ad002cdb79b2', 'author': {'handle': '@cyrilXBT', 'name': 'CyrilXBT', 'profile_image': 'https://img.membit.ai/v2/27376cd5-5ee1-77b7-f078-5080c767f9fc.jpeg'}, 'content': 'Well I guess not $BTC \n\n![image](https://img.membit.ai/v2/d13a310f-c322-dca0-29ce-05dddf157828.jpeg)\n\n![image](https://img.membit.ai/v2/5f286eb0-14ef-643e-cbf9-2203deebd099.jpeg)', 'url': 'https://x.com/cyrilXBT/status/2005629089714233707', 'timestamp': '2025-12-29T13:16:52Z', 'engagement': {'likes': 71, 'replies': 7, 'retweets': 12}, 'mentioned': {'id': 8976405, 'uuid': '1c494f9d-23ac-b966-616e-157c0704f86b', 'author': {'handle': '@cyrilXBT', 'name': 'CyrilXBT', 'profile_image': 'https://img.membit.ai/v2/27376cd5-5ee1-77b7-f078-5080c767f9fc.jpeg'}, 'content': '$BTC is sitting at $87,523. We are in "Extreme Fear" (Index: 20).\n\n> After that $126k tease in October, the grind down has been painful.\n\nTime is currently a bigger source of pain than price. If we lose $84k, the floor drops.', 'timestamp': '2025-12-28T01:49:03Z'}, 'search_score': 0.47351865644524604}, {'id': 884559141, 'uuid': '2c088da8-9d5e-333e-0f4b-132cc36d47c8', 'author': {'handle': '@Bitcoinprof0637', 'name': 'Bitcoin professor', 'profile_image': ''}, 'content': 'Another day. \n\nExtreme fear again. \n\nInsanely bad sentiment for Crypto. https://t.co/y6mZXUP2Ae', 'url': 'https://x.com/Bitcoinprof0637/status/2005014296833520042', 'timestamp': '2025-12-27T20:33:54Z', 'engagement': {'likes': 68, 'replies': 16, 'retweets': 25}, 'mentioned': None, 'search_score': 0.46379692618211865}, {'id': 883966574, 'uuid': 'dc3f22a9-23f7-8f9c-57a2-71fd758d11d0', 'author': {'handle': '@Raydium', 'name': 'Raydium', 'profile_image': 'https://img.membit.ai/v2/a9ec27e4-7558-9383-3aeb-e70cb7f5306d.jpeg'}, 'content': 'It costs $0 to be bullish on crypto', 'url': 'https://x.com/Raydium/status/2004973697355096185', 'timestamp': '2025-12-27T17:52:34Z', 'engagement': {'likes': 832, 'replies': 343, 'retweets': 105}, 'mentioned': None, 'search_score': 0.46096919595003305}, {'id': 891598674, 'uuid': 'e58fdfa9-4c87-3562-57b7-10356e0a4fb0', 'author': {'handle': '@Bitcoin_Teddy', 'name': 'Bitcoin Teddy', 'profile_image': ''}, 'content': 'BUY #BITCOIN NOW https://t.co/2pvHaZD552', 'url': 'https://x.com/Bitcoin_Teddy/status/2005460511459312109', 'timestamp': '2025-12-29T02:07:00Z', 'engagement': {'likes': 129, 'replies': 25, 'retweets': 8}, 'mentioned': None, 'search_score': 0.46024205155005626}, {'id': 895492595, 'uuid': 'e60c1777-560e-a198-1a73-6e162bbef3ad', 'author': {'handle': '@LarkDavis', 'name': 'Lark Davis', 'profile_image': 'https://img.membit.ai/v2/a46be407-f859-c259-5ec2-1764e1c9a7ab.jpeg'}, 'content': 'The only fear is have is not having enough Bitcoin.', 'url': 'https://x.com/LarkDavis/status/2005684768025739312', 'timestamp': '2025-12-29T16:58:07Z', 'engagement': {'likes': 278, 'replies': 122, 'retweets': 25}, 'mentioned': None, 'search_score': 0.45929144737052874}]}
    [Membit] Found 10 posts
    [Tool] hold({"symbol": "BTC"})
  -> HOLD | 3 tools
[qwen-3-32b] (basic) - Portfolio: $9,985.58
    [Tool] get_portfolio({"symbol": "BTC"})
    [Tool] hold({"symbol": "BTC"})
  -> HOLD | 2 tools
[qwen-3-32b] (membit) - Portfolio: $9,993.18
    [Tool] get_portfolio({"symbol": "BTC"})
    [Tool] search_posts({"query": "BTC", "limit": 5})
    [Membit] post_search('BTC') raw response: {'posts': [{'id': 895235651, 'uuid': '2cb7648d-3d99-6e88-24e6-ba39ab340c46', 'author': {'handle': '@coingecko', 'name': 'CoinGecko', 'profile_image': 'https://img.membit.ai/v2/ee7990b1-344b-c1cd-e92e-50e8b4ac0e51.jpeg'}, 'content': 'GM', 'url': 'https://x.com/coingecko/status/2005672652006920561', 'timestamp': '2025-12-29T16:09:58Z', 'engagement': {'likes': 443, 'replies': 409, 'retweets': 17}, 'mentioned': None, 'search_score': 0.9330287326950143}, {'id': 888280252, 'uuid': 'd907a0ba-4d40-f2c8-5bcd-0cc005b8bb24', 'author': {'handle': '@yousef_ki1', 'name': 'Dr. Yousef 🇵🇸', 'profile_image': ''}, 'content': 'Boost', 'url': 'https://x.com/yousef_ki1/status/2005251011334885423', 'timestamp': '2025-12-28T12:14:31Z', 'engagement': {'likes': 1310, 'replies': 20, 'retweets': 265}, 'mentioned': None, 'search_score': 0.910484821680064}, {'id': 892886421, 'uuid': 'c3ec3c56-8535-4966-f055-10c15421d84f', 'author': {'handle': '@nacacaa_', 'name': 'nacaca', 'profile_image': 'https://pbs.twimg.com/profile_images/1877942254721196032/U-GHUwoj_normal.jpg'}, 'content': 'wow', 'url': 'https://x.com/nacacaa_/status/2005516727501885789', 'timestamp': '2025-12-29T05:50:23Z', 'engagement': {'likes': 200, 'replies': 121, 'retweets': 109}, 'mentioned': None, 'search_score': 0.888434312609427}, {'id': 893432882, 'uuid': 'e7d537c1-ad66-5fb4-53a9-73aa3b8b4836', 'author': {'handle': '@nacacaa_', 'name': 'nacaca', 'profile_image': 'https://pbs.twimg.com/profile_images/1877942254721196032/U-GHUwoj_normal.jpg'}, 'content': 'wow', 'url': 'https://x.com/nacacaa_/status/2005515514442084762', 'timestamp': '2025-12-29T05:45:33Z', 'engagement': {'likes': 132, 'replies': 121, 'retweets': 25}, 'mentioned': None, 'search_score': 0.8861426136901653}, {'id': 888540671, 'uuid': 'ba5fe996-3fe5-9163-9b34-9c35335ca0c2', 'author': {'handle': '@movie_tvshows_', 'name': 'Peak film moments', 'profile_image': 'https://img.membit.ai/v2/9c601f60-6556-637e-12b0-226e8705d01a.jpeg'}, 'content': 'Looper', 'url': 'https://x.com/movie_tvshows_/status/2005253648344051723', 'timestamp': '2025-12-28T12:25:00Z', 'engagement': {'likes': 2317, 'replies': 23, 'retweets': 84}, 'mentioned': None, 'search_score': 0.8835933985168255}]}
    [Membit] Found 5 posts
    [Tool] buy({"usd_amount": 575.0, "symbol": "BTC"})
  -> BUY | 3 tools

Saved: run_20251230_085021.json

====================================================================================================
  RUN SUMMARY - Actions Taken
====================================================================================================
Model                Mode     Action   Details                                                    Tools 
----------------------------------------------------------------------------------------------------
llama3.1-8b          basic    BUY      $876 @ $87,222 -> 0.010048 BTC                             2     
llama3.1-8b          membit   HOLD     Holding 0.114671 BTC ($10,002)                             2     
llama-3.3-70b        basic    HOLD     Holding 0.085795 BTC ($7,483)                              2     
llama-3.3-70b        membit   HOLD     Holding 0.105892 BTC ($9,236)                              3     
qwen-3-32b           basic    HOLD     Holding 0.057160 BTC ($4,986)                              2     
qwen-3-32b           membit   BUY      $575 @ $87,222 -> 0.006592 BTC                             3     
====================================================================================================

============================================================
  LEADERBOARD (BTC)
============================================================
Config                         Value        P&L          Return    
----------------------------------------------------------------
1. llama3.1-8b (membit)         $ 10,001.82 $     +1.82    +0.02%
2. qwen-3-32b (membit)          $  9,993.18 $     -6.82    -0.07%
3. llama-3.3-70b (membit)       $  9,986.07 $    -13.93    -0.14%
4. qwen-3-32b (basic)           $  9,985.58 $    -14.42    -0.14%
5. llama-3.3-70b (basic)        $  9,983.17 $    -16.83    -0.17%
6. llama3.1-8b (basic)          $  9,971.39 $    -28.61    -0.29%

  WINNER: llama3.1-8b (membit) with $+1.82 (+0.02%)

Next run at: 2025-12-30T09:50:21
Sleeping for 60 minutes...

############################################################
  RUN #9
############################################################

============================================================
  Trading Simulation Run: 2025-12-30T09:50:21.893124
  Symbol: BTC | Starting Capital: $10,000
============================================================

BTC Price: $86,958.13

[llama3.1-8b] (basic) - Portfolio: $9,943.88
    [Tool] get_portfolio({"symbol": "BTC"})
    [Tool] get_portfolio({"symbol": "BTC"})
    [Tool] buy({"usd_amount": 300.0, "symbol": "BTC"})
  -> BUY | 3 tools
[llama3.1-8b] (membit) - Portfolio: $9,971.56
    [Tool] get_portfolio({"symbol": "BTC"})
    [Tool] search_posts({"query": "BTC", "limit": 10})
    [Membit] post_search('BTC') raw response: {'posts': [{'id': 895235651, 'uuid': '2cb7648d-3d99-6e88-24e6-ba39ab340c46', 'author': {'handle': '@coingecko', 'name': 'CoinGecko', 'profile_image': 'https://img.membit.ai/v2/ee7990b1-344b-c1cd-e92e-50e8b4ac0e51.jpeg'}, 'content': 'GM', 'url': 'https://x.com/coingecko/status/2005672652006920561', 'timestamp': '2025-12-29T16:09:58Z', 'engagement': {'likes': 447, 'replies': 410, 'retweets': 18}, 'mentioned': None, 'search_score': 0.9330287326950143}, {'id': 888280252, 'uuid': 'd907a0ba-4d40-f2c8-5bcd-0cc005b8bb24', 'author': {'handle': '@yousef_ki1', 'name': 'Dr. Yousef 🇵🇸', 'profile_image': ''}, 'content': 'Boost', 'url': 'https://x.com/yousef_ki1/status/2005251011334885423', 'timestamp': '2025-12-28T12:14:31Z', 'engagement': {'likes': 1310, 'replies': 20, 'retweets': 265}, 'mentioned': None, 'search_score': 0.910484821680064}, {'id': 892886421, 'uuid': 'c3ec3c56-8535-4966-f055-10c15421d84f', 'author': {'handle': '@nacacaa_', 'name': 'nacaca', 'profile_image': 'https://pbs.twimg.com/profile_images/1877942254721196032/U-GHUwoj_normal.jpg'}, 'content': 'wow', 'url': 'https://x.com/nacacaa_/status/2005516727501885789', 'timestamp': '2025-12-29T05:50:23Z', 'engagement': {'likes': 200, 'replies': 121, 'retweets': 109}, 'mentioned': None, 'search_score': 0.888434312609427}, {'id': 893432882, 'uuid': 'e7d537c1-ad66-5fb4-53a9-73aa3b8b4836', 'author': {'handle': '@nacacaa_', 'name': 'nacaca', 'profile_image': 'https://pbs.twimg.com/profile_images/1877942254721196032/U-GHUwoj_normal.jpg'}, 'content': 'wow', 'url': 'https://x.com/nacacaa_/status/2005515514442084762', 'timestamp': '2025-12-29T05:45:33Z', 'engagement': {'likes': 132, 'replies': 121, 'retweets': 25}, 'mentioned': None, 'search_score': 0.8861426136901653}, {'id': 888540671, 'uuid': 'ba5fe996-3fe5-9163-9b34-9c35335ca0c2', 'author': {'handle': '@movie_tvshows_', 'name': 'Peak film moments', 'profile_image': 'https://img.membit.ai/v2/9c601f60-6556-637e-12b0-226e8705d01a.jpeg'}, 'content': 'Looper', 'url': 'https://x.com/movie_tvshows_/status/2005253648344051723', 'timestamp': '2025-12-28T12:25:00Z', 'engagement': {'likes': 2317, 'replies': 23, 'retweets': 84}, 'mentioned': None, 'search_score': 0.8835933985168255}, {'id': 885487420, 'uuid': 'fd177422-b7dc-9c06-acba-c41a552a50ac', 'author': {'handle': '@Asmongold', 'name': 'Zack', 'profile_image': 'https://img.membit.ai/v2/64b1f1fb-4470-2ab0-4714-5876597ccd5e.jpeg'}, 'content': 'same', 'url': 'https://x.com/Asmongold/status/2005030224287989826', 'timestamp': '2025-12-27T21:37:11Z', 'engagement': {'likes': 14703, 'replies': 426, 'retweets': 150}, 'mentioned': None, 'search_score': 0.8797417704192144}, {'id': 896177968, 'uuid': '53188ba3-6ac6-8ac7-4e31-fedcd74850d5', 'author': {'handle': '@elonmusk', 'name': 'Elon Musk', 'profile_image': 'https://img.membit.ai/v2/9d1aa8ee-8a8f-b3e7-fad9-1fc69956f2b9.jpeg'}, 'content': 'Yeah', 'url': 'https://x.com/elonmusk/status/2005734535640801302', 'timestamp': '2025-12-29T20:15:52Z', 'engagement': {'likes': 2292, 'replies': 195, 'retweets': 130}, 'mentioned': None, 'search_score': 0.8568852844875835}, {'id': 896030234, 'uuid': '9497a6fa-3f3c-0a19-1855-6ffe3fd10e8e', 'author': {'handle': '@elonmusk', 'name': 'Elon Musk', 'profile_image': 'https://img.membit.ai/v2/9d1aa8ee-8a8f-b3e7-fad9-1fc69956f2b9.jpeg'}, 'content': 'Yeah', 'url': 'https://x.com/elonmusk/status/2005724186103427087', 'timestamp': '2025-12-29T19:34:45Z', 'engagement': {'likes': 3083, 'replies': 179, 'retweets': 156}, 'mentioned': None, 'search_score': 0.8541612583667232}, {'id': 895793244, 'uuid': '1dbfd81d-4190-84b7-9d4b-56e070a3fd5c', 'author': {'handle': '@HalfLife3Out', 'name': 'Is Half-Life 3 Out?', 'profile_image': 'https://img.membit.ai/v2/44591b32-de1c-1d73-ad65-3476eb7b0010.jpeg'}, 'content': 'no', 'url': 'https://x.com/HalfLife3Out/status/2005702229320462406', 'timestamp': '2025-12-29T18:07:30Z', 'engagement': {'likes': 522, 'replies': 23, 'retweets': 28}, 'mentioned': None, 'search_score': 0.8466451943448288}, {'id': 895833619, 'uuid': '11781315-8cfc-91dc-bb7f-459049511cf0', 'author': {'handle': '@elonmusk', 'name': 'Elon Musk', 'profile_image': 'https://img.membit.ai/v2/9d1aa8ee-8a8f-b3e7-fad9-1fc69956f2b9.jpeg'}, 'content': 'Wow', 'url': 'https://x.com/elonmusk/status/2005709792082288697', 'timestamp': '2025-12-29T18:37:33Z', 'engagement': {'likes': 4984, 'replies': 242, 'retweets': 248}, 'mentioned': None, 'search_score': 0.822375099248982}]}
    [Membit] Found 10 posts
    [Tool] hold({"symbol": "BTC"})
  -> HOLD | 3 tools
[llama-3.3-70b] (basic) - Portfolio: $9,960.54
    [Tool] get_portfolio({"symbol": "BTC"})
    [Tool] hold({"symbol": "BTC"})
  -> HOLD | 2 tools
[llama-3.3-70b] (membit) - Portfolio: $9,958.13
    [Tool] get_portfolio({"symbol": "BTC"})
    [Tool] buy({"usd_amount": 500, "symbol": "BTC"})
  -> BUY | 2 tools
[qwen-3-32b] (basic) - Portfolio: $9,970.49
    [Tool] get_portfolio({"symbol": "BTC"})
  -> no action | 1 tools
[qwen-3-32b] (membit) - Portfolio: $9,978.61
    [Tool] get_portfolio({"symbol": "BTC"})
    [Tool] search_clusters({"query": "BTC", "limit": 5})
    [Membit] cluster_search('BTC') raw response: {'clusters': [{'label': 'Mezo Network $BTC DeFi Solutions', 'summary': "Mezo Network is building a Bitcoin-native economic layer that enables productive use of BTC without wrapping, bridging, or diluting it. The platform offers various services including lending, borrowing, and earning yield on Bitcoin with a focus on fixed rates and overcollateralization to minimize risk. Users can lock their BTC to earn rewards, access loans, and use Bitcoin as collateral. Mezo's approach prioritizes keeping BTC at the center of the system, enabling users to control their own 'onchain bank' and generate yield with minimal risk. The platform provides a fee-backed yield with a 100 BTC cap and 4% APY through its Prime Access program and has experienced significant growth with $73 million in TVL and 300% growth in one month since Mezo Earn launched.", 'category': 'Crypto', 'engagement_score': 8947.622484355972, 'search_score': 0.9126120706812139}, {'label': '$BTC long-term holder selling', 'summary': "There are conflicting reports on long-term Bitcoin holders' selling activity, with one indicating a massive sell-off of $300B worth of BTC in 2025, causing a 32% price drop, and another stating that long-term holders sold only 2.7K BTC in a day, the lowest in 2025, with the spot price around $87.8K.", 'category': 'Crypto', 'engagement_score': 7962.00196128591, 'search_score': 0.8149080903121737}, {'label': '$BTC long-term holder selling and supply in loss', 'summary': "Long-term Bitcoin holders are selling at a loss, with 6.6 million BTC currently held at a loss, potentially leading to increased volatility and sell pressure, however historical data suggests it's not at a major top; over 7 million BTC are now below breakeven with unrealized losses at cycle highs.", 'category': 'Crypto', 'engagement_score': 2477.914018856784, 'search_score': 0.8084865156698524}, {'label': 'MicroStrategy $MSTR $BTC Investment Strategy', 'summary': 'MicroStrategy, led by Michael Saylor, has acquired 1,229 BTC for approximately $108.8 million at an average price of $88,568 per bitcoin. The company now holds 672,497 BTC, acquired for around $50.44 billion at an average price of $74,997 per bitcoin. The investment has achieved a BTC yield of 23.2% year-to-date in 2025.', 'category': 'Business & Finance', 'engagement_score': 31024.903908081815, 'search_score': 0.8015191972394098}, {'label': '$BTC Whale Accumulation', 'summary': 'Large Bitcoin whales are aggressively accumulating the cryptocurrency with entities holding over 1,000 BTC seeing a significant increase, buying $23,500,000,000 worth in recent weeks. Whales are adding exposure while sentiment remains shaky, typically a sign of momentum returning. Bitfinex whales are also adding $BTC long positions reaching a 2-year high.', 'category': 'Crypto', 'engagement_score': 4282.2030689312705, 'search_score': 0.5931289075326891}]}
    [Membit] Found 5 clusters
  -> no action | 2 tools

Saved: run_20251230_095055.json

====================================================================================================
  RUN SUMMARY - Actions Taken
====================================================================================================
Model                Mode     Action   Details                                                    Tools 
----------------------------------------------------------------------------------------------------
llama3.1-8b          basic    BUY      $300 @ $86,958 -> 0.003450 BTC                             3     
llama3.1-8b          membit   HOLD     Holding 0.114671 BTC ($9,972)                              3     
llama-3.3-70b        basic    HOLD     Holding 0.085795 BTC ($7,461)                              2     
llama-3.3-70b        membit   BUY      $500 @ $86,958 -> 0.005750 BTC                             2     
qwen-3-32b           basic    NONE     No trade executed                                          1     
qwen-3-32b           membit   NONE     No trade executed                                          2     
====================================================================================================

============================================================
  LEADERBOARD (BTC)
============================================================
Config                         Value        P&L          Return    
----------------------------------------------------------------
1. qwen-3-32b (membit)          $  9,978.61 $    -21.39    -0.21%
2. llama3.1-8b (membit)         $  9,971.56 $    -28.44    -0.28%
3. qwen-3-32b (basic)           $  9,970.49 $    -29.51    -0.30%
4. llama-3.3-70b (basic)        $  9,960.54 $    -39.46    -0.39%
5. llama-3.3-70b (membit)       $  9,958.13 $    -41.87    -0.42%
6. llama3.1-8b (basic)          $  9,943.88 $    -56.12    -0.56%

  WINNER: qwen-3-32b (membit) with $-21.39 (-0.21%)

Next run at: 2025-12-30T10:50:55
Sleeping for 60 minutes...

############################################################
  RUN #10
############################################################

============================================================
  Trading Simulation Run: 2025-12-30T10:50:54.911443
  Symbol: BTC | Starting Capital: $10,000
============================================================

BTC Price: $87,243.64

[llama3.1-8b] (basic) - Portfolio: $9,974.63
    [Tool] get_portfolio({"symbol": "BTC"})
    [Tool] get_portfolio({"symbol": "BTC"})
    [Tool] buy({"usd_amount": 1000, "symbol": "BTC"})
    [Tool] get_portfolio({})
    [Tool] buy({"usd_amount": 576.4, "symbol": "BTC"})
  -> BUY | 5 tools
[llama3.1-8b] (membit) - Portfolio: $10,004.30
    [Tool] get_portfolio({"symbol": "BTC"})
    [Tool] search_posts({"query": "BTC", "limit": 10})
    [Membit] post_search('BTC') raw response: {'posts': [{'id': 895235651, 'uuid': '2cb7648d-3d99-6e88-24e6-ba39ab340c46', 'author': {'handle': '@coingecko', 'name': 'CoinGecko', 'profile_image': 'https://img.membit.ai/v2/ee7990b1-344b-c1cd-e92e-50e8b4ac0e51.jpeg'}, 'content': 'GM', 'url': 'https://x.com/coingecko/status/2005672652006920561', 'timestamp': '2025-12-29T16:09:58Z', 'engagement': {'likes': 455, 'replies': 411, 'retweets': 18}, 'mentioned': None, 'search_score': 0.9330287326950143}, {'id': 888280252, 'uuid': 'd907a0ba-4d40-f2c8-5bcd-0cc005b8bb24', 'author': {'handle': '@yousef_ki1', 'name': 'Dr. Yousef 🇵🇸', 'profile_image': ''}, 'content': 'Boost', 'url': 'https://x.com/yousef_ki1/status/2005251011334885423', 'timestamp': '2025-12-28T12:14:31Z', 'engagement': {'likes': 1310, 'replies': 20, 'retweets': 265}, 'mentioned': None, 'search_score': 0.910484821680064}, {'id': 892886421, 'uuid': 'c3ec3c56-8535-4966-f055-10c15421d84f', 'author': {'handle': '@nacacaa_', 'name': 'nacaca', 'profile_image': 'https://pbs.twimg.com/profile_images/1877942254721196032/U-GHUwoj_normal.jpg'}, 'content': 'wow', 'url': 'https://x.com/nacacaa_/status/2005516727501885789', 'timestamp': '2025-12-29T05:50:23Z', 'engagement': {'likes': 200, 'replies': 121, 'retweets': 109}, 'mentioned': None, 'search_score': 0.888434312609427}, {'id': 893432882, 'uuid': 'e7d537c1-ad66-5fb4-53a9-73aa3b8b4836', 'author': {'handle': '@nacacaa_', 'name': 'nacaca', 'profile_image': 'https://pbs.twimg.com/profile_images/1877942254721196032/U-GHUwoj_normal.jpg'}, 'content': 'wow', 'url': 'https://x.com/nacacaa_/status/2005515514442084762', 'timestamp': '2025-12-29T05:45:33Z', 'engagement': {'likes': 132, 'replies': 121, 'retweets': 25}, 'mentioned': None, 'search_score': 0.8861426136901653}, {'id': 888540671, 'uuid': 'ba5fe996-3fe5-9163-9b34-9c35335ca0c2', 'author': {'handle': '@movie_tvshows_', 'name': 'Peak film moments', 'profile_image': 'https://img.membit.ai/v2/9c601f60-6556-637e-12b0-226e8705d01a.jpeg'}, 'content': 'Looper', 'url': 'https://x.com/movie_tvshows_/status/2005253648344051723', 'timestamp': '2025-12-28T12:25:00Z', 'engagement': {'likes': 2317, 'replies': 23, 'retweets': 84}, 'mentioned': None, 'search_score': 0.8835933985168255}, {'id': 885487420, 'uuid': 'fd177422-b7dc-9c06-acba-c41a552a50ac', 'author': {'handle': '@Asmongold', 'name': 'Zack', 'profile_image': 'https://img.membit.ai/v2/64b1f1fb-4470-2ab0-4714-5876597ccd5e.jpeg'}, 'content': 'same', 'url': 'https://x.com/Asmongold/status/2005030224287989826', 'timestamp': '2025-12-27T21:37:11Z', 'engagement': {'likes': 14703, 'replies': 426, 'retweets': 150}, 'mentioned': None, 'search_score': 0.8797417704192144}, {'id': 896177968, 'uuid': '53188ba3-6ac6-8ac7-4e31-fedcd74850d5', 'author': {'handle': '@elonmusk', 'name': 'Elon Musk', 'profile_image': 'https://img.membit.ai/v2/9d1aa8ee-8a8f-b3e7-fad9-1fc69956f2b9.jpeg'}, 'content': 'Yeah', 'url': 'https://x.com/elonmusk/status/2005734535640801302', 'timestamp': '2025-12-29T20:15:52Z', 'engagement': {'likes': 2421, 'replies': 200, 'retweets': 132}, 'mentioned': None, 'search_score': 0.8568852844875835}, {'id': 896030234, 'uuid': '9497a6fa-3f3c-0a19-1855-6ffe3fd10e8e', 'author': {'handle': '@elonmusk', 'name': 'Elon Musk', 'profile_image': 'https://img.membit.ai/v2/9d1aa8ee-8a8f-b3e7-fad9-1fc69956f2b9.jpeg'}, 'content': 'Yeah', 'url': 'https://x.com/elonmusk/status/2005724186103427087', 'timestamp': '2025-12-29T19:34:45Z', 'engagement': {'likes': 3235, 'replies': 185, 'retweets': 160}, 'mentioned': None, 'search_score': 0.8541612583667232}, {'id': 895793244, 'uuid': '1dbfd81d-4190-84b7-9d4b-56e070a3fd5c', 'author': {'handle': '@HalfLife3Out', 'name': 'Is Half-Life 3 Out?', 'profile_image': 'https://img.membit.ai/v2/44591b32-de1c-1d73-ad65-3476eb7b0010.jpeg'}, 'content': 'no', 'url': 'https://x.com/HalfLife3Out/status/2005702229320462406', 'timestamp': '2025-12-29T18:07:30Z', 'engagement': {'likes': 522, 'replies': 23, 'retweets': 28}, 'mentioned': None, 'search_score': 0.8466451943448288}, {'id': 896375860, 'uuid': 'f2b753ac-c604-8011-4877-0bd2c711dc7e', 'author': {'handle': '@miinapooh', 'name': 'mina', 'profile_image': 'https://img.membit.ai/v2/ed98ac48-0e38-60a1-6397-8363ac737199.jpeg'}, 'content': 'hi', 'url': 'https://x.com/miinapooh/status/2005743243539947538', 'timestamp': '2025-12-29T20:50:28Z', 'engagement': {'likes': 1427, 'replies': 32, 'retweets': 31}, 'mentioned': None, 'search_score': 0.8431568742780465}]}
    [Membit] Found 10 posts
    [Tool] hold({"symbol": "BTC"})
  -> HOLD | 3 tools
[llama-3.3-70b] (basic) - Portfolio: $9,985.03
    [Tool] get_portfolio({"symbol": "BTC"})
    [Tool] hold({"symbol": "BTC"})
  -> HOLD | 2 tools
[llama-3.3-70b] (membit) - Portfolio: $9,990.00
    [Tool] get_portfolio({"symbol": "BTC"})
    [Tool] search_posts({"query": "BTC market sentiment", "limit": 10})
    [Membit] post_search('BTC market sentiment') raw response: {'posts': [{'id': 895486765, 'uuid': 'd17daff1-5184-2219-f062-06f2de48fb93', 'author': {'handle': '@AdamBLiv', 'name': 'Adam Livingston', 'profile_image': 'https://img.membit.ai/v2/b76b733c-c3f9-08a3-2364-9eb8c56e83cb.jpeg'}, 'content': "There is literally zero reason to be bearish on Bitcoin.\n\nIf you are, you don't understand it enough.\n\nGet back to work.", 'url': 'https://x.com/AdamBLiv/status/2005675731284795412', 'timestamp': '2025-12-29T16:22:12Z', 'engagement': {'likes': 397, 'replies': 102, 'retweets': 34}, 'mentioned': None, 'search_score': 0.5207178483909664}, {'id': 889564195, 'uuid': 'fd9959b4-e37c-e1a7-81b6-b72a02ee5d8e', 'author': {'handle': '@BobLoukas', 'name': 'Bob Loukas ', 'profile_image': 'https://img.membit.ai/v2/2c4cbe69-229e-08fe-e3bf-7a2c8e779ad9.jpeg'}, 'content': 'Have very mixed feeling on Bitcoin currently.  \n\nSentiment is in the gutter and we could argue overdue some type of strong countertrend rally. \n\nYet, I really dislike the price action, the tape feel (for me) is one wanting to start another big leg lower.', 'url': 'https://x.com/BobLoukas/status/2005330899899121670', 'timestamp': '2025-12-28T17:31:58Z', 'engagement': {'likes': 1356, 'replies': 190, 'retweets': 57}, 'mentioned': None, 'search_score': 0.5072364937563388}, {'id': 883596571, 'uuid': 'f2205332-b167-4f05-343b-3f1c381da500', 'author': {'handle': '@Bobby_1111888', 'name': 'Bobby A', 'profile_image': 'https://img.membit.ai/v2/904136fe-d96c-3a57-49aa-f7ed8a280acc.jpeg'}, 'content': "BTC is bottoming right before your very eyes, but you're bearish and poor. Have fun.", 'url': 'https://x.com/Bobby_1111888/status/2004942221947318553', 'timestamp': '2025-12-27T15:47:30Z', 'engagement': {'likes': 697, 'replies': 56, 'retweets': 30}, 'mentioned': None, 'search_score': 0.49864366410748784}, {'id': 884375682, 'uuid': '3a1a60be-899f-a0c9-37d7-a418104fb0a0', 'author': {'handle': '@AshCrypto', 'name': 'Ash Crypto', 'profile_image': 'https://img.membit.ai/v2/3ef3b124-f6ef-9f31-b334-347c6328b23e.jpeg'}, 'content': 'This is the worst sentiment I have ever seen in crypto and I have seen a lot of shit since 2016.', 'url': 'https://x.com/AshCrypto/status/2005002810325352662', 'timestamp': '2025-12-27T19:48:15Z', 'engagement': {'likes': 1306, 'replies': 339, 'retweets': 82}, 'mentioned': None, 'search_score': 0.4849307898644395}, {'id': 883652216, 'uuid': 'b2eed3cf-9350-25de-dc70-88a357dbf744', 'author': {'handle': '@alexstanczyk', 'name': 'Alex Stanczyk ∞/21m', 'profile_image': 'https://img.membit.ai/v2/a5fe18c5-04de-b899-64f2-a29e11a6733d.jpeg'}, 'content': 'The amount of dunking on pro bitcoin posts on X appears to be reaching epic levels.\n\nThe amount of capitulation as well. I have seen long term holders who have sold or are considering selling.\n\nI have never seen sentiment this bad in the last 5 years.\n\nBullish AF.', 'url': 'https://x.com/alexstanczyk/status/2004906351999549587', 'timestamp': '2025-12-27T13:24:58Z', 'engagement': {'likes': 330, 'replies': 72, 'retweets': 9}, 'mentioned': None, 'search_score': 0.4740970567195819}, {'id': 894866410, 'uuid': '7677f0ad-8796-2aa1-4b2b-ad002cdb79b2', 'author': {'handle': '@cyrilXBT', 'name': 'CyrilXBT', 'profile_image': 'https://img.membit.ai/v2/27376cd5-5ee1-77b7-f078-5080c767f9fc.jpeg'}, 'content': 'Well I guess not $BTC \n\n![image](https://img.membit.ai/v2/d13a310f-c322-dca0-29ce-05dddf157828.jpeg)\n\n![image](https://img.membit.ai/v2/5f286eb0-14ef-643e-cbf9-2203deebd099.jpeg)', 'url': 'https://x.com/cyrilXBT/status/2005629089714233707', 'timestamp': '2025-12-29T13:16:52Z', 'engagement': {'likes': 71, 'replies': 7, 'retweets': 12}, 'mentioned': {'id': 8976405, 'uuid': '1c494f9d-23ac-b966-616e-157c0704f86b', 'author': {'handle': '@cyrilXBT', 'name': 'CyrilXBT', 'profile_image': 'https://img.membit.ai/v2/27376cd5-5ee1-77b7-f078-5080c767f9fc.jpeg'}, 'content': '$BTC is sitting at $87,523. We are in "Extreme Fear" (Index: 20).\n\n> After that $126k tease in October, the grind down has been painful.\n\nTime is currently a bigger source of pain than price. If we lose $84k, the floor drops.', 'timestamp': '2025-12-28T01:49:03Z'}, 'search_score': 0.47351865644524604}, {'id': 884559141, 'uuid': '2c088da8-9d5e-333e-0f4b-132cc36d47c8', 'author': {'handle': '@Bitcoinprof0637', 'name': 'Bitcoin professor', 'profile_image': ''}, 'content': 'Another day. \n\nExtreme fear again. \n\nInsanely bad sentiment for Crypto. https://t.co/y6mZXUP2Ae', 'url': 'https://x.com/Bitcoinprof0637/status/2005014296833520042', 'timestamp': '2025-12-27T20:33:54Z', 'engagement': {'likes': 68, 'replies': 16, 'retweets': 25}, 'mentioned': None, 'search_score': 0.46379692618211865}, {'id': 891598674, 'uuid': 'e58fdfa9-4c87-3562-57b7-10356e0a4fb0', 'author': {'handle': '@Bitcoin_Teddy', 'name': 'Bitcoin Teddy', 'profile_image': ''}, 'content': 'BUY #BITCOIN NOW https://t.co/2pvHaZD552', 'url': 'https://x.com/Bitcoin_Teddy/status/2005460511459312109', 'timestamp': '2025-12-29T02:07:00Z', 'engagement': {'likes': 129, 'replies': 25, 'retweets': 8}, 'mentioned': None, 'search_score': 0.46024205155005626}, {'id': 895492595, 'uuid': 'e60c1777-560e-a198-1a73-6e162bbef3ad', 'author': {'handle': '@LarkDavis', 'name': 'Lark Davis', 'profile_image': 'https://img.membit.ai/v2/a46be407-f859-c259-5ec2-1764e1c9a7ab.jpeg'}, 'content': 'The only fear is have is not having enough Bitcoin.', 'url': 'https://x.com/LarkDavis/status/2005684768025739312', 'timestamp': '2025-12-29T16:58:07Z', 'engagement': {'likes': 300, 'replies': 126, 'retweets': 27}, 'mentioned': None, 'search_score': 0.45929144737052874}, {'id': 881999289, 'uuid': '769f69da-65a0-10fd-a50c-84e225aa86d2', 'author': {'handle': '@Meowth_BTC', 'name': 'ニャース', 'profile_image': 'https://img.membit.ai/v2/7623b1e4-d805-d9fe-b9b3-8958c803e784.jpeg'}, 'content': '現在\n１BTC←うおお！すげえ！超羨ましい！\n0.1BTC←良いね\n\n10年後\n0.1BTC←うおお！すげえ！超羨ましい！\n0.01BTC←良いね\n\n20年後\n0.01BTC←うおお！すげえ！超羨ましい！\n0.001BTC←良いね\n\n本気でこうなると思ってるニャー！', 'url': 'https://x.com/Meowth_BTC/status/2004779273404781039', 'timestamp': '2025-12-27T05:00:00Z', 'engagement': {'likes': 791, 'replies': 29, 'retweets': 30}, 'mentioned': None, 'search_score': 0.45764692842879373}]}
    [Membit] Found 10 posts
    [Tool] hold({"symbol": "BTC"})
  -> HOLD | 3 tools
[qwen-3-32b] (basic) - Portfolio: $9,986.81
    [Tool] get_portfolio({"symbol": "BTC"})
    [Tool] get_portfolio({"symbol": "BTC"})
    [Tool] buy({"usd_amount": 2500, "symbol": "BTC"})
  -> BUY | 3 tools
[qwen-3-32b] (membit) - Portfolio: $9,994.38
    [Tool] get_portfolio({"symbol": "BTC"})
  -> no action | 1 tools

Saved: run_20251230_105122.json

====================================================================================================
  RUN SUMMARY - Actions Taken
====================================================================================================
Model                Mode     Action   Details                                                    Tools 
----------------------------------------------------------------------------------------------------
llama3.1-8b          basic    BUY      $576 @ $87,244 -> 0.006607 BTC                             5     
llama3.1-8b          membit   HOLD     Holding 0.114671 BTC ($10,004)                             3     
llama-3.3-70b        basic    HOLD     Holding 0.085795 BTC ($7,485)                              2     
llama-3.3-70b        membit   HOLD     Holding 0.111641 BTC ($9,740)                              3     
qwen-3-32b           basic    BUY      $2,500 @ $87,244 -> 0.028655 BTC                           3     
qwen-3-32b           membit   NONE     No trade executed                                          1     
====================================================================================================

============================================================
  LEADERBOARD (BTC)
============================================================
Config                         Value        P&L          Return    
----------------------------------------------------------------
1. llama3.1-8b (membit)         $ 10,004.30 $     +4.30    +0.04%
2. qwen-3-32b (membit)          $  9,994.38 $     -5.62    -0.06%
3. llama-3.3-70b (membit)       $  9,990.00 $    -10.00    -0.10%
4. qwen-3-32b (basic)           $  9,986.81 $    -13.19    -0.13%
5. llama-3.3-70b (basic)        $  9,985.03 $    -14.97    -0.15%
6. llama3.1-8b (basic)          $  9,974.63 $    -25.37    -0.25%

  WINNER: llama3.1-8b (membit) with $+4.30 (+0.04%)

Next run at: 2025-12-30T11:51:22
Sleeping for 60 minutes...


Scheduler stopped by user.
